url,file,status,detail
"https://static-assets.artlogic.net/w_1600,h_1600,c_limit,f_auto,fl_lossy,q_auto/ws-pilevneli/usr/images/artists/artwork_image_for_artists_page/items/d4/d487cc2843be4ccaa9d701f8eb7cc9bf/lovelessness17-copy.jpeg",media/6ed871e892cc733183a093a0.jpeg,saved,107514
"https://static-assets.artlogic.net/w_1600,h_1600,c_limit,f_auto,fl_lossy,q_auto/ws-pilevneli/usr/images/artists/artwork_image_for_artists_page/items/a2/a2c419b4a9484d34ae59f5fe20e1354c/edit-ba021_neo_2023_tuval_u-zerine_yag-l-_boya_80x200cm_-ba021-.jpg",media/18ecc8d9e1878a64da5880d4.jpg,saved,33272
"https://static-assets.artlogic.net/w_1600,h_1600,c_limit,f_auto,fl_lossy,q_auto/ws-pilevneli/usr/images/artists/artwork_image_for_artists_page/items/06/063872bc720e44a29e18849c0bfffb15/pilevneli-gallery-9-1-edit-2.jpg",media/60032a919b51a0625b12cec2.jpg,saved,407770
"https://static-assets.artlogic.net/w_1600,h_1600,c_limit,f_auto,fl_lossy,q_auto/ws-pilevneli/usr/images/artists/artwork_image_for_artists_page/items/a6/a644d561d0ff4ba99b0c4baf0ca41319/rfk.jpeg",media/76fbecbb4fbe451c0cd869ba.jpeg,saved,159330
"https://static-assets.artlogic.net/w_1600,h_1600,c_limit,f_auto,fl_lossy,q_auto/ws-pilevneli/usr/images/artists/artwork_image_for_artists_page/items/2f/2fbb98cef04048b591cc0e616a5d1ca3/_t7a1944.jpg",media/c11fdd2a680d5fa9267a0153.jpg,saved,491982
"https://static-assets.artlogic.net/w_1600,h_1600,c_limit,f_auto,fl_lossy,q_auto/ws-pilevneli/usr/images/artists/artwork_image_for_artists_page/items/37/37750f6e6303465f91ec0e1cfb91e6de/7.-kinbaku01.jpg",media/f15ab6fc9f6f75179f178af5.jpg,saved,141454
"https://static-assets.artlogic.net/w_1600,h_1600,c_limit,f_auto,fl_lossy,q_auto/ws-pilevneli/usr/images/artists/artwork_image_for_artists_page/items/ff/ffb100e78c964d6988ad9071f8073a3b/lal-batman-mekanl-.jpg",media/e797c735e5cdab1b64d14cd3.jpg,saved,570934
"https://static-assets.artlogic.net/w_1600,h_1600,c_limit,f_auto,fl_lossy,q_auto/ws-pilevneli/usr/images/artists/artwork_image_for_artists_page/items/29/290da8c4bb36400796314c9e78bf6e92/hussein_chalayan-818x523.jpg",media/5daea38b9d4897acd5250eb9.jpg,saved,18602
"https://static-assets.artlogic.net/w_1600,h_1600,c_limit,f_auto,fl_lossy,q_auto/ws-pilevneli/usr/images/artists/artwork_image_for_artists_page/items/47/47cb762773a24f87a48dd9ee91ebe897/johancreten_glory-edit-dnm.jpg",media/dcbc53c43cd2b371519029e2.jpg,saved,329082
"https://static-assets.artlogic.net/w_1600,h_1600,c_limit,f_auto,fl_lossy,q_auto/ws-pilevneli/usr/images/artists/artwork_image_for_artists_page/items/72/72d594c7c3c64128abcec461153c887b/wd024-image.jpg",media/2957870be70728f2e3df6b60.jpg,saved,125458
"https://static-assets.artlogic.net/w_1600,h_1600,c_limit,f_auto,fl_lossy,q_auto/ws-pilevneli/usr/images/artists/artwork_image_for_artists_page/items/6c/6c2df078d2044a8c9c494b049741a2ec/ekran-resmi-2026-02-14-14.01.11.png",media/0d20fb4e1195fc0392656f35.png,saved,295078
"https://static-assets.artlogic.net/w_1600,h_1600,c_limit,f_auto,fl_lossy,q_auto/ws-pilevneli/usr/images/artists/artwork_image_for_artists_page/items/82/82bf507a03364b7bb12e4152c2015ff1/gand210020_005.1-1-.jpeg",media/0ffbfef3911d0d96268586b6.jpeg,saved,39846
"https://static-assets.artlogic.net/w_1600,h_1600,c_limit,f_auto,fl_lossy,q_auto/ws-pilevneli/usr/images/artists/artwork_image_for_artists_page/items/bf/bf36955c45fb4917b0a46a758553e698/family-series-photo-camilla-santini-a.jpg",media/8471acbd84d6c958aaccc016.jpg,saved,68966
"https://static-assets.artlogic.net/w_1600,h_1600,c_limit,f_auto,fl_lossy,q_auto/ws-pilevneli/usr/images/artists/artwork_image_for_artists_page/items/8a/8a9fe6218223448bae3b0fb728f5b408/mehmet-kaz-m7.jpeg",media/d4b67d549e02cd15ab039587.jpeg,saved,79970
"https://static-assets.artlogic.net/w_1600,h_1600,c_limit,f_auto,fl_lossy,q_auto/ws-pilevneli/usr/images/artists/artwork_image_for_artists_page/items/e9/e9352350551d45d9a0b32dad24d817d9/img_3470.jpg",media/1dc2aa96bd8a387619d010d2.jpg,saved,205032
"https://static-assets.artlogic.net/w_1600,h_1600,c_limit,f_auto,fl_lossy,q_auto/ws-pilevneli/usr/images/artists/artwork_image_for_artists_page/items/8f/8f8134cdf5b8432faf1f60d4e23e49d7/dk_laundry_pear-drop_right-side-5.jpg",media/14d8d3a08ddcace8462a5f4b.jpg,saved,230776
"https://static-assets.artlogic.net/w_1600,h_1600,c_limit,f_auto,fl_lossy,q_auto/ws-pilevneli/usr/images/artists/artwork_image_for_artists_page/items/1a/1a1d374299a8413983745888e5a84ce8/josh-tony-matelli-sculpture-2010-v0-2xycftffgfy81-edit.jpg",media/156700c4ac56f5ab15665100.jpg,saved,74234
"https://static-assets.artlogic.net/w_1600,h_1600,c_limit,f_auto,fl_lossy,q_auto/ws-pilevneli/usr/images/artists/artwork_image_for_artists_page/items/9d/9d6f460c8b084c47affd652999c8401f/untitled-design-2.jpg",media/4a16fd0f8554e36128a51e5a.jpg,saved,350100
"https://static-assets.artlogic.net/w_1600,h_1600,c_limit,f_auto,fl_lossy,q_auto/ws-pilevneli/usr/images/artists/artwork_image_for_artists_page/items/e6/e632da13826c44fa9cbb7e01b6933dfb/dsd_8637-1-edit.jpg",media/a573f745b4627df216d20ed1.jpg,saved,117402
"https://static-assets.artlogic.net/w_1600,h_1600,c_limit,f_auto,fl_lossy,q_auto/ws-pilevneli/usr/images/artists/artwork_image_for_artists_page/items/60/602e05c35c4c463ab2ab113e384f304c/monument2_1020m.jpg",media/caf770d04c6c5fe684b690c0.jpg,saved,282286
"https://static-assets.artlogic.net/w_1600,h_1600,c_limit,f_auto,fl_lossy,q_auto/ws-pilevneli/usr/images/artists/artwork_image_for_artists_page/items/cb/cb3b058a76f5437b94ce8ce4e28d93f3/boz-02-2023_2023_oil_on_canvas_200x360cm_fn31.jpg",media/60d8e255e2bf50f669e30bbc.jpg,saved,61268
"https://static-assets.artlogic.net/w_1600,h_1600,c_limit,f_auto,fl_lossy,q_auto/ws-pilevneli/usr/images/artists/artwork_image_for_artists_page/items/74/74d35a3fcaeb4f05b2e1ec9122ec1cb5/screenshot-2024-10-17-at-12.39.11.png",media/dd93daa6fd99a8113a403111.png,saved,130930
"https://static-assets.artlogic.net/w_1600,h_1600,c_limit,f_auto,fl_lossy,q_auto/ws-pilevneli/usr/images/artists/artwork_image_for_artists_page/items/d0/d006379da7734c15b6e9eb571fe5950b/250324_serkan_sarier-052-work_a4-edit.jpg",media/1be1ea48122e8bf2fd38c23d.jpg,saved,383090
"https://static-assets.artlogic.net/w_1600,h_1600,c_limit,f_auto,fl_lossy,q_auto/ws-pilevneli/usr/images/artists/artwork_image_for_artists_page/items/73/73dbdae45df54d17a9c8187e6844333a/tt098-image.png",media/8d5a69129ca5230ad4c42932.png,saved,507184
"https://static-assets.artlogic.net/w_1600,h_1600,c_limit,f_auto,fl_lossy,q_auto/ws-pilevneli/usr/images/artists/artwork_image_for_artists_page/items/f0/f0323f97dac044c1bc029a0b8d57d5f2/19399-a-2-1-.jpg",media/bacd3834b28c6d9f06a61d63.jpg,saved,55562
"https://static-assets.artlogic.net/w_1600,h_1600,c_limit,f_auto,fl_lossy,q_auto/ws-pilevneli/usr/images/artists/artwork_image_for_artists_page/items/d8/d8ba9b9ec9a84ab6b1ad6a916c00a1d0/untitled-design-2-.jpg",media/f405b0c8f5729ddea272dfcb.jpg,saved,54132
"https://static-assets.artlogic.net/w_1600,h_1600,c_limit,f_auto,fl_lossy,q_auto/ws-pilevneli/usr/images/artists/group_images_override/items/7f/7fc6287a3539453bb5c141205eb31805/ez_portre-10-hadiye-cango-kc-e-.jpeg",media/afa0f32e2bbffd9d96ed03d3.jpeg,saved,254032
"https://static-assets.artlogic.net/w_1600,h_1600,c_limit,f_auto,fl_lossy,q_auto/artlogicstorage/pilevneligallery/images/view/cefbb2fc7c2715c203ecfabb942ebefej/p-levnel-erdo-an-z-mr-to-lu-uncanny-2023.jpg",media/edd41b42639bf893bedfcdab.jpg,saved,252634
"https://static-assets.artlogic.net/w_1600,h_1600,c_limit,f_auto,fl_lossy,q_auto/artlogicstorage/pilevneligallery/images/view/aba91bf59147d940c6d3802109043fa4p/p-levnel-erdo-an-z-mr-to-lu-bets-are-closed..-2020.png",media/cb901e5bd7201bfb200e3c1c.png,saved,82892
"https://static-assets.artlogic.net/w_1600,h_1600,c_limit,f_auto,fl_lossy,q_auto/artlogicstorage/pilevneligallery/images/view/9f03e0bf38d2122a70be1e92dc010738j/p-levnel-erdo-an-z-mr-to-lu-noone-s-gaze-2020.jpg",media/b3e60ee1dc7be84c53a98c81.jpg,saved,142552
"https://static-assets.artlogic.net/w_1600,h_1600,c_limit,f_auto,fl_lossy,q_auto/artlogicstorage/pilevneligallery/images/view/2a402a07963e85f769d010d9287e1ebcj/p-levnel-erdo-an-z-mr-to-lu-brahim-in-hi-mi-su-u-yok-i-has-abraham-no-single-fault-i-2019.jpg",media/c0e771a62fb27a23050ebab0.jpg,saved,193260
"https://static-assets.artlogic.net/w_1600,h_1600,c_limit,f_auto,fl_lossy,q_auto/artlogicstorage/pilevneligallery/images/view/a2b1973e22a3d780cd5497d65fb73761j/p-levnel-erdo-an-z-mr-to-lu-kefaret-tribi-i-attitudinizing-penance-i-2018.jpg",media/06c7103a9c8248a12c6cbedf.jpg,saved,214662
"https://static-assets.artlogic.net/w_1600,h_1600,c_limit,f_auto,fl_lossy,q_auto/artlogicstorage/pilevneligallery/images/view/8dc36e5fd090cdc0bc14a495dd96f371j/p-levnel-erdo-an-z-mr-to-lu-kefaret-tribi-iii-attitudinizing-penance-iii-2018.jpg",media/8ef125371949c546f64e2dfd.jpg,saved,169854
"https://static-assets.artlogic.net/w_1600,h_1600,c_limit,f_auto,fl_lossy,q_auto/artlogicstorage/pilevneligallery/images/view/f25000e305d3c66f47916a2a17546ba9j/p-levnel-erdo-an-z-mr-to-lu-tehdit-ve-mugalata-i-threat-and-fallacy-i-2018.jpg",media/30af06b05e20b38569e117f9.jpg,saved,433569
"https://static-assets.artlogic.net/w_1600,h_1600,c_limit,f_auto,fl_lossy,q_auto/artlogicstorage/pilevneligallery/images/view/7d9635df425db4f82626e1b195f2df7dp/p-levnel-erdo-an-z-mr-to-lu-sana-da-m-s-ylemediler-didn-t-they-tell-you-either-2017.png",media/0d8d79a3f2ba95156f06c9e8.png,saved,149972
"https://static-assets.artlogic.net/w_1600,h_1600,c_limit,f_auto,fl_lossy,q_auto/artlogicstorage/pilevneligallery/images/view/06ac59362e2a02fdfee98029eef4c82fp/p-levnel-erdo-an-z-mr-to-lu-not-2017.png",media/0bd5ff853e2fb9a9e5312e3e.png,saved,164268
"https://static-assets.artlogic.net/w_1600,h_1600,c_limit,f_auto,fl_lossy,q_auto/artlogicstorage/pilevneligallery/images/view/2fc27fb411ebe09884ac183540d45a50p/p-levnel-erdo-an-z-mr-to-lu-kutsal-pazarl-k-arshile-gorky-e-sayg-holy-bargaining-for-arshile-gorky-2017.png",media/440dbd50ccb391956ebbe9fb.png,saved,115650
"https://static-assets.artlogic.net/w_1600,h_1600,c_limit,f_auto,fl_lossy,q_auto/artlogicstorage/pilevneligallery/images/view/b545da8b54452aac8051d34530fda1ebj/p-levnel-erdo-an-z-mr-to-lu-r-kl-k-kantat-iii-rottenness-cantata-iii-2017.jpg",media/14ac02fac956005a314eb8d2.jpg,saved,72822
"https://static-assets.artlogic.net/w_1600,h_1600,c_limit,f_auto,fl_lossy,q_auto/artlogicstorage/pilevneligallery/images/view/38e55c6d05e445fa8d9467b93749b4f7j/p-levnel-erdo-an-z-mr-to-lu-rottenness-cantata-ix-2017.jpg",media/e4fe91f95cd28835eabadf71.jpg,saved,281596
"https://static-assets.artlogic.net/w_1600,h_1600,c_limit,f_auto,fl_lossy,q_auto/artlogicstorage/pilevneligallery/images/view/df4276cefa77957c3f674295f8d8f17fj/p-levnel-erdo-an-z-mr-to-lu-tehdit-ve-mugalata-ii-threat-and-fallacy-ii-2018.jpg",media/31071f5e3183f3875838ed3e.jpg,saved,516944
"https://static-assets.artlogic.net/w_1600,h_1600,c_limit,f_auto,fl_lossy,q_auto/artlogicstorage/pilevneligallery/images/view/adda2d68d175be0fa7a6961e7b94d379p/p-levnel-erdo-an-z-mr-to-lu-i-sell-oil-i-sell-honey-my-master-died-i-must-sell-them-i-2019.png",media/e84d6f4d3bca651c4e933d35.png,saved,151390
"https://static-assets.artlogic.net/w_1600,h_1600,c_limit,f_auto,fl_lossy,q_auto/artlogicstorage/pilevneligallery/images/view/6dcf1fff42ef254c31938ba27a3355e3p/p-levnel-erdo-an-z-mr-to-lu-i-sell-oil-i-sell-honey-my-master-died-i-must-sell-them-ii-2019.png",media/24e7846389516dd13016243f.png,saved,144360
"https://static-assets.artlogic.net/w_1600,h_1600,c_limit,f_auto,fl_lossy,q_auto/artlogicstorage/pilevneligallery/images/view/02f79181447b48e2269c09e1c6c5dc51p/p-levnel-erdo-an-z-mr-to-lu-ya-satar-m-bal-satar-m-ustam-lmu-ben-satar-m-iii-sell-oil-i-sell-honey-my-master-died-i-must-sell-them-iii-2019.png",media/2335aee22425f7f02b47fad4.png,saved,121328
"https://static-assets.artlogic.net/w_1600,h_1600,c_limit,f_auto,fl_lossy,q_auto/artlogicstorage/pilevneligallery/images/view/7a275e8e739e5fd8d80beef80dee8192j/p-levnel-erdo-an-z-mr-to-lu-tarih-mele-i-angel-of-history-2019.jpg",media/7f3eaa14dc7348ac0821d4fb.jpg,saved,520172
"https://static-assets.artlogic.net/w_1600,h_1600,c_limit,f_auto,fl_lossy,q_auto/artlogicstorage/pilevneligallery/images/view/dab90931c0046c5439a268f7c649410cj/p-levnel-erdo-an-z-mr-to-lu-holzweg-opus-i-2019.jpg",media/39f4579e1b2e94e3de67abe6.jpg,saved,245300
"https://static-assets.artlogic.net/w_1600,h_1600,c_limit,f_auto,fl_lossy,q_auto/artlogicstorage/pilevneligallery/images/view/bdcd4b233901bc31c4d60a4c2bb3fd47j/p-levnel-erdo-an-z-mr-to-lu-brahim-in-hi-mi-su-u-yok-ii-has-abraham-no-single-fault-ii-2019.jpg",media/dacb94f62e1545f73506c93e.jpg,saved,310018
"https://static-assets.artlogic.net/w_1600,h_1600,c_limit,f_auto,fl_lossy,q_auto/ws-pilevneli/usr/images/events/main_image_override/24/taipei-booth-01-kapak-kare.jpg",media/1adbf2444dc25acb96b943dc.jpg,saved,75032
"https://static-assets.artlogic.net/w_1600,h_1600,c_limit,f_auto,fl_lossy,q_auto/ws-pilevneli/usr/images/events/main_image/items/5d/5d8f76ddf8b34ed49696553ef401f0dc/rfk-deneme.jpg",media/1ee3212e4b23847c47abfa6c.jpg,saved,175782
"https://static-assets.artlogic.net/w_1600,h_1600,c_limit,f_auto,fl_lossy,q_auto/ws-pilevneli/usr/images/events/main_image_override/22/pilevneli-gallery-1-copy.jpg",media/dfd3a075248e3c064bab31c9.jpg,saved,172622
"https://static-assets.artlogic.net/w_1600,h_1600,c_limit,f_auto,fl_lossy,q_auto/ws-pilevneli/usr/images/events/main_image/items/90/90bb200d24ef4bc5a32a5808b7a4f238/_dsf0142.jpg",media/f226319e79d2daa3a9bfb849.jpg,saved,103592
"https://static-assets.artlogic.net/w_1600,h_1600,c_limit,f_auto,fl_lossy,q_auto/ws-pilevneli/usr/images/events/main_image_override/19/spark1.jpg",media/42b55281c460e567e4ff3984.jpg,saved,98892
"https://static-assets.artlogic.net/w_1600,h_1600,c_limit,f_auto,fl_lossy,q_auto/ws-pilevneli/usr/images/events/main_image/items/46/4635ae4e9e394710b31fc02e24af02c6/1.jpg",media/7eba66831da16257fad0e059.jpg,saved,140232
"https://static-assets.artlogic.net/w_1600,h_1600,c_limit,f_auto,fl_lossy,q_auto/ws-pilevneli/usr/images/events/main_image/items/52/5284b96f9a2b40539520b9961c906b9e/p_1387.jpg",media/125152fb49a79f19c0eb2ac9.jpg,saved,73858
"https://static-assets.artlogic.net/w_1600,h_1600,c_limit,f_auto,fl_lossy,q_auto/ws-pilevneli/usr/images/events/main_image/items/0b/0b5ac6dd80464b348a3ade9fe4712fcf/100_1352.jpg",media/779b8d79fb83fb3cd4c91368.jpg,saved,159126
"https://static-assets.artlogic.net/w_1600,h_1600,c_limit,f_auto,fl_lossy,q_auto/ws-pilevneli/usr/images/events/main_image/items/6e/6e5c09aee4d04a018f2c934d3275dda0/dubaaa.jpg",media/e46bd557bb67ecc712c37834.jpg,saved,110374
"https://static-assets.artlogic.net/w_1600,h_1600,c_limit,f_auto,fl_lossy,q_auto/ws-pilevneli/usr/images/events/main_image/items/14/14bc84cb2fe547368ddf5e011c388819/digifoto.jpg",media/226a8d14419074584eb265e4.jpg,saved,64236
"https://static-assets.artlogic.net/w_1600,h_1600,c_limit,f_auto,fl_lossy,q_auto/ws-pilevneli/usr/images/events/main_image/items/8b/8be49e499da74c7896e9890c35b75768/artweee.jpg",media/9e28093419de3e01e5b49785.jpg,saved,65062
"https://static-assets.artlogic.net/w_1600,h_1600,c_limit,f_auto,fl_lossy,q_auto/ws-pilevneli/usr/images/events/main_image/items/ef/ef2cbab1702843fc9e65f7f504673f26/akaretler.gif",media/1abed1b8d99b634dc9d687d9.gif,saved,147390
"https://static-assets.artlogic.net/w_1600,h_1600,c_limit,f_auto,fl_lossy,q_auto/ws-pilevneli/usr/images/events/main_image/items/1c/1c2d2829970f49d9b5e67044cf486ecf/l-st.gif",media/f54f8908f7686ba4506c769b.gif,saved,108218
"https://static-assets.artlogic.net/w_1600,h_1600,c_limit,f_auto,fl_lossy,q_auto/ws-pilevneli/usr/images/events/main_image/items/f1/f12a9cedadcc4381bb6c3a2c0847935b/ci_listimage.gif",media/1eab46c495be7c519f0fc9d3.gif,saved,213726
"https://static-assets.artlogic.net/w_1600,h_1600,c_limit,f_auto,fl_lossy,q_auto/ws-pilevneli/usr/images/events/main_image/items/44/44c58a958327465a9af1dba048df41ce/exhibitionlist.gif",media/b9e136a46e66185de539bd76.gif,saved,263512
"https://static-assets.artlogic.net/w_1600,h_1600,c_limit,f_auto,fl_lossy,q_auto/ws-pilevneli/usr/images/events/main_image/items/d1/d16a451d708749ed80ee9a52510daa95/exhibitionlist.gif",media/5f210d1c9bb86e7343c4ef54.gif,saved,44980
"https://static-assets.artlogic.net/w_1600,h_1600,c_limit,f_auto,fl_lossy,q_auto/ws-pilevneli/usr/images/exhibitions/main_image_override/111/jm016-image.jpg",media/10957d84e5394e33bb434ccf.jpg,saved,51202
"https://static-assets.artlogic.net/w_1600,h_1600,c_limit,f_auto,fl_lossy,q_auto/ws-pilevneli/usr/images/exhibitions/main_image_override/107/untitled-design-1-.jpg",media/3ef74b72ea8e722ab14b7e43.jpg,saved,30388
"https://static-assets.artlogic.net/w_1600,h_1600,c_limit,f_auto,fl_lossy,q_auto/ws-pilevneli/usr/images/exhibitions/main_image_override/88/tt089-image.jpg",media/a8a368a45b94a40773664221.jpg,saved,242974
"https://static-assets.artlogic.net/w_1600,h_1600,c_limit,f_auto,fl_lossy,q_auto/ws-pilevneli/usr/images/exhibitions/main_image_override/75/ra050-image-2-cropped.png",media/0e8977e87b8008bebb8c0278.png,saved,202296
"https://static-assets.artlogic.net/w_1600,h_1600,c_limit,f_auto,fl_lossy,q_auto/ws-pilevneli/usr/images/exhibitions/main_image_override/61/pilevneliyalikavak_listimage.gif",media/83e24f4b2d9fe986c29dfc86.gif,saved,34680
"https://static-assets.artlogic.net/w_1600,h_1600,c_limit,f_auto,fl_lossy,q_auto/ws-pilevneli/usr/images/exhibitions/main_image_override/43/kaplankaya.gif",media/992ff1f8949efef85632d2d3.gif,saved,101536
"https://static-assets.artlogic.net/w_1600,h_1600,c_limit,f_auto,fl_lossy,q_auto/ws-pilevneli/usr/images/exhibitions/main_image_override/44/ba-l-ks-z-1.gif",media/20c8be651fd591d2dcba051a.gif,saved,328902
"https://static-assets.artlogic.net/w_1600,h_1600,c_limit,f_auto,fl_lossy,q_auto/ws-pilevneli/usr/images/exhibitions/main_image_override/38/exhibitionlist_ra.gif",media/00d96a56ea3ea22c4f056b93.gif,saved,208226
"https://static-assets.artlogic.net/w_1600,h_1600,c_limit,f_auto,fl_lossy,q_auto/ws-pilevneli/usr/images/exhibitions/main_image_override/24/factory-list-image-son.gif",media/7e9eace10fad3906c37278c9.gif,saved,139960
"https://static-assets.artlogic.net/w_1600,h_1600,c_limit,f_auto,fl_lossy,q_auto/ws-pilevneli/usr/images/exhibitions/main_image_override/17/melting-memories-list4.gif",media/f464bb82ce62dd30878d2520.gif,saved,96406
"https://static-assets.artlogic.net/w_1600,h_1600,c_limit,f_auto,fl_lossy,q_auto/ws-pilevneli/usr/images/news/main_image/116/fe806f85-7b54-4698-98e2-f517f2d70593.jpeg",media/75f434251a2f89ed6e5dab03.jpeg,saved,318208
"https://static-assets.artlogic.net/w_1600,h_1600,c_limit,f_auto,fl_lossy,q_auto/ws-pilevneli/usr/images/news/main_image/115/d0f01c31-e7e0-496c-a7f7-7fa3f84ca17a.png",media/6804d5092cd5d41b761348a9.png,saved,68962
"https://static-assets.artlogic.net/w_1600,h_1600,c_limit,f_auto,fl_lossy,q_auto/ws-pilevneli/usr/images/news/main_image/112/img_6796.jpeg",media/7f9d2c150dc742583d05c0cf.jpeg,saved,358724
"https://static-assets.artlogic.net/w_1600,h_1600,c_limit,f_auto,fl_lossy,q_auto/ws-pilevneli/usr/images/news/main_image/101/img_1166.jpeg",media/861005c49c4744776bba89b7.jpeg,saved,16736
"https://static-assets.artlogic.net/w_1600,h_1600,c_limit,f_auto,fl_lossy,q_auto/ws-pilevneli/usr/images/news/main_image/100/img_0883.jpeg",media/a9b4603e24b25e00d21c3bfc.jpeg,saved,93088
"https://static-assets.artlogic.net/w_1600,h_1600,c_limit,f_auto,fl_lossy,q_auto/ws-pilevneli/usr/images/news/main_image/96/img_9356.jpeg",media/214895c048a907e42bc5eaea.jpeg,saved,115144
"https://static-assets.artlogic.net/w_1600,h_1600,c_limit,f_auto,fl_lossy,q_auto/ws-pilevneli/usr/images/news/main_image/82/img_0671.jpeg",media/d9742f914af2132ddf113219.jpeg,saved,47588
"https://static-assets.artlogic.net/w_1600,h_1600,c_limit,f_auto,fl_lossy,q_auto/ws-pilevneli/usr/images/news/main_image/81/img_4180.jpeg",media/3f10193dab8aae7f81d1bea8.jpeg,saved,325550
"https://static-assets.artlogic.net/w_1600,h_1600,c_limit,f_auto,fl_lossy,q_auto/ws-pilevneli/usr/images/news/main_image/80/4dda603c-cf62-4ac0-b5cf-6c5b23aa64c6.jpeg",media/0285684d6207c4b075469afd.jpeg,saved,90486
"https://static-assets.artlogic.net/w_1600,h_1600,c_limit,f_auto,fl_lossy,q_auto/ws-pilevneli/usr/images/news/main_image/77/c36c689d-2e20-466c-8fc1-2289e09c3777.jpeg",media/911e307e2134f03b2b4c2e54.jpeg,saved,286166
"https://static-assets.artlogic.net/w_1600,h_1600,c_limit,f_auto,fl_lossy,q_auto/ws-pilevneli/usr/images/news/main_image/76/innerportraits-events-banner-1440-x-810-1.png",media/f771ce8fe975ec99a3cd2812.png,saved,521614
"https://static-assets.artlogic.net/w_1600,h_1600,c_limit,f_auto,fl_lossy,q_auto/ws-pilevneli/usr/images/news/main_image/75/gc_wtspwaaa2mnz.jpeg",media/c49f6b59418bc467767ffb4b.jpeg,saved,326688
"https://static-assets.artlogic.net/w_1600,h_1600,c_limit,f_auto,fl_lossy,q_auto/ws-pilevneli/usr/images/news/main_image/63/img_6541.jpg",media/a82fd204d52b9b70e62b7365.jpg,saved,77558
"https://static-assets.artlogic.net/w_1600,h_1600,c_limit,f_auto,fl_lossy,q_auto/ws-pilevneli/usr/images/news/main_image/68/pilevneligallery_ci_0064-copy.jpg",media/b2712c4ba4f3eeb12dde96ec.jpg,saved,112770
"https://static-assets.artlogic.net/w_1600,h_1600,c_limit,f_auto,fl_lossy,q_auto/ws-pilevneli/usr/images/news/main_image/67/spark.png",media/0fa7464f6b72bb406c006ac5.png,saved,542044
"https://static-assets.artlogic.net/w_1600,h_1600,c_limit,f_auto,fl_lossy,q_auto/ws-pilevneli/usr/images/news/main_image/66/artshow.png",media/c8763969457bdb0bdf4230bd.png,saved,504368
"https://static-assets.artlogic.net/w_1600,h_1600,c_limit,f_auto,fl_lossy,q_auto/ws-pilevneli/usr/images/news/main_image/65/akaretler.png",media/d488d5109b1503c66341d6cc.png,saved,465918
"https://static-assets.artlogic.net/w_1600,h_1600,c_limit,f_auto,fl_lossy,q_auto/ws-pilevneli/usr/images/news/main_image/56/dubaaa.jpg",media/e0d82c8a5c1a75b9ed7a0ea9.jpg,saved,110374
"https://static-assets.artlogic.net/w_1600,h_1600,c_limit,f_auto,fl_lossy,q_auto/ws-pilevneli/usr/images/news/main_image/53/screenshot_20230201-120809-2.jpg",media/5143be4a799f7587d925fccd.jpg,saved,102092
"https://static-assets.artlogic.net/w_1600,h_1600,c_limit,f_auto,fl_lossy,q_auto/ws-pilevneli/usr/images/news/main_image/52/screenshot_20230201-120758-2.jpg",media/e96f54049e3df1f8326865ec.jpg,saved,78348
"https://static-assets.artlogic.net/w_1600,h_1600,c_limit,f_auto,fl_lossy,q_auto/ws-pilevneli/usr/images/news/main_image/48/xxx.jpg",media/d44a8f753689a7ed938f6c74.jpg,saved,314176
"https://static-assets.artlogic.net/w_1600,h_1600,c_limit,f_auto,fl_lossy,q_auto/ws-pilevneli/usr/images/news/main_image/43/xximg-1411.jpg",media/10854b575ada7af1bc25f9e1.jpg,saved,24472
"https://static-assets.artlogic.net/w_1600,h_1600,c_limit,f_auto,fl_lossy,q_auto/ws-pilevneli/usr/images/news/main_image/41/artweee.jpg",media/cd8c8f28b913493570086f2c.jpg,saved,65062
"https://static-assets.artlogic.net/w_1600,h_1600,c_limit,f_auto,fl_lossy,q_auto/ws-pilevneli/usr/images/news/main_image/37/pinakothek_der_moderne_suedseite_muenchen-1.jpg",media/8ce8b92f4b9d83421f180bb6.jpg,saved,160284
"https://static-assets.artlogic.net/w_1600,h_1600,c_limit,f_auto,fl_lossy,q_auto/ws-pilevneli/usr/images/news/main_image/36/299707730_5195618933888821_1583795450552512456_n.jpg",media/27fb0ea9b46160ff31cad5df.jpg,saved,145004
"https://static-assets.artlogic.net/w_1600,h_1600,c_limit,f_auto,fl_lossy,q_auto/ws-pilevneli/usr/images/news/main_image/35/refik_unicef_news.gif",media/69543c5c9e42029bcd9d2b6a.gif,saved,107798
"https://static-assets.artlogic.net/w_1600,h_1600,c_limit,f_auto,fl_lossy,q_auto/ws-pilevneli/usr/images/news/main_image/34/senseofhealing_news.gif",media/09f6968e853cfbd7d823b769.gif,saved,173146
"https://static-assets.artlogic.net/w_1600,h_1600,c_limit,f_auto,fl_lossy,q_auto/ws-pilevneli/usr/images/news/main_image/32/ra_rumi.gif",media/39b7362d4eac36bf3c75a1fa.gif,saved,130764
"https://static-assets.artlogic.net/w_1600,h_1600,c_limit,f_auto,fl_lossy,q_auto/ws-pilevneli/usr/images/news/main_image/30/ra.gif",media/b4312bc6b360ef8f60c010cf.gif,saved,354494
"https://static-assets.artlogic.net/w_1600,h_1600,c_limit,f_auto,fl_lossy,q_auto/ws-pilevneli/usr/images/news/main_image/27/7879.gif",media/7b32824f3fd6076d2257cda3.gif,saved,77760
"https://static-assets.artlogic.net/w_1600,h_1600,c_limit,f_auto,fl_lossy,q_auto/ws-pilevneli/usr/images/news/main_image/26/279519074_5344979152201625_4806100081337592910_n.jpg",media/96d72b6ca8994516c64f4bfd.jpg,saved,155000
"https://static-assets.artlogic.net/w_1600,h_1600,c_limit,f_auto,fl_lossy,q_auto/ws-pilevneli/usr/images/news/main_image/23/img_6016.jpg",media/10fcb4a3fddfdbf8dda6288b.jpg,saved,229066
"https://static-assets.artlogic.net/w_1600,h_1600,c_limit,f_auto,fl_lossy,q_auto/ws-pilevneli/usr/images/news/main_image/16/dsc0020733.jpg",media/5665d876d15069d31cf7c434.jpg,saved,505970
"https://static-assets.artlogic.net/w_1600,h_1600,c_limit,f_auto,fl_lossy,q_auto/ws-pilevneli/usr/images/news/main_image/17/277115538_1357558111389549_6240779779232678821_n.jpg",media/44abffda533f63d553dc6d14.jpg,saved,22158
"https://static-assets.artlogic.net/w_1600,h_1600,c_limit,f_auto,fl_lossy,q_auto/ws-pilevneli/usr/images/news/main_image/18/276112059_334611371819840_545319239633887665_n.jpg",media/5728ece875bcf58437aa9664.jpg,saved,114580
"https://static-assets.artlogic.net/w_1600,h_1600,c_limit,f_auto,fl_lossy,q_auto/ws-pilevneli/usr/images/news/main_image/8/dubaduba.jpeg",media/91d4086fc8f3b4801ecc32c4.jpeg,saved,43334
"https://static-assets.artlogic.net/w_1600,h_1600,c_limit,f_auto,fl_lossy,q_auto/ws-pilevneli/usr/images/artists/group_images_override/items/02/02b35fe64fbf454aa7b416872aebaec5/refik-anadol-_-portre-ii-960x1000.jpeg",media/592c200d6748d603198dec71.jpeg,saved,31408
"https://static-assets.artlogic.net/w_1600,h_1600,c_limit,f_auto,fl_lossy,q_auto/ws-pilevneli/usr/images/press/main_image/items/5c/5c0d3113db11404e830e2b60bc60d06d/daily-sabah.png",media/8542d6af06badf26990bfa3c.png,saved,157474
"https://static-assets.artlogic.net/w_1600,h_1600,c_limit,f_auto,fl_lossy,q_auto/ws-pilevneli/usr/images/press/main_image/items/34/34e0ffdc20a049c7b5cbed8260051489/oksijen-09.04.png",media/4c25ba6684af055a155e0d69.png,saved,187158
"https://static-assets.artlogic.net/w_1600,h_1600,c_limit,f_auto,fl_lossy,q_auto/ws-pilevneli/usr/images/press/main_image/items/37/37a6d7d91a054086b7eb5532caa4d1ac/milliyet-sanat-1.jpg",media/6907f86982698f96e877c716.jpg,saved,282568
"https://static-assets.artlogic.net/w_1600,h_1600,c_limit,f_auto,fl_lossy,q_auto/ws-pilevneli/usr/images/press/main_image/items/12/128b99bd9824470288089e1c38964834/hello-1.gif",media/75aae560ac8c4fc8254ef841.gif,saved,199760
"https://static-assets.artlogic.net/w_1600,h_1600,c_limit,f_auto,fl_lossy,q_auto/ws-pilevneli/usr/images/press/main_image/items/27/27e979daff7e4ce29965217baccfc46b/h-rriyet.jpg",media/57969a3e295c131cce9adb28.jpg,saved,438294
"https://static-assets.artlogic.net/w_1600,h_1600,c_limit,f_auto,fl_lossy,q_auto/ws-pilevneli/usr/images/press/main_image/items/86/862655d51dd74e8aa82a6a380c379a4b/cumhuriyet.jpg",media/18e73252eddced8732888565.jpg,saved,359938
"https://static-assets.artlogic.net/w_1600,h_1600,c_limit,f_auto,fl_lossy,q_auto/ws-pilevneli/usr/images/press/main_image/items/77/77a4340e572b4742abc95d1a912c088f/posta.jpg",media/677fb116a57cc9d6e7493088.jpg,saved,327002
"https://static-assets.artlogic.net/w_1600,h_1600,c_limit,f_auto,fl_lossy,q_auto/ws-pilevneli/usr/images/press/main_image/items/ca/ca46530eb4344008a658c4da2e5d07a9/sabah.jpg",media/ee43b04cb8737610159ab41b.jpg,saved,369064
"https://static-assets.artlogic.net/w_1600,h_1600,c_limit,f_auto,fl_lossy,q_auto/ws-pilevneli/usr/images/press/main_image/items/41/41ef7c011d9b483686710fd12961e4ad/kanat-atkaya.jpg",media/2e87144d4cc8561c83edec2e.jpg,saved,236468
"https://static-assets.artlogic.net/w_1600,h_1600,c_limit,f_auto,fl_lossy,q_auto/ws-pilevneli/usr/images/press/main_image/items/3d/3d50b7a77e164be68609281e4e0b9dc5/oksijen-.jpg",media/8bdda2a9ee200b10ff026fc2.jpg,saved,436510
"https://static-assets.artlogic.net/w_1600,h_1600,c_limit,f_auto,fl_lossy,q_auto/ws-pilevneli/usr/images/publications/main_image/30/img_2365.gif",media/9635586f2e20bae23c63b1db.gif,saved,154474
"https://static-assets.artlogic.net/w_1600,h_1600,c_limit,f_auto,fl_lossy,q_auto/artlogicstorage/pilevneligallery/images/view/0000349a5e803d8ddd3536bc0bdf90b7j/p-levnel-ref-k-anadol-machine-hallucinations-floral-pigmentations-a-2022.jpg",media/eb94822f9300d45ad036e920.jpg,saved,225147
"https://static-assets.artlogic.net/w_1600,h_1600,c_limit,f_auto,fl_lossy,q_auto/artlogicstorage/pilevneligallery/images/view/c13f35336b021f9f799463090989551aj/p-levnel-ref-k-anadol-machine-hallucinations-forest-pigmentations-a-2022.jpg",media/8a3b316bd843d672faddf04f.jpg,saved,390426
"https://static-assets.artlogic.net/w_1600,h_1600,c_limit,f_auto,fl_lossy,q_auto/artlogicstorage/pilevneligallery/images/view/8e5e62460e4694080b764c66a3518c7ej/p-levnel-ref-k-anadol-machine-hallucinations-perennial-pigmentations-b-2022.jpg",media/f4d1003e9fef49889b50d9c8.jpg,saved,377066
"https://static-assets.artlogic.net/w_1600,h_1600,c_limit,f_auto,fl_lossy,q_auto/artlogicstorage/pilevneligallery/images/view/12e934c63515b9256aa35833ed5c59d9j/p-levnel-ref-k-anadol-machine-hallucinations-perennial-pigmentations-c-2022.jpg",media/d1a2c9ad8ddfcbdef5ecd985.jpg,saved,328810
"https://static-assets.artlogic.net/w_1600,h_1600,c_limit,f_auto,fl_lossy,q_auto/artlogicstorage/pilevneligallery/images/view/c0a458ccc6a6d646d21c67e4fb8e21a1p/p-levnel-ref-k-anadol-machine-hallucinations-perennial-pigmentations-a-2022.png",media/0a26f5dcf9dc4228853e4b2c.png,saved,182570
"https://static-assets.artlogic.net/w_1600,h_1600,c_limit,f_auto,fl_lossy,q_auto/artlogicstorage/pilevneligallery/images/view/5fc7dbe82b864950122413ab0ffde5a1j/p-levnel-ref-k-anadol-machine-hallucinations-sattelite-simulations-a-2022.jpg",media/e3c7a66d0f964d13accde0ba.jpg,saved,396623
"https://static-assets.artlogic.net/w_1600,h_1600,c_limit,f_auto,fl_lossy,q_auto/artlogicstorage/pilevneligallery/images/view/ebfc10d5ab2b92ae1928c4ddc2641617j/p-levnel-ref-k-anadol-symphonic-dreams-beethoven-2021.jpg",media/de0594975ec865229d534467.jpg,saved,392712
"https://static-assets.artlogic.net/w_1600,h_1600,c_limit,f_auto,fl_lossy,q_auto/ws-pilevneli/usr/images/exhibitions/main_image_override/101/tar-k-to-re_portre-1-.jpg",media/b9e5b523579967d1665affc3.jpg,saved,210140
"https://static-assets.artlogic.net/w_1600,h_1600,c_limit,f_auto,fl_lossy,q_auto/ws-pilevneli/usr/images/exhibitions/main_image_override/60/listimage.gif",media/f59b027f876e7e1f9e3a670c.gif,saved,348256
"https://static-assets.artlogic.net/w_1600,h_1600,c_limit,f_auto,fl_lossy,q_auto/ws-pilevneli/usr/images/news/main_image/73/post3.jpg",media/f009ffd701a568008dd77bc7.jpg,saved,307572
"https://static-assets.artlogic.net/w_1600,h_1600,c_limit,f_auto,fl_lossy,q_auto/ws-pilevneli/usr/images/news/main_image/60/enter.png",media/872187b1e4636675d6ef2ede.png,saved,590958
"https://static-assets.artlogic.net/w_1600,h_1600,c_limit,f_auto,fl_lossy,q_auto/ws-pilevneli/usr/images/artists/group_images_override/items/3c/3c2a3ae252ab4d46a4efc9165616e04b/post2.jpg",media/27742e5555967ca02670dd1c.jpg,saved,129958
"https://static-assets.artlogic.net/w_1600,h_1600,c_limit,f_auto,fl_lossy,q_auto/artlogicstorage/pilevneligallery/images/view/4a6ee9772f6e6432db5d5218b227d663/p-levnel-tarik-t-re-physical-graffiti-iv-2023.jpg",media/33b9e133f16a50b99f66d456.jpg,saved,337766
"https://static-assets.artlogic.net/w_1600,h_1600,c_limit,f_auto,fl_lossy,q_auto/artlogicstorage/pilevneligallery/images/view/7292ab7df648c7437f1d8432e4586b60j/p-levnel-tarik-t-re-whelkom-2022.jpg",media/20836196d4c0cb1c2ec10aa7.jpg,saved,139892
"https://static-assets.artlogic.net/w_1600,h_1600,c_limit,f_auto,fl_lossy,q_auto/artlogicstorage/pilevneligallery/images/view/8b5bbf0a95f8849bd0a26b139d48dbf4j/p-levnel-tarik-t-re-dead-che-says-no-2021.jpg",media/a23fa54fa7e8805a717f07b2.jpg,saved,29968
"https://static-assets.artlogic.net/w_1600,h_1600,c_limit,f_auto,fl_lossy,q_auto/artlogicstorage/pilevneligallery/images/view/37099857d816900b7843128be33ae54cg/p-levnel-tarik-t-re-allegory-of-time-fall-2020.gif",media/71fae7fa282ae91c1ab5c0a9.gif,saved,142790
"https://static-assets.artlogic.net/w_1600,h_1600,c_limit,f_auto,fl_lossy,q_auto/artlogicstorage/pilevneligallery/images/view/447849150c17c1aff0d910152591bad7g/p-levnel-tarik-t-re-allegory-of-time-summer-2020.gif",media/8a81a5c6b669899948ea2d5d.gif,saved,140198
"https://static-assets.artlogic.net/w_1600,h_1600,c_limit,f_auto,fl_lossy,q_auto/artlogicstorage/pilevneligallery/images/view/ee1e8f54f98d361247e448e7ade1dfb9g/p-levnel-tarik-t-re-so-meta-2-2020.gif",media/2e88063958739bd6ef5bdf44.gif,saved,354788
"https://static-assets.artlogic.net/w_1600,h_1600,c_limit,f_auto,fl_lossy,q_auto/artlogicstorage/pilevneligallery/images/view/1c701cf908e09615dea86fe7ae01ea8eg/p-levnel-tarik-t-re-the-world-is-a-paradise-2020.gif",media/216a25e5a24134829390d9af.gif,saved,245436
"https://static-assets.artlogic.net/w_1600,h_1600,c_limit,f_auto,fl_lossy,q_auto/artlogicstorage/pilevneligallery/images/view/dc24240a01e30320afe612c8f025fc24g/p-levnel-tarik-t-re-c-est-la-vie-2019.gif",media/aa493f4915fadf63e3ea2d93.gif,saved,408364
"https://static-assets.artlogic.net/w_1600,h_1600,c_limit,f_auto,fl_lossy,q_auto/artlogicstorage/pilevneligallery/images/view/a4fde567fd8fb927df8d72f651cfb493j/p-levnel-tarik-t-re-mlek-2019.jpg",media/3b24358032a8518e7af3be43.jpg,saved,49406
"https://static-assets.artlogic.net/w_1600,h_1600,c_limit,f_auto,fl_lossy,q_auto/artlogicstorage/pilevneligallery/images/view/2f6941616c5dc9e40c02c494cade4aedg/p-levnel-tarik-t-re-even-cowboys-get-the-blues-2019.gif",media/e64562e52a2da5e04fe134da.gif,saved,68110
"https://static-assets.artlogic.net/w_1600,h_1600,c_limit,f_auto,fl_lossy,q_auto/artlogicstorage/pilevneligallery/images/view/155da158b9d9ecbdb19e37595e794a73g/p-levnel-tarik-t-re-imagery-1-2019.gif",media/9841699f563438ecd3679229.gif,saved,261678
"https://static-assets.artlogic.net/w_1600,h_1600,c_limit,f_auto,fl_lossy,q_auto/artlogicstorage/pilevneligallery/images/view/c9c5901809d0f9b259dab826461f8c04g/p-levnel-tarik-t-re-love-town-2019.gif",media/de661fb39903578d624fefbf.gif,saved,93454
"https://static-assets.artlogic.net/w_1600,h_1600,c_limit,f_auto,fl_lossy,q_auto/artlogicstorage/pilevneligallery/images/view/8091921b98b16a5227cc39f633cf9b6cg/p-levnel-tarik-t-re-imagery-4-2018.gif",media/2223bb59992d4a93aeb97dfe.gif,saved,295708
"https://static-assets.artlogic.net/w_1600,h_1600,c_limit,f_auto,fl_lossy,q_auto/ws-pilevneli/usr/images/artworks/main_image/items/39/3940508d04214ee1bba871e03bfed66b/_p_10027.gif",media/9bac11c0be36155272d9a465.gif,failed,"404 Client Error: Not Found for url: https://static-assets.artlogic.net/w_1600,h_1600,c_limit,f_auto,fl_lossy,q_auto/ws-pilevneli/usr/images/artworks/main_image/items/39/3940508d04"
"https://static-assets.artlogic.net/w_1600,h_1600,c_limit,f_auto,fl_lossy,q_auto/ws-pilevneli/usr/images/artists/group_images_override/items/d6/d6f10107ad944000a2829b656e677dda/the-cliff-low-res-03.jpg",media/1ffd8b264f9c409f154dff54.jpg,saved,121020
"https://static-assets.artlogic.net/w_1600,h_1600,c_limit,f_auto,fl_lossy,q_auto/ws-pilevneli/usr/images/artists/group_images_override/items/04/049ac9dc3c5a4cc0ae27c05753839403/jan-fabre.gif",media/97ecbb364bb4f7bae5fdb7f9.gif,saved,87252
"https://static-assets.artlogic.net/w_1600,h_1600,c_limit,f_auto,fl_lossy,q_auto/ws-pilevneli/usr/images/events/main_image_override/29/pilevneligallery_tersaneistanbul_110738.jpg",media/0200f94f57e8e7848edec53c.jpg,saved,181968
"https://static-assets.artlogic.net/w_1600,h_1600,c_limit,f_auto,fl_lossy,q_auto/ws-pilevneli/usr/images/exhibitions/main_image_override/132/the_dead_fly.jpeg",media/659f349cce094684db632581.jpeg,saved,422386
"https://static-assets.artlogic.net/w_1600,h_1600,c_limit,f_auto,fl_lossy,q_auto/ws-pilevneli/usr/images/exhibitions/main_image_override/62/listimage_figures.gif",media/72fb1b98f69420fa57eb696d.gif,saved,116830
"https://static-assets.artlogic.net/w_1600,h_1600,c_limit,f_auto,fl_lossy,q_auto/ws-pilevneli/usr/images/exhibitions/main_image_override/34/vivisector-son2-kare.gif",media/6d3c7806efc774cf02b8f661.gif,saved,234050
"https://static-assets.artlogic.net/w_1600,h_1600,c_limit,f_auto,fl_lossy,q_auto/ws-pilevneli/usr/images/exhibitions/main_image_override/14/between-day-kare2.gif",media/82d09432f6d88579ce07b356.gif,saved,352566
"https://static-assets.artlogic.net/w_1600,h_1600,c_limit,f_auto,fl_lossy,q_auto/ws-pilevneli/usr/images/news/main_image/133/img_7119.jpeg",media/926a9aeb4b3746a2c7f5c0f7.jpeg,saved,163312
"https://static-assets.artlogic.net/w_1600,h_1600,c_limit,f_auto,fl_lossy,q_auto/ws-pilevneli/usr/images/news/main_image/117/5050e8bc-75f0-4992-a182-90a0c8e2bc36.jpeg",media/f9fcb513ee92e2de320d6328.jpeg,saved,189404
"https://static-assets.artlogic.net/w_1600,h_1600,c_limit,f_auto,fl_lossy,q_auto/ws-pilevneli/usr/images/news/main_image_override/87/img_7010.jpeg",media/94498d3c9d33dde92a143246.jpeg,saved,171322
"https://static-assets.artlogic.net/w_1600,h_1600,c_limit,f_auto,fl_lossy,q_auto/ws-pilevneli/usr/images/news/main_image/72/whatsapp-image-2024-11-15-at-12.16.04.jpeg",media/d0884aeb563b4d64a185a2fe.jpeg,saved,66132
"https://static-assets.artlogic.net/w_1600,h_1600,c_limit,f_auto,fl_lossy,q_auto/ws-pilevneli/usr/images/news/main_image/69/johancreten.png",media/88e10012547158f28bcb97a9.png,saved,409678
"https://static-assets.artlogic.net/w_1600,h_1600,c_limit,f_auto,fl_lossy,q_auto/ws-pilevneli/usr/images/news/main_image/54/screenshot_20230201-120828-2.jpg",media/f58eed835017466d45795cf0.jpg,saved,130266
"https://static-assets.artlogic.net/w_1600,h_1600,c_limit,f_auto,fl_lossy,q_auto/ws-pilevneli/usr/images/news/main_image/29/jj.gif",media/3117138d9018fbdde0283128.gif,saved,603030
"https://static-assets.artlogic.net/w_1600,h_1600,c_limit,f_auto,fl_lossy,q_auto/ws-pilevneli/usr/images/news/main_image/15/img_5068.jpg",media/349b40a53abc6df15a92ccb1.jpg,saved,223838
"https://static-assets.artlogic.net/w_1600,h_1600,c_limit,f_auto,fl_lossy,q_auto/ws-pilevneli/usr/images/news/main_image/19/278429240_1570188840043776_5529066516912551805_n.jpg",media/fa0d8daf8716db771933004f.jpg,saved,53078
"https://static-assets.artlogic.net/w_1600,h_1600,c_limit,f_auto,fl_lossy,q_auto/ws-pilevneli/usr/images/news/main_image/22/269421759_1364917687259310_5031335695352842300_n.jpg",media/ebfca49383ed34c4d1d2555a.jpg,saved,83414
"https://static-assets.artlogic.net/w_1600,h_1600,c_limit,f_auto,fl_lossy,q_auto/ws-pilevneli/usr/images/artists/group_images_override/items/5d/5df007faa083407ba3e256f134bd3dd3/screen-shot-2023-01-19-at-3.05.10-pm.png",media/f6034e8679ac997872396f04.png,saved,147974
"https://static-assets.artlogic.net/w_1600,h_1600,c_limit,f_auto,fl_lossy,q_auto/ws-pilevneli/usr/images/publications/main_image/24/_10038.gif",media/4eb6d1dd825ec9d1ac89b30e.gif,saved,386676
"https://static-assets.artlogic.net/w_1600,h_1600,c_limit,f_auto,fl_lossy,q_auto/ws-pilevneli/usr/images/publications/main_image/5/_10080.gif",media/eb39def6978e785be4ddd797.gif,saved,443538
"https://static-assets.artlogic.net/w_1600,h_1600,c_limit,f_auto,fl_lossy,q_auto/ws-pilevneli/usr/images/publications/main_image/29/_10042.gif",media/880dfdba1caac85d2507b13b.gif,saved,312172
"https://static-assets.artlogic.net/w_1600,h_1600,c_limit,f_auto,fl_lossy,q_auto/ws-pilevneli/usr/images/publications/main_image/23/_10033.gif",media/d8465672738d62d67bb24bf6.gif,saved,407540
"https://static-assets.artlogic.net/w_1600,h_1600,c_limit,f_auto,fl_lossy,q_auto/ws-pilevneli/usr/images/publications/main_image/18/_10014.gif",media/65ba3e6b36d2d110e64309d1.gif,saved,529304
"https://static-assets.artlogic.net/w_1600,h_1600,c_limit,f_auto,fl_lossy,q_auto/ws-pilevneli/usr/images/publications/main_image/22/_10031.gif",media/ba8af79ba9897aefaac887ac.gif,saved,680032
"https://static-assets.artlogic.net/w_1600,h_1600,c_limit,f_auto,fl_lossy,q_auto/artlogicstorage/pilevneligallery/images/view/0ea0b4c5fc10ba81b9f03e28d7807c35j/p-levnel-johan-creten-odore-di-femmina-les-cales-jaunes-2025-2026.jpg",media/8cb0ab3476eb0409ef70fd4c.jpg,saved,185782
"https://static-assets.artlogic.net/w_1600,h_1600,c_limit,f_auto,fl_lossy,q_auto/artlogicstorage/pilevneligallery/images/view/790f80e5be601333fe782b39818ffc08j/p-levnel-johan-creten-point-d-observation-cirque-bas-11-2024.jpg",media/9f614d95f80089d97644f026.jpg,saved,59478
"https://static-assets.artlogic.net/w_1600,h_1600,c_limit,f_auto,fl_lossy,q_auto/artlogicstorage/pilevneligallery/images/view/a873fb62faab4218e23d360bff216213j/p-levnel-johan-creten-point-d-observation-cirque-bas-13-2024.jpg",media/916fb56e026f57cb2de43464.jpg,saved,40398
"https://static-assets.artlogic.net/w_1600,h_1600,c_limit,f_auto,fl_lossy,q_auto/artlogicstorage/pilevneligallery/images/view/1d2487888ef32235891055051b01a94bj/p-levnel-johan-creten-the-dead-fly-library-version-2023.jpg",media/064c5e16c4f8674ce2d8ff66.jpg,saved,71968
"https://static-assets.artlogic.net/w_1600,h_1600,c_limit,f_auto,fl_lossy,q_auto/artlogicstorage/pilevneligallery/images/view/54bd6e7f72af1d0c93abbdd17215f0f2j/p-levnel-johan-creten-the-herring-2023.jpg",media/7fe2716bca481b40036fb552.jpg,saved,44470
"https://static-assets.artlogic.net/w_1600,h_1600,c_limit,f_auto,fl_lossy,q_auto/artlogicstorage/pilevneligallery/images/view/3d3f6ea56f14fbd4e6017ae2151529d2j/p-levnel-johan-creten-the-seahorse-library-version-2023.jpg",media/2334aee5acbf78e4e8a8d193.jpg,saved,65210
"https://static-assets.artlogic.net/w_1600,h_1600,c_limit,f_auto,fl_lossy,q_auto/artlogicstorage/pilevneligallery/images/view/9c6934a17e5025473a70893e886b21b6j/p-levnel-johan-creten-stardust-glories-series-2018.jpg",media/93e64dfa3fb06c8ef700b5c3.jpg,saved,107448
"https://static-assets.artlogic.net/w_1600,h_1600,c_limit,f_auto,fl_lossy,q_auto/artlogicstorage/pilevneligallery/images/view/0ae0e995da6b42225ec642b5daca30f2j/p-levnel-johan-creten-glory-bevende-glorie-2017.jpg",media/fd744c0cf93bfdb32c415958.jpg,saved,205656
"https://static-assets.artlogic.net/w_1600,h_1600,c_limit,f_auto,fl_lossy,q_auto/artlogicstorage/pilevneligallery/images/view/1741b7b89427a43fb3eaf1defa6be134j/p-levnel-johan-creten-glory-glorie-destiny-2017.jpg",media/3148eecd60ed85e8c85687fc.jpg,saved,214148
"https://static-assets.artlogic.net/w_1600,h_1600,c_limit,f_auto,fl_lossy,q_auto/artlogicstorage/pilevneligallery/images/view/573585875a49d09dc8198ab83e47cc45j/p-levnel-johan-creten-glory-korst-2017.jpg",media/3e76f2ccb629ce08d5bc669f.jpg,saved,206842
"https://static-assets.artlogic.net/w_1600,h_1600,c_limit,f_auto,fl_lossy,q_auto/artlogicstorage/pilevneligallery/images/view/d708f9ea81ac7b82bf2e304b3d126552j/p-levnel-johan-creten-gulden-snede-ember-2020.jpg",media/ae105f73bf0608221fccfd68.jpg,saved,141334
"https://static-assets.artlogic.net/w_1600,h_1600,c_limit,f_auto,fl_lossy,q_auto/artlogicstorage/pilevneligallery/images/view/702cee5671547c7e1ef593aeef5b0b30j/p-levnel-johan-creten-istanbul-vulva-2017.jpg",media/895ee60e0fb6b7eec2d24c00.jpg,saved,295288
"https://static-assets.artlogic.net/w_1600,h_1600,c_limit,f_auto,fl_lossy,q_auto/artlogicstorage/pilevneligallery/images/view/ac8337a42dd834900bf5ca4cc287fbcep/p-levnel-johan-creten-fireworks-seeds-2022.png",media/0709aa820ca99d939b7359a6.png,saved,91930
"https://static-assets.artlogic.net/w_1600,h_1600,c_limit,f_auto,fl_lossy,q_auto/artlogicstorage/pilevneligallery/images/view/6c20162d64068b457794938f37f1a369j/p-levnel-johan-creten-odore-di-femmina-calm-as-the-sea-nausea-2017.jpg",media/9de5d592d285fb266206ee53.jpg,saved,191986
"https://static-assets.artlogic.net/w_1600,h_1600,c_limit,f_auto,fl_lossy,q_auto/artlogicstorage/pilevneligallery/images/view/4a88ce9a51f6885f79c87e5d3e4960bdj/p-levnel-johan-creten-odore-di-femmina-la-nuit-de-th-odora-2023.jpg",media/46b21bfbbd1b9c533e3c5883.jpg,saved,190488
"https://static-assets.artlogic.net/w_1600,h_1600,c_limit,f_auto,fl_lossy,q_auto/artlogicstorage/pilevneligallery/images/view/5c40663a4de286a17406f69013730ef1j/p-levnel-johan-creten-observation-point-n-219-2024.jpg",media/b33b48f49b4e07f5b394eaef.jpg,saved,46146
"https://static-assets.artlogic.net/w_1600,h_1600,c_limit,f_auto,fl_lossy,q_auto/artlogicstorage/pilevneligallery/images/view/aca5bc0bc6630576aed61a417693590dj/p-levnel-johan-creten-observation-point-n-139-2019.jpg",media/c28d5aca671fcb41a67254d2.jpg,saved,41618
"https://static-assets.artlogic.net/w_1600,h_1600,c_limit,f_auto,fl_lossy,q_auto/artlogicstorage/pilevneligallery/images/view/110b8a102057f02879d154a52f6f2a39j/p-levnel-johan-creten-observation-point-n-197-2022.jpg",media/f4def4f35fb4383eb43307b4.jpg,saved,67856
"https://static-assets.artlogic.net/w_1600,h_1600,c_limit,f_auto,fl_lossy,q_auto/artlogicstorage/pilevneligallery/images/view/b7940808b8f8f48f69c332f14dce7af0j/p-levnel-johan-creten-the-vivisector-2012.jpg",media/85218ee400c09eeefe6a5402.jpg,saved,110142
"https://static-assets.artlogic.net/w_1600,h_1600,c_limit,f_auto,fl_lossy,q_auto/artlogicstorage/pilevneligallery/images/view/5d1e3104e061703de9c08308cbb9b4b8j/p-levnel-johan-creten-de-boer-the-farmer-2017.jpg",media/d25f1316c875837153c4d7e4.jpg,saved,233328
"https://static-assets.artlogic.net/w_1600,h_1600,c_limit,f_auto,fl_lossy,q_auto/artlogicstorage/pilevneligallery/images/view/e4112deabf2a8e7e2c68f72c58f9b721g/p-levnel-johan-creten-de-zuil-les-colonnes-r-volutionnaires-flanders-2014.gif",media/5b6898de602f25de18b001f7.gif,saved,416504
"https://static-assets.artlogic.net/w_1600,h_1600,c_limit,f_auto,fl_lossy,q_auto/artlogicstorage/pilevneligallery/images/view/61466c6cde2c23b9044208b640eea878j/p-levnel-johan-creten-mon-petit-n-gre-1998-2000.jpg",media/21e8ce2a96d006afced44df3.jpg,saved,34148
"https://static-assets.artlogic.net/w_1600,h_1600,c_limit,f_auto,fl_lossy,q_auto/artlogicstorage/pilevneligallery/images/view/85d048bc24eda65c3e81ba900032edc1j/p-levnel-johan-creten-naked-roots-naakte-wortels.jpg",media/cb1b00e9b4e3c27d07ed125b.jpg,saved,97195
"https://static-assets.artlogic.net/w_1600,h_1600,c_limit,f_auto,fl_lossy,q_auto/artlogicstorage/pilevneligallery/images/view/d88ee788fa5e969e0471cd49015d168dj/p-levnel-johan-creten-couch-potatoes-1997.jpg",media/192e54d85aea72c6e0be8fd7.jpg,saved,103256
"https://static-assets.artlogic.net/w_1600,h_1600,c_limit,f_auto,fl_lossy,q_auto/artlogicstorage/pilevneligallery/images/view/ef286f19b2d290ef4100cfd5eb11728cj/p-levnel-johan-creten-glory-korst-2017.jpg",media/66fb293c502076a3417935fb.jpg,saved,272622
"https://static-assets.artlogic.net/w_1600,h_1600,c_limit,f_auto,fl_lossy,q_auto/artlogicstorage/pilevneligallery/images/view/b1381a2195ec7fdd96e4999742a6ec16j/p-levnel-johan-creten-glory-korst-2017.jpg",media/d2c7e98fb9531161c11bbbd7.jpg,saved,511166
"https://static-assets.artlogic.net/w_1600,h_1600,c_limit,f_auto,fl_lossy,q_auto/artlogicstorage/pilevneligallery/images/view/84978ae56a72e58ed081a986dddbba84j/p-levnel-johan-creten-glory-bevende-glorie-2017.jpg",media/ce724857378706b425eaa7cf.jpg,saved,276918
"https://static-assets.artlogic.net/w_1600,h_1600,c_limit,f_auto,fl_lossy,q_auto/artlogicstorage/pilevneligallery/images/view/64e3e92ae4bdfad88ac776f5dd0c2245j/p-levnel-johan-creten-glory-glorie-destiny-2017.jpg",media/d8645ef0a7eee8168754366b.jpg,saved,260632
"https://static-assets.artlogic.net/w_1600,h_1600,c_limit,f_auto,fl_lossy,q_auto/artlogicstorage/pilevneligallery/images/view/5d818f4276ef7b73450962cc74c08d03j/p-levnel-johan-creten-glory-glorie-destiny-2017.jpg",media/c1ab73afb3176a861ff592c5.jpg,saved,485516
"https://static-assets.artlogic.net/w_1600,h_1600,c_limit,f_auto,fl_lossy,q_auto/artlogicstorage/pilevneligallery/images/view/f594fb425908afd20afd9c21ea94c0bcj/p-levnel-johan-creten-odore-di-femmina-calm-as-the-sea-nausea-2017.jpg",media/a53b4604e89da40271182205.jpg,saved,172020
"https://static-assets.artlogic.net/w_1600,h_1600,c_limit,f_auto,fl_lossy,q_auto/artlogicstorage/pilevneligallery/images/view/6cdb47e92c594af8e6ff8f381cde70ecj/p-levnel-johan-creten-odore-di-femmina-calm-as-the-sea-nausea-2017.jpg",media/4b9694b2a6a778868bf4c9be.jpg,saved,231622
"https://static-assets.artlogic.net/w_1600,h_1600,c_limit,f_auto,fl_lossy,q_auto/artlogicstorage/pilevneligallery/images/view/cbe5f49e3f65c6eb498aec4eab190053j/p-levnel-johan-creten-istanbul-vulva-2017.jpg",media/d4f6f913851cf066246bc0dd.jpg,saved,319374
"https://static-assets.artlogic.net/w_1600,h_1600,c_limit,f_auto,fl_lossy,q_auto/artlogicstorage/pilevneligallery/images/view/b74c60c3f6fa427b89078c077ee1063fj/p-levnel-johan-creten-istanbul-vulva-2017.jpg",media/5f3b72a603c39ebbf2b60af5.jpg,saved,429882
"https://static-assets.artlogic.net/w_1600,h_1600,c_limit,f_auto,fl_lossy,q_auto/artlogicstorage/pilevneligallery/images/view/b27dd003de4b6dffe724f24bc6eb757fj/p-levnel-johan-creten-the-vivisector-2012.jpg",media/989b3d60eda4a99da6c2e07c.jpg,saved,87992
"https://static-assets.artlogic.net/w_1600,h_1600,c_limit,f_auto,fl_lossy,q_auto/artlogicstorage/pilevneligallery/images/view/00d0dbbc14565f53eca619a371cf6c10j/p-levnel-johan-creten-the-vivisector-2012.jpg",media/a45456c824f73d01582459c1.jpg,saved,80574
"https://static-assets.artlogic.net/w_1600,h_1600,c_limit,f_auto,fl_lossy,q_auto/artlogicstorage/pilevneligallery/images/view/3bd9907257ad21d149132258418f7d70j/p-levnel-johan-creten-the-vivisector-2012.jpg",media/8fb4263af8496a5856ad2004.jpg,saved,89228
"https://static-assets.artlogic.net/w_1600,h_1600,c_limit,f_auto,fl_lossy,q_auto/artlogicstorage/pilevneligallery/images/view/a2d3facf5a6cab83c5ed4578f1a89891j/p-levnel-johan-creten-the-vivisector-2012.jpg",media/e387f2c047de199830d194e8.jpg,saved,91624
"https://static-assets.artlogic.net/w_1600,h_1600,c_limit,f_auto,fl_lossy,q_auto/artlogicstorage/pilevneligallery/images/view/dcf216b104ca4e998cdd812896d9f6baj/p-levnel-johan-creten-the-vivisector-2012.jpg",media/2ab564cdd866d947e70fe841.jpg,saved,70024
"https://static-assets.artlogic.net/w_1600,h_1600,c_limit,f_auto,fl_lossy,q_auto/artlogicstorage/pilevneligallery/images/view/24a90ded2267ad030c67dad8607b69afj/p-levnel-johan-creten-the-vivisector-2012.jpg",media/9dcad1668fa4b8c1778c21b7.jpg,saved,80866
"https://static-assets.artlogic.net/w_1600,h_1600,c_limit,f_auto,fl_lossy,q_auto/artlogicstorage/pilevneligallery/images/view/499c4956389ae6b3069e3d296c7ff76bj/p-levnel-johan-creten-the-vivisector-2012.jpg",media/0de1d2bdd4a423f841126a83.jpg,saved,61182
"https://static-assets.artlogic.net/w_1600,h_1600,c_limit,f_auto,fl_lossy,q_auto/ws-pilevneli/usr/images/events/main_image/items/75/759d8badc5244778ad780e1c99d8d3fe/exhibitionlist.gif",media/355dce1d0052b5a84d3c6586.gif,saved,173922
"https://static-assets.artlogic.net/w_1600,h_1600,c_limit,f_auto,fl_lossy,q_auto/ws-pilevneli/usr/images/events/main_image/items/50/5055601be7df446b9280d3307c008b19/exhibitionlist.gif",media/983a23515e9918a48823c33a.gif,saved,213488
"https://static-assets.artlogic.net/w_1600,h_1600,c_limit,f_auto,fl_lossy,q_auto/ws-pilevneli/usr/images/artists/group_images_override/items/43/4387d9f518b845b395e25b9268fe78ee/arik-levy-portrait-800x600.jpg",media/c0fe5a10387107b24cdd0723.jpg,saved,28134
"https://static-assets.artlogic.net/w_1600,h_1600,c_limit,f_auto,fl_lossy,q_auto/ws-pilevneli/usr/images/exhibitions/main_image_override/103/screen-shot-2024-02-06-at-10.54.07.png",media/03e695310074d46570b6f61d.png,saved,27172
"https://static-assets.artlogic.net/w_1600,h_1600,c_limit,f_auto,fl_lossy,q_auto/ws-pilevneli/usr/images/exhibitions/main_image_override/83/ekran-resmi-2023-07-14-16.43.54-1-.jpg",media/d8f779d2c27980c58d09a26d.jpg,saved,171570
"https://static-assets.artlogic.net/w_1600,h_1600,c_limit,f_auto,fl_lossy,q_auto/ws-pilevneli/usr/images/exhibitions/main_image_override/65/h-_listimage.gif",media/562a814699a59c8bc34aa49f.gif,saved,162644
"https://static-assets.artlogic.net/w_1600,h_1600,c_limit,f_auto,fl_lossy,q_auto/ws-pilevneli/usr/images/news/main_image/120/img_3670.jpeg",media/f611ff1e4209ec4b5b8fa33a.jpeg,saved,57312
"https://static-assets.artlogic.net/w_1600,h_1600,c_limit,f_auto,fl_lossy,q_auto/ws-pilevneli/usr/images/news/main_image/109/4d347b1c-0b5a-4db7-976f-6b3a9e6be7b9.jpeg",media/acd21a1a0ab6f73ae565cb9f.jpeg,saved,136574
"https://static-assets.artlogic.net/w_1600,h_1600,c_limit,f_auto,fl_lossy,q_auto/ws-pilevneli/usr/images/news/main_image/40/ba-l-ks-z-1.gif",media/5ce496e4eeb0ff82d77af5af.gif,saved,31698
"https://static-assets.artlogic.net/w_1600,h_1600,c_limit,f_auto,fl_lossy,q_auto/ws-pilevneli/usr/images/artists/group_images_override/items/fd/fd30627ba6834e42882041a1e5887ee3/_dsf7744.jpg",media/0416ab1a9d81b1b50b535872.jpg,saved,79360
"https://static-assets.artlogic.net/w_1600,h_1600,c_limit,f_auto,fl_lossy,q_auto/artlogicstorage/pilevneligallery/images/view/dcac969472b58faae055da5aaf7c652dj/p-levnel-h-sey-n-a-layan-fake-celebrations-a-i-2022.jpg",media/05056fa965e7f5ff056d827b.jpg,saved,18202
"https://static-assets.artlogic.net/w_1600,h_1600,c_limit,f_auto,fl_lossy,q_auto/artlogicstorage/pilevneligallery/images/view/ce7293d0928c4951ea8938196696102dj/p-levnel-h-sey-n-a-layan-fake-celebrations-a-ii-2022.jpg",media/a67d1580165a260cabae2f72.jpg,saved,11648
"https://static-assets.artlogic.net/w_1600,h_1600,c_limit,f_auto,fl_lossy,q_auto/artlogicstorage/pilevneligallery/images/view/8f3b4cf8e0c473131f2a4b8658e2c9faj/p-levnel-h-sey-n-a-layan-fake-celebrations-b-ii-2022.jpg",media/be1cac42f612e4bf59ecfc9e.jpg,saved,25894
"https://static-assets.artlogic.net/w_1600,h_1600,c_limit,f_auto,fl_lossy,q_auto/artlogicstorage/pilevneligallery/images/view/5ff33ce155c7acb677c9f3a6fd673f32j/p-levnel-h-sey-n-a-layan-fake-celebrations-c-i-2022.jpg",media/fc507c6bcc83d9c370a9c953.jpg,saved,32722
"https://static-assets.artlogic.net/w_1600,h_1600,c_limit,f_auto,fl_lossy,q_auto/artlogicstorage/pilevneligallery/images/view/621fe8a5219a30880bd5858f2af9507aj/p-levnel-h-sey-n-a-layan-fake-celebrations-c-ii-2022.jpg",media/98cfff71209a32551ea6b310.jpg,saved,33226
"https://static-assets.artlogic.net/w_1600,h_1600,c_limit,f_auto,fl_lossy,q_auto/artlogicstorage/pilevneligallery/images/view/1b856ff20754e609613c8334cdac229ej/p-levnel-h-sey-n-a-layan-post-colonial-body-i-2022.jpg",media/5964c566acb60ffaeaf4424e.jpg,saved,14792
"https://static-assets.artlogic.net/w_1600,h_1600,c_limit,f_auto,fl_lossy,q_auto/artlogicstorage/pilevneligallery/images/view/f7a47feaadb9feeabd211802bc843daaj/p-levnel-h-sey-n-a-layan-post-colonial-body-iii-2022.jpg",media/b55645c05025629163ffd4e4.jpg,saved,12364
"https://static-assets.artlogic.net/w_1600,h_1600,c_limit,f_auto,fl_lossy,q_auto/artlogicstorage/pilevneligallery/images/view/7854d403b3a00ee338dc796642cca897j/p-levnel-h-sey-n-a-layan-post-colonial-body-iv-2022.jpg",media/371cca4b22531499c3fe6b49.jpg,saved,17772
"https://static-assets.artlogic.net/w_1600,h_1600,c_limit,f_auto,fl_lossy,q_auto/artlogicstorage/pilevneligallery/images/view/d555a23e54565aad28d7cead50a795c8j/p-levnel-h-sey-n-a-layan-post-colonial-body-v-2022.jpg",media/a8594963d237e34bdb2aff84.jpg,saved,13740
"https://static-assets.artlogic.net/w_1600,h_1600,c_limit,f_auto,fl_lossy,q_auto/artlogicstorage/pilevneligallery/images/view/5898922c0180b2207ce55d89251b3a6aj/p-levnel-h-sey-n-a-layan-post-colonial-body-vi-2022.jpg",media/c9ccfff9ef69b30bc0c99636.jpg,saved,25420
"https://static-assets.artlogic.net/w_1600,h_1600,c_limit,f_auto,fl_lossy,q_auto/artlogicstorage/pilevneligallery/images/view/c8f576b16a0b61c769f8e26557efd556j/p-levnel-h-sey-n-a-layan-post-colonial-body-vii-2022.jpg",media/c84f8073338177ab48c19bcc.jpg,saved,18046
"https://static-assets.artlogic.net/w_1600,h_1600,c_limit,f_auto,fl_lossy,q_auto/artlogicstorage/pilevneligallery/images/view/d6f3e1c80fe6b9aa1f258c22435bb45ej/p-levnel-h-sey-n-a-layan-pre-tension-installation-2022.jpg",media/00471152ca73cac9bc9225b6.jpg,saved,16120
"https://static-assets.artlogic.net/w_1600,h_1600,c_limit,f_auto,fl_lossy,q_auto/artlogicstorage/pilevneligallery/images/view/80b911d1f02763c66834c2ea6d20bf7ej/p-levnel-h-sey-n-a-layan-dissolving-dresses-2016.jpg",media/b2b585a3210b4812069fd5ac.jpg,saved,25370
"https://static-assets.artlogic.net/w_1600,h_1600,c_limit,f_auto,fl_lossy,q_auto/artlogicstorage/pilevneligallery/images/view/fcc1a2eaa40d2b550bf193d755ca1d1ej/p-levnel-h-sey-n-a-layan-rotor-of-the-rings-2012.jpg",media/f0b7c14b36f47267b4782900.jpg,saved,31664
"https://static-assets.artlogic.net/w_1600,h_1600,c_limit,f_auto,fl_lossy,q_auto/artlogicstorage/pilevneligallery/images/view/7c6cc4a7f973a177cd2d07c615f9d2d9j/p-levnel-h-sey-n-a-layan-laser-dress-2008.jpg",media/91316254a2acac42b11b680c.jpg,saved,22556
"https://static-assets.artlogic.net/w_1600,h_1600,c_limit,f_auto,fl_lossy,q_auto/artlogicstorage/pilevneligallery/images/view/b188631498051911ca2e4e596638086dj/p-levnel-h-sey-n-a-layan-top-and-dress-2005.jpg",media/974b23338c1d2bb5940278c3.jpg,saved,94270
"https://static-assets.artlogic.net/w_1600,h_1600,c_limit,f_auto,fl_lossy,q_auto/artlogicstorage/pilevneligallery/images/view/a99050dc45537574e4ebdc4de3c01449j/p-levnel-h-sey-n-a-layan-baloon-dress-2003.jpg",media/c3c1dcd817ba6866f771e9e3.jpg,saved,89502
"https://static-assets.artlogic.net/w_1600,h_1600,c_limit,f_auto,fl_lossy,q_auto/artlogicstorage/pilevneligallery/images/view/04a1103b00d608e5cc7298e21cde0f5aj/p-levnel-h-sey-n-a-layan-table-dress-2000.jpg",media/0813fe9cf0dfff61defd07d1.jpg,saved,45896
"https://static-assets.artlogic.net/w_1600,h_1600,c_limit,f_auto,fl_lossy,q_auto/artlogicstorage/pilevneligallery/images/view/c30d86d4217d641dbb1a7d76cf938933j/p-levnel-h-sey-n-a-layan-panoramic-collection-1998.jpg",media/a81bb0d6690b795df834e3df.jpg,saved,64166
"https://static-assets.artlogic.net/w_1600,h_1600,c_limit,f_auto,fl_lossy,q_auto/ws-pilevneli/usr/images/exhibitions/main_image_override/40/listimage_rw.gif",media/e664f78d9708178957349c79.gif,saved,95802
"https://static-assets.artlogic.net/w_1600,h_1600,c_limit,f_auto,fl_lossy,q_auto/ws-pilevneli/usr/images/exhibitions/main_image_override/54/listimage_rw.gif",media/ba28e3466f0d8fed8233c75b.gif,saved,95802
"https://static-assets.artlogic.net/w_1600,h_1600,c_limit,f_auto,fl_lossy,q_auto/ws-pilevneli/usr/images/artists/group_images_override/items/b4/b47a7e1ac93e40759e137028a8a04620/richard_wilson_trans_nvbqzqnjv4bq-4_dbqa1qhx2cznhxh01alt5lftkyhqvbvjfatlpy1m.jpg",media/c1afd91687ed23c175d49864.jpg,saved,13966
"https://static-assets.artlogic.net/w_1600,h_1600,c_limit,f_auto,fl_lossy,q_auto/artlogicstorage/pilevneligallery/images/view/5e7337b5a215c15b25f8c1ba98cb2ff6j/p-levnel-richard-wilson-blocka-flats-version-3-5-2021.jpg",media/5162be3a3bef831279f4013c.jpg,saved,17572
"https://static-assets.artlogic.net/w_1600,h_1600,c_limit,f_auto,fl_lossy,q_auto/artlogicstorage/pilevneligallery/images/view/61511d821e067327e9f6fe91e9436818j/p-levnel-richard-wilson-slickwork-1-2021.jpg",media/cf8a01da4ab268c502d217fa.jpg,saved,58089
"https://static-assets.artlogic.net/w_1600,h_1600,c_limit,f_auto,fl_lossy,q_auto/artlogicstorage/pilevneligallery/images/view/4480ccb6004478ad58eca6692fe34ddej/p-levnel-richard-wilson-slickwork-3-2021.jpg",media/f702cd2d15d4f4d21dc16d81.jpg,saved,18470
"https://static-assets.artlogic.net/w_1600,h_1600,c_limit,f_auto,fl_lossy,q_auto/artlogicstorage/pilevneligallery/images/view/e44f85074a9fa148d936c4bc804dfb3fj/p-levnel-richard-wilson-slickwork-4-2021.jpg",media/60bb6bd8cc034133f85ce606.jpg,saved,23856
"https://static-assets.artlogic.net/w_1600,h_1600,c_limit,f_auto,fl_lossy,q_auto/artlogicstorage/pilevneligallery/images/view/6799a15b6b66ec47615b8416db1cc358j/p-levnel-richard-wilson-red-shells-2019.jpg",media/15990137799a4fbd62b6ccc9.jpg,saved,26400
"https://static-assets.artlogic.net/w_1600,h_1600,c_limit,f_auto,fl_lossy,q_auto/artlogicstorage/pilevneligallery/images/view/2f25eaa1420c871ebcc9874c9fa4f98bj/p-levnel-richard-wilson-still-life-jug-2015.jpg",media/f7329f36220a4ed6465ac6c7.jpg,saved,27704
"https://static-assets.artlogic.net/w_1600,h_1600,c_limit,f_auto,fl_lossy,q_auto/artlogicstorage/pilevneligallery/images/view/89927ad52513f403a86dd44913a12461j/p-levnel-richard-wilson-still-life-jug-2015.jpg",media/c86293072d3ba13129fedd07.jpg,saved,8094
"https://static-assets.artlogic.net/w_1600,h_1600,c_limit,f_auto,fl_lossy,q_auto/artlogicstorage/pilevneligallery/images/view/c5cf62d262bd295696b1e2b47f16df27j/p-levnel-richard-wilson-traps-version-3-5-2014.jpg",media/c8f3a0f8b1117f75d05ec71d.jpg,saved,26468
"https://static-assets.artlogic.net/w_1600,h_1600,c_limit,f_auto,fl_lossy,q_auto/artlogicstorage/pilevneligallery/images/view/281c2823688c0151d3aeea2f8bbab59ag/p-levnel-richard-wilson-hang-on-a-minute-lads-i-ve-got-a-great-idea-2019.gif",media/a4958e0d34c57ba256a8625b.gif,saved,100256
"https://static-assets.artlogic.net/w_1600,h_1600,c_limit,f_auto,fl_lossy,q_auto/artlogicstorage/pilevneligallery/images/view/1817e92bc7bbdebdbe7da85f4e0bc774g/p-levnel-richard-wilson-slice-of-reality-2015.gif",media/38dce58f42151f1cd9e0943c.gif,saved,108388
"https://static-assets.artlogic.net/w_1600,h_1600,c_limit,f_auto,fl_lossy,q_auto/artlogicstorage/pilevneligallery/images/view/979b6a15d97849fb5f31908d88c38e9cg/p-levnel-richard-wilson-slipstream-2014.gif",media/87df5cd33e02b8956623dc27.gif,saved,142266
"https://static-assets.artlogic.net/w_1600,h_1600,c_limit,f_auto,fl_lossy,q_auto/artlogicstorage/pilevneligallery/images/view/d181cd8a6b216d3a5f987729828893bag/p-levnel-richard-wilson-turning-the-place-over-2008.gif",media/4c4db918c310d70e44bdeb19.gif,saved,165280
"https://static-assets.artlogic.net/w_1600,h_1600,c_limit,f_auto,fl_lossy,q_auto/artlogicstorage/pilevneligallery/images/view/6f94c3ac9f53a3cc562c04bce8533be3g/p-levnel-richard-wilson-meter-s-running-2006.gif",media/6b76b51fc0c37ead84ca1ac1.gif,saved,106634
"https://static-assets.artlogic.net/w_1600,h_1600,c_limit,f_auto,fl_lossy,q_auto/artlogicstorage/pilevneligallery/images/view/3145b8a1a2bf82db87dd96c66f4b4ff1g/p-levnel-richard-wilson-butterfly-2003.gif",media/be59322118dd0edbba3dc7ce.gif,saved,76312
"https://static-assets.artlogic.net/w_1600,h_1600,c_limit,f_auto,fl_lossy,q_auto/artlogicstorage/pilevneligallery/images/view/f0911dcbb82cf7e70b5630be31b2a553g/p-levnel-richard-wilson-20-50-1987.gif",media/a010044372cb79c1b4d23148.gif,saved,99368
"https://static-assets.artlogic.net/w_1600,h_1600,c_limit,f_auto,fl_lossy,q_auto/ws-pilevneli/usr/images/exhibitions/main_image_override/117/ali_artwork.jpg",media/a27c9b7cc4933d0ca9c118e2.jpg,saved,243342
"https://static-assets.artlogic.net/w_1600,h_1600,c_limit,f_auto,fl_lossy,q_auto/ws-pilevneli/usr/images/exhibitions/main_image_override/68/listimage_alielmaci.gif",media/9f6d82f03d27860bbc9c1290.gif,saved,315646
"https://static-assets.artlogic.net/w_1600,h_1600,c_limit,f_auto,fl_lossy,q_auto/ws-pilevneli/usr/images/exhibitions/main_image_override/49/_l2a994663.gif",media/3aab62c6ad2befbe6c0a297e.gif,saved,732052
"https://static-assets.artlogic.net/w_1600,h_1600,c_limit,f_auto,fl_lossy,q_auto/ws-pilevneli/usr/images/news/main_image/9/mk-list-news.gif",media/5cb3241d0f418fdfcd009c21.gif,saved,69580
"https://static-assets.artlogic.net/w_1600,h_1600,c_limit,f_auto,fl_lossy,q_auto/ws-pilevneli/usr/images/artists/group_images_override/items/1b/1b70e8182f2f4d4395154868a31df83f/shotby_emre_dog-ru.jpeg",media/4c8a90e6b32680e299e61176.jpeg,saved,89860
"https://static-assets.artlogic.net/w_1600,h_1600,c_limit,f_auto,fl_lossy,q_auto/ws-pilevneli/usr/images/press/main_image/items/14/14896a04cbfc4e1391719d6ed38fc474/screenshot-2024-12-10-at-15.23.31.png",media/c3cc53d2c239c1d1f794c663.png,saved,97976
"https://static-assets.artlogic.net/w_1600,h_1600,c_limit,f_auto,fl_lossy,q_auto/artlogicstorage/pilevneligallery/images/view/bf77aa96eca9271068616fec533c6dedj/p-levnel-al-elmaci-hayalet-fakat-belki-de-sevapt-r-2024.jpg",media/74dc13442bf22d4b786a430b.jpg,saved,375176
"https://static-assets.artlogic.net/w_1600,h_1600,c_limit,f_auto,fl_lossy,q_auto/artlogicstorage/pilevneligallery/images/view/de25072ad6d3b1e841131455c5a598b9j/p-levnel-al-elmaci-hepimiz-vampiriz-birimiz-hari-iii-2024.jpg",media/b2472bd230f2b1a3cc1b325c.jpg,saved,334126
"https://static-assets.artlogic.net/w_1600,h_1600,c_limit,f_auto,fl_lossy,q_auto/artlogicstorage/pilevneligallery/images/view/cf21d4eedd8e97491309ff8f5fa3ec01p/p-levnel-al-elmaci-bah-eye-de-kar-z-2023.png",media/c6e04a161882937f75f2a783.png,saved,219140
"https://static-assets.artlogic.net/w_1600,h_1600,c_limit,f_auto,fl_lossy,q_auto/artlogicstorage/pilevneligallery/images/view/52b90ca0bd565d7056a41d38db1d2644p/p-levnel-al-elmaci-beni-kendinden-fazla-sev-i-2023.png",media/e8dafdfdf14ef083720b4bff.png,saved,361994
"https://static-assets.artlogic.net/w_1600,h_1600,c_limit,f_auto,fl_lossy,q_auto/artlogicstorage/pilevneligallery/images/view/830ea43ef9291ad15fe93560bcaeefb2p/p-levnel-al-elmaci-beni-kendinden-fazla-sev-ii-2023.png",media/6a0d53e2f6f23bd96a7bf9b8.png,saved,392310
"https://static-assets.artlogic.net/w_1600,h_1600,c_limit,f_auto,fl_lossy,q_auto/artlogicstorage/pilevneligallery/images/view/b8d8e151a335d73ab629e5fac0c5fa81p/p-levnel-al-elmaci-g-remedi-in-yerlerde-bulursun-beni-iv-2023.png",media/647f863356bbba53add1f30e.png,saved,210342
"https://static-assets.artlogic.net/w_1600,h_1600,c_limit,f_auto,fl_lossy,q_auto/artlogicstorage/pilevneligallery/images/view/68e2d5643e6701e71e44fd85eb90dbdbp/p-levnel-al-elmaci-iddetin-ne-ho-ne-g-zel-efkatin-iii-2023.png",media/41c6e73e88dfd97b938554b0.png,saved,121468
"https://static-assets.artlogic.net/w_1600,h_1600,c_limit,f_auto,fl_lossy,q_auto/artlogicstorage/pilevneligallery/images/view/d4c445b663c6a0b46834bf8625e1a109p/p-levnel-al-elmaci-iddetin-ne-ho-ne-g-zel-efkatin-v-2023.png",media/74e8a1435bc5e67cf0051b33.png,saved,112520
"https://static-assets.artlogic.net/w_1600,h_1600,c_limit,f_auto,fl_lossy,q_auto/artlogicstorage/pilevneligallery/images/view/c7361fe38a72c438f03d3882d587bd98j/p-levnel-al-elmaci-iddetin-ne-ho-ne-g-zel-efkatin-vii-2023.jpg",media/fab5f6cb4863578a5d53c46a.jpg,saved,169540
"https://static-assets.artlogic.net/w_1600,h_1600,c_limit,f_auto,fl_lossy,q_auto/artlogicstorage/pilevneligallery/images/view/3bde85ed107699d2c743e6c8c9adf6e0p/p-levnel-al-elmaci-beni-g-lgemden-tan-i-2022.png",media/471e3fe1d0b1370dc92756a0.png,saved,205436
"https://static-assets.artlogic.net/w_1600,h_1600,c_limit,f_auto,fl_lossy,q_auto/artlogicstorage/pilevneligallery/images/view/b251490ff8ca2189492b6436109f3241p/p-levnel-al-elmaci-beni-g-lgemden-tan-ii-2022.png",media/61e18db1e5a22c9fc51a7bc1.png,saved,216946
"https://static-assets.artlogic.net/w_1600,h_1600,c_limit,f_auto,fl_lossy,q_auto/artlogicstorage/pilevneligallery/images/view/79bcba9e17d3ca198b7b25b2ab7cc713p/p-levnel-al-elmaci-beni-g-lgemden-tan-iii-2022.png",media/be15829a1c8f95873b7740ea.png,saved,243398
"https://static-assets.artlogic.net/w_1600,h_1600,c_limit,f_auto,fl_lossy,q_auto/artlogicstorage/pilevneligallery/images/view/f412976a1cd29c8386c3d9f40581f028p/p-levnel-al-elmaci-dudaklar-m-p-kalbimi-han-erle-ix-2022.png",media/8a504d30133bec1a39d53480.png,saved,64404
"https://static-assets.artlogic.net/w_1600,h_1600,c_limit,f_auto,fl_lossy,q_auto/artlogicstorage/pilevneligallery/images/view/5600f956c3f7ceccf05cd960eea2b500p/p-levnel-al-elmaci-dudaklar-m-p-kalbimi-han-erle-viii-2022.png",media/2c91d9e5fa915730da75b205.png,saved,196158
"https://static-assets.artlogic.net/w_1600,h_1600,c_limit,f_auto,fl_lossy,q_auto/artlogicstorage/pilevneligallery/images/view/ebc8c829df26df9e698958073bd551f3p/p-levnel-al-elmaci-iddetin-ne-ho-ne-g-zel-efkatin-i-2022.png",media/ac4643dde799a5ac455a0d27.png,saved,144232
"https://static-assets.artlogic.net/w_1600,h_1600,c_limit,f_auto,fl_lossy,q_auto/artlogicstorage/pilevneligallery/images/view/3dbed4708b0c4a350e167b0f395779cep/p-levnel-al-elmaci-iddetin-ne-ho-ne-g-zel-efkatin-ii-2022.png",media/97667daf08cdb30c505ce82f.png,saved,71124
"https://static-assets.artlogic.net/w_1600,h_1600,c_limit,f_auto,fl_lossy,q_auto/artlogicstorage/pilevneligallery/images/view/38a3b87f528de981c31de2cf731ee8f7p/p-levnel-al-elmaci-dudaklar-m-p-kalbimi-han-erle-vii-2021.png",media/7d436791f039bb1c72a24027.png,saved,105314
"https://static-assets.artlogic.net/w_1600,h_1600,c_limit,f_auto,fl_lossy,q_auto/artlogicstorage/pilevneligallery/images/view/a8c9cec59c5b201d56f9303f288e8b6fj/p-levnel-al-elmaci-dudaklar-m-p-kalbimi-han-erle-ii-2021.jpg",media/6e471fea33da530c2b5402c3.jpg,saved,104612
"https://static-assets.artlogic.net/w_1600,h_1600,c_limit,f_auto,fl_lossy,q_auto/artlogicstorage/pilevneligallery/images/view/f3610421a88fad42c3471defa4c7c3b0p/p-levnel-al-elmaci-dudaklar-m-p-kalbimi-han-erle-vi-2021.png",media/69aeeba6f3bdaa44e97eb36d.png,saved,112946
"https://static-assets.artlogic.net/w_1600,h_1600,c_limit,f_auto,fl_lossy,q_auto/artlogicstorage/pilevneligallery/images/view/2b7ac55c055a31fb71741f500b06a753p/p-levnel-al-elmaci-s-rprizlere-bay-l-r-m-i-i-love-surprises-i-2021.png",media/64c28aba84478b12b4a3f08e.png,saved,82060
"https://static-assets.artlogic.net/w_1600,h_1600,c_limit,f_auto,fl_lossy,q_auto/artlogicstorage/pilevneligallery/images/view/565bd6834e5e0eba46b8b70f594a9e62p/p-levnel-al-elmaci-s-rprizlere-bay-l-r-m-ii-i-love-surprises-ii-2021.png",media/6602876504a9bc348e3da32c.png,saved,86420
"https://static-assets.artlogic.net/w_1600,h_1600,c_limit,f_auto,fl_lossy,q_auto/artlogicstorage/pilevneligallery/images/view/0d89de885ade5d1fa511df42a6e9d27aj/p-levnel-al-elmaci-i-am-living-with-my-wounds-iv-2019.jpg",media/50a8fdd0d3eda0741f6c000b.jpg,saved,298946
"https://static-assets.artlogic.net/w_1600,h_1600,c_limit,f_auto,fl_lossy,q_auto/artlogicstorage/pilevneligallery/images/view/74f10609caedab6613d0732ab57ce761j/p-levnel-al-elmaci-love-me-with-the-hands-of-the-dead-i-2019.jpg",media/c2bc0085679cdce341cd1436.jpg,saved,411494
"https://static-assets.artlogic.net/w_1600,h_1600,c_limit,f_auto,fl_lossy,q_auto/artlogicstorage/pilevneligallery/images/view/03a426552fdd8317ad436b3e825f7cc9j/p-levnel-al-elmaci-herkes-babas-n-tas-r-ii-2017.jpg",media/f7804b6f1c4c49a609318ba6.jpg,saved,124982
"https://static-assets.artlogic.net/w_1600,h_1600,c_limit,f_auto,fl_lossy,q_auto/artlogicstorage/pilevneligallery/images/view/4c9ab04b8d0317d6a77aa2eeae29adb8j/p-levnel-al-elmaci-shadows-rise-when-the-weapons-are-drawn-v-2015.jpg",media/9b565226ccf01c48ee4d2c74.jpg,saved,367659
"https://static-assets.artlogic.net/w_1600,h_1600,c_limit,f_auto,fl_lossy,q_auto/artlogicstorage/pilevneligallery/images/view/ff80396b6cade47af808e8c71a6b6ad5j/p-levnel-al-elmaci-kill-him-make-me-laugh-iii-2014.jpg",media/42199cd91b76cc8883886fc1.jpg,saved,603956
"https://static-assets.artlogic.net/w_1600,h_1600,c_limit,f_auto,fl_lossy,q_auto/artlogicstorage/pilevneligallery/images/view/593cac5fa5475e5275954f34e5f645a8j/p-levnel-al-elmaci-inheritance-passes-from-father-to-son-v-2011.jpg",media/3921e8dadab0b007e59dfecd.jpg,saved,578916
"https://static-assets.artlogic.net/w_1600,h_1600,c_limit,f_auto,fl_lossy,q_auto/ws-pilevneli/usr/images/exhibitions/main_image_override/11/undetectable-son1-kare.gif",media/4b0a8b200ed17cda411c7e9f.gif,saved,132346
"https://static-assets.artlogic.net/w_1600,h_1600,c_limit,f_auto,fl_lossy,q_auto/ws-pilevneli/usr/images/exhibitions/main_image_override/19/flashblack-kare.gif",media/44f82c54678296f2a76553c9.gif,saved,78798
"https://static-assets.artlogic.net/w_1600,h_1600,c_limit,f_auto,fl_lossy,q_auto/ws-pilevneli/usr/images/artists/group_images_override/items/e7/e7fa480341f74e33a9538aaae22581ab/zoonoses.gif",media/2a5bf46e4bf728248294a479.gif,saved,113618
"https://static-assets.artlogic.net/w_1600,h_1600,c_limit,f_auto,fl_lossy,q_auto/ws-pilevneli/usr/images/publications/main_image/14/_10046.gif",media/e61ec3f3233c6eac5ee1f00e.gif,saved,162112
"https://static-assets.artlogic.net/w_1600,h_1600,c_limit,f_auto,fl_lossy,q_auto/ws-pilevneli/usr/images/news/main_image/10/bjarnenft.gif",media/87e524a02a87e1fc63ae2330.gif,saved,233638
"https://static-assets.artlogic.net/w_1600,h_1600,c_limit,f_auto,fl_lossy,q_auto/ws-pilevneli/usr/images/artists/group_images_override/items/07/07f86e05110c4d008d02a233a796c7ed/28870d79fd1035744a37ada1b3b7c600.jpg",media/7cd0ce1c377e215a7b59bfe6.jpg,saved,313154
"https://static-assets.artlogic.net/w_1600,h_1600,c_limit,f_auto,fl_lossy,q_auto/artlogicstorage/pilevneligallery/images/view/872320f485eb9af1799b7156979a8946j/p-levnel-bjarne-melgaard-simsiz-untitled-2021.jpg",media/f48848ab3458407718496ad5.jpg,saved,207122
"https://static-assets.artlogic.net/w_1600,h_1600,c_limit,f_auto,fl_lossy,q_auto/artlogicstorage/pilevneligallery/images/view/6b3686bc284f39a4b233f3f6fd1c3ae4j/p-levnel-bjarne-melgaard-simsiz-untitled-2021.jpg",media/ba328dcf5f5fb7fec7ed8afc.jpg,saved,173296
"https://static-assets.artlogic.net/w_1600,h_1600,c_limit,f_auto,fl_lossy,q_auto/artlogicstorage/pilevneligallery/images/view/402d1b6b8d3c228501996df9fe90566bj/p-levnel-bjarne-melgaard-simsiz-untitled-2021.jpg",media/2549e5d307211a52aa1f3f06.jpg,saved,180552
"https://static-assets.artlogic.net/w_1600,h_1600,c_limit,f_auto,fl_lossy,q_auto/artlogicstorage/pilevneligallery/images/view/0abc0e2b91e20fa35b954e398c019287j/p-levnel-bjarne-melgaard-simsiz-untitled-2021.jpg",media/faeee71d60f29763bde64b2e.jpg,saved,272210
"https://static-assets.artlogic.net/w_1600,h_1600,c_limit,f_auto,fl_lossy,q_auto/artlogicstorage/pilevneligallery/images/view/c782baeb7c94ea6158779edd53f7611aj/p-levnel-bjarne-melgaard-simsiz-untitled-2021.jpg",media/4dbf7d4d3bc0d5d67875c1e5.jpg,saved,183408
"https://static-assets.artlogic.net/w_1600,h_1600,c_limit,f_auto,fl_lossy,q_auto/artlogicstorage/pilevneligallery/images/view/0adc122a3d57ba6abff4241486b48724j/p-levnel-bjarne-melgaard-simsiz-untitled-2021.jpg",media/9c9ba5cb31b8f3aba2193f3a.jpg,saved,225192
"https://static-assets.artlogic.net/w_1600,h_1600,c_limit,f_auto,fl_lossy,q_auto/artlogicstorage/pilevneligallery/images/view/d52f8c90abd47b180ca3e274bb16668aj/p-levnel-bjarne-melgaard-simsiz-untitled-2021.jpg",media/e250ec442788c6b142560047.jpg,saved,186620
"https://static-assets.artlogic.net/w_1600,h_1600,c_limit,f_auto,fl_lossy,q_auto/artlogicstorage/pilevneligallery/images/view/981c4fd7bbe9fb33e15b40dbe27205a9g/p-levnel-bjarne-melgaard-ignorant-transparencies-2014.gif",media/26fd582cd95fcfaae468b0e6.gif,saved,347826
"https://static-assets.artlogic.net/w_1600,h_1600,c_limit,f_auto,fl_lossy,q_auto/artlogicstorage/pilevneligallery/images/view/837247da28e7a3c06a4fbde3b2b6c72eg/p-levnel-bjarne-melgaard-allen-jones-remakes-suite-of-three-figures-chair-2013.gif",media/8a288db25faa8819de65b157.gif,saved,116782
"https://static-assets.artlogic.net/w_1600,h_1600,c_limit,f_auto,fl_lossy,q_auto/artlogicstorage/pilevneligallery/images/view/9929ed966bf78d9c16cce8e5ba6f6ae2g/p-levnel-bjarne-melgaard-allen-jones-remakes-suite-of-three-figures-hat-stand-2013.gif",media/2f832dbebe3c5c9231a8e77a.gif,saved,94312
"https://static-assets.artlogic.net/w_1600,h_1600,c_limit,f_auto,fl_lossy,q_auto/artlogicstorage/pilevneligallery/images/view/221562428d3bef85d5b40ae48425ec3dg/p-levnel-bjarne-melgaard-allen-jones-remakes-suite-of-three-figures-table-2013.gif",media/ceae806a929341333c07a913.gif,saved,25008
"https://static-assets.artlogic.net/w_1600,h_1600,c_limit,f_auto,fl_lossy,q_auto/artlogicstorage/pilevneligallery/images/view/da9ed2c6308c52f5514043f136656a8ag/p-levnel-bjarne-melgaard-untitled-2013.gif",media/76852f85164593f2000327fd.gif,saved,241296
"https://static-assets.artlogic.net/w_1600,h_1600,c_limit,f_auto,fl_lossy,q_auto/artlogicstorage/pilevneligallery/images/view/9d47eb32a95b75f12ac100bb8acf8144g/p-levnel-bjarne-melgaard-baton-sinister-2011.gif",media/14c9c82ec06dae6770dda420.gif,saved,377458
"https://static-assets.artlogic.net/w_1600,h_1600,c_limit,f_auto,fl_lossy,q_auto/artlogicstorage/pilevneligallery/images/view/57fddc3f86afa7ef634aee421419cd2dg/p-levnel-bjarne-melgaard-brothers-with-three-legs-2010.gif",media/59927c5dff8b71e545e81797.gif,saved,67487
"https://static-assets.artlogic.net/w_1600,h_1600,c_limit,f_auto,fl_lossy,q_auto/ws-pilevneli/usr/images/events/main_image_override/31/pmic0877.jpg",media/3e439635f6ddf733b30b272c.jpg,saved,286588
"https://static-assets.artlogic.net/w_1600,h_1600,c_limit,f_auto,fl_lossy,q_auto/ws-pilevneli/usr/images/events/main_image_override/23/dusseldorf_image.jpg",media/17842e4cce64ac0800f23e8f.jpg,saved,157788
"https://static-assets.artlogic.net/w_1600,h_1600,c_limit,f_auto,fl_lossy,q_auto/ws-pilevneli/usr/images/exhibitions/main_image_override/108/banner.jpg",media/e7df2d5bdb25f231910b6fd5.jpg,saved,810076
"https://static-assets.artlogic.net/w_1600,h_1600,c_limit,f_auto,fl_lossy,q_auto/ws-pilevneli/usr/images/exhibitions/main_image_override/77/ss-054-image-cropped.jpg",media/ba3f708e70925bfd251b15f6.jpg,saved,601844
"https://static-assets.artlogic.net/w_1600,h_1600,c_limit,f_auto,fl_lossy,q_auto/ws-pilevneli/usr/images/exhibitions/main_image_override/64/serkan_list.gif",media/9dfcbdcfba6ac9eb34acad86.gif,saved,134950
"https://static-assets.artlogic.net/w_1600,h_1600,c_limit,f_auto,fl_lossy,q_auto/ws-pilevneli/usr/images/exhibitions/main_image_override/52/serkan_listimagegif.gif",media/6dd3f6e36fb7d68756105270.gif,saved,146358
"https://static-assets.artlogic.net/w_1600,h_1600,c_limit,f_auto,fl_lossy,q_auto/ws-pilevneli/usr/images/news/main_image_override/139/2a20d24e-c405-49a2-b655-d5f80982f50a.jpg",media/0a19ab1dd94048904f0f8700.jpg,saved,173406
"https://static-assets.artlogic.net/w_1600,h_1600,c_limit,f_auto,fl_lossy,q_auto/ws-pilevneli/usr/images/news/main_image/95/b5f8ba9a-3536-477a-a7c8-4abfc364dcf5.jpeg",media/035ab20b99e98585968d2afc.jpeg,saved,157550
"https://static-assets.artlogic.net/w_1600,h_1600,c_limit,f_auto,fl_lossy,q_auto/ws-pilevneli/usr/images/news/main_image/89/blake-edit.jpg",media/094d4ebef7c1467dee945723.jpg,saved,116790
"https://static-assets.artlogic.net/w_1600,h_1600,c_limit,f_auto,fl_lossy,q_auto/ws-pilevneli/usr/images/artists/group_images_override/items/80/801b9ccc107442ef9780074ae4a48989/serkan_211108_206-1-edit.jpg",media/660a57fc83e5a96dd04efafc.jpg,saved,159634
"https://static-assets.artlogic.net/w_1600,h_1600,c_limit,f_auto,fl_lossy,q_auto/ws-pilevneli/usr/images/press/main_image/items/21/21d7d63242404f71b2ada005e7bbe7c7/serkan-sar-er-hubri-s-cumhuriyet-gazetesi-haber.jpg",media/2f2c9f5f6b0e9ccfecab846f.jpg,saved,47722
"https://static-assets.artlogic.net/w_1600,h_1600,c_limit,f_auto,fl_lossy,q_auto/ws-pilevneli/usr/images/press/main_image_override/26/screenshot-2024-11-02-at-15.00.28.png",media/4b87e335e4a8ae7e5e334a5b.png,saved,147190
"https://static-assets.artlogic.net/w_1600,h_1600,c_limit,f_auto,fl_lossy,q_auto/ws-pilevneli/usr/images/press/main_image/items/03/03033c0743764e839905bae9281d1bfa/screenshot-2024-10-31-at-13.24.45.png",media/b8dd8ac5e60d14d54a347c0a.png,saved,35542
"https://static-assets.artlogic.net/w_1600,h_1600,c_limit,f_auto,fl_lossy,q_auto/artlogicstorage/pilevneligallery/images/view/c66a0e849da641c7aeef4ea44b2e0153p/p-levnel-serkan-sarier-novan-erebus-i-2025.png",media/0f913280fe1d915af0d9df63.png,saved,223522
"https://static-assets.artlogic.net/w_1600,h_1600,c_limit,f_auto,fl_lossy,q_auto/artlogicstorage/pilevneligallery/images/view/98dcfe6c49955d73280e0550a5c2b1e2j/p-levnel-serkan-sarier-novan-erebus-ii-2025.jpg",media/e847d1f6e4c6e44182214418.jpg,saved,372624
"https://static-assets.artlogic.net/w_1600,h_1600,c_limit,f_auto,fl_lossy,q_auto/artlogicstorage/pilevneligallery/images/view/8664247373bf66d7d3fc567c0ce9dd01j/p-levnel-serkan-sarier-hubris-i-2024.jpg",media/bfe0074996610e9e6a42e3cb.jpg,saved,306370
"https://static-assets.artlogic.net/w_1600,h_1600,c_limit,f_auto,fl_lossy,q_auto/artlogicstorage/pilevneligallery/images/view/e1fffafe84e65641feccea2b5c7116d0j/p-levnel-serkan-sarier-hubris-ii-2024.jpg",media/a82f9cca10fdbd9ee03f46fc.jpg,saved,394940
"https://static-assets.artlogic.net/w_1600,h_1600,c_limit,f_auto,fl_lossy,q_auto/artlogicstorage/pilevneligallery/images/view/de3ef2f87025d6921f9be4a412c86b1fj/p-levnel-serkan-sarier-hubris-iii-2024.jpg",media/a0aa64e9ce87b59a9fc6e64b.jpg,saved,317286
"https://static-assets.artlogic.net/w_1600,h_1600,c_limit,f_auto,fl_lossy,q_auto/artlogicstorage/pilevneligallery/images/view/6b69954c69037ac3ff0e8b1a9e87757fj/p-levnel-serkan-sarier-hubris-v-2024.jpg",media/fac165fc0f80ffc98ae953cd.jpg,saved,564340
"https://static-assets.artlogic.net/w_1600,h_1600,c_limit,f_auto,fl_lossy,q_auto/artlogicstorage/pilevneligallery/images/view/bfb80f2c82b2f378beac094df732ab6cj/p-levnel-serkan-sarier-hubris-x-2024.jpg",media/906402932977db690e182c90.jpg,saved,234852
"https://static-assets.artlogic.net/w_1600,h_1600,c_limit,f_auto,fl_lossy,q_auto/artlogicstorage/pilevneligallery/images/view/235e9e3e7a75c6f5e4c8d76ff9e753dbj/p-levnel-serkan-sarier-hubris-xi-2024.jpg",media/c6dfa92f048b38168a421e20.jpg,saved,262486
"https://static-assets.artlogic.net/w_1600,h_1600,c_limit,f_auto,fl_lossy,q_auto/artlogicstorage/pilevneligallery/images/view/66fb346351b6ece87a61cda129c625e6j/p-levnel-serkan-sarier-hubris-xx-2024.jpg",media/41bd1c361564f8ce0537fec9.jpg,saved,343610
"https://static-assets.artlogic.net/w_1600,h_1600,c_limit,f_auto,fl_lossy,q_auto/artlogicstorage/pilevneligallery/images/view/c9dd3daac3840a0a1e7fdfaadbb99dfaj/p-levnel-serkan-sarier-hubris-xxii-2024.jpg",media/ce99fe737478bd5f56b64811.jpg,saved,52934
"https://static-assets.artlogic.net/w_1600,h_1600,c_limit,f_auto,fl_lossy,q_auto/artlogicstorage/pilevneligallery/images/view/b78ae741727ff3d1fdb14e7e02f80ddaj/p-levnel-serkan-sarier-seething-dawn-i-2024.jpg",media/c2983f5dec763e539dc7541f.jpg,saved,193466
"https://static-assets.artlogic.net/w_1600,h_1600,c_limit,f_auto,fl_lossy,q_auto/artlogicstorage/pilevneligallery/images/view/9b72e42f131b6e8d1622ce02ee488bd9j/p-levnel-serkan-sarier-der-bienenk-nig-2022.jpg",media/a736f13b341a36d4399f47a3.jpg,saved,7910
"https://static-assets.artlogic.net/w_1600,h_1600,c_limit,f_auto,fl_lossy,q_auto/artlogicstorage/pilevneligallery/images/view/ebf811d985f3b67950af4bf3840b1fdep/p-levnel-serkan-sarier-der-bienenk-nig-reclining-2022.png",media/60c168881c54ca0e4849720f.png,saved,11268
"https://static-assets.artlogic.net/w_1600,h_1600,c_limit,f_auto,fl_lossy,q_auto/artlogicstorage/pilevneligallery/images/view/0e3fff4dd18d4dd811f85e0ebd647b5cj/p-levnel-serkan-sarier-inconclusive-drone-xi-2022.jpg",media/a07abd3f88d01212fbc8d1f7.jpg,saved,131490
"https://static-assets.artlogic.net/w_1600,h_1600,c_limit,f_auto,fl_lossy,q_auto/artlogicstorage/pilevneligallery/images/view/e47db23d9ac889858ff6ee19dc385be8j/p-levnel-serkan-sarier-inconclusive-drone-xvi-2022.jpg",media/f1137015e83a11a8c891a0ac.jpg,saved,132552
"https://static-assets.artlogic.net/w_1600,h_1600,c_limit,f_auto,fl_lossy,q_auto/artlogicstorage/pilevneligallery/images/view/d4ffcce0ac85c05d3c3a59d6b33ccbedj/p-levnel-serkan-sarier-unknown-algorithm-i-2022.jpg",media/3b2b9d3cef7d246458067fee.jpg,saved,156206
"https://static-assets.artlogic.net/w_1600,h_1600,c_limit,f_auto,fl_lossy,q_auto/artlogicstorage/pilevneligallery/images/view/5f8ff61ceca5d4c088734f16d1920ddcj/p-levnel-serkan-sarier-unknown-algorithm-ii-2022.jpg",media/439966e21a7ed56bf4d8631b.jpg,saved,165630
"https://static-assets.artlogic.net/w_1600,h_1600,c_limit,f_auto,fl_lossy,q_auto/artlogicstorage/pilevneligallery/images/view/f5ca517b96865a495eed117338c9bb39g/p-levnel-serkan-sarier-they-eat-their-young-structure-i-2020.gif",media/511546f0d7aa18a0179f3ccd.gif,saved,210924
"https://static-assets.artlogic.net/w_1600,h_1600,c_limit,f_auto,fl_lossy,q_auto/artlogicstorage/pilevneligallery/images/view/cadde08302883d16a5e611bb76c9eb58g/p-levnel-serkan-sarier-they-eat-their-young-structure-ii-2020.gif",media/d0714629e0c8f444f82298a2.gif,saved,315342
"https://static-assets.artlogic.net/w_1600,h_1600,c_limit,f_auto,fl_lossy,q_auto/artlogicstorage/pilevneligallery/images/view/987763530f7963ff4193e9c038d0132fg/p-levnel-serkan-sarier-they-eat-their-young-structure-iii-2020.gif",media/13b908e4c1ea686ee0566555.gif,saved,303288
"https://static-assets.artlogic.net/w_1600,h_1600,c_limit,f_auto,fl_lossy,q_auto/artlogicstorage/pilevneligallery/images/view/01877ccf73ba1a098044558deb31bed0g/p-levnel-serkan-sarier-dessipation-2018.gif",media/c06d2a65bf1e61318c91f418.gif,saved,260814
"https://static-assets.artlogic.net/w_1600,h_1600,c_limit,f_auto,fl_lossy,q_auto/artlogicstorage/pilevneligallery/images/view/26f03f526bcfc1193ea2db54dd3442e5g/p-levnel-serkan-sarier-do-i-matter-2018.gif",media/e238569d58ba88b0296863b3.gif,saved,172105
"https://static-assets.artlogic.net/w_1600,h_1600,c_limit,f_auto,fl_lossy,q_auto/artlogicstorage/pilevneligallery/images/view/cdbe65930d4574cb0dc6ab01a622dd48g/p-levnel-serkan-sarier-evening-2018.gif",media/8b8c3b22eef4ff2409d5e0bd.gif,saved,337680
"https://static-assets.artlogic.net/w_1600,h_1600,c_limit,f_auto,fl_lossy,q_auto/artlogicstorage/pilevneligallery/images/view/c0e68aa34596f586fda23018b5189fe6g/p-levnel-serkan-sarier-man-contemplating-the-view-2018.gif",media/53f305a8cb444d64a94cc775.gif,saved,181754
"https://static-assets.artlogic.net/w_1600,h_1600,c_limit,f_auto,fl_lossy,q_auto/artlogicstorage/pilevneligallery/images/view/6e3647362028c5024f870b264317739eg/p-levnel-serkan-sarier-nobody-i-2017.gif",media/9d85503e64bdf03a9bedd91f.gif,saved,94076
"https://static-assets.artlogic.net/w_1600,h_1600,c_limit,f_auto,fl_lossy,q_auto/artlogicstorage/pilevneligallery/images/view/97ec358fa120a10a81868fc507e05a97g/p-levnel-serkan-sarier-rem-2017.gif",media/1ca7d8da4dc7934c5e2e2178.gif,saved,147856
"https://static-assets.artlogic.net/w_1600,h_1600,c_limit,f_auto,fl_lossy,q_auto/artlogicstorage/pilevneligallery/images/view/4707b214f59bbe51e12606db3c3d3659j/p-levnel-serkan-sarier-hubris-xi-2024.jpg",media/e30d47b6afc444258f26b694.jpg,saved,30114
"https://static-assets.artlogic.net/w_1600,h_1600,c_limit,f_auto,fl_lossy,q_auto/artlogicstorage/pilevneligallery/images/view/2546bf856a13c510876b4d539fd63fe9j/p-levnel-serkan-sarier-hubris-xx-2024.jpg",media/2f8f83a669bae60854484d51.jpg,saved,48488
"https://static-assets.artlogic.net/w_1600,h_1600,c_limit,f_auto,fl_lossy,q_auto/artlogicstorage/pilevneligallery/images/view/8d55a66371bd69a7871fb6d510347390j/p-levnel-serkan-sarier-hubris-iii-2024.jpg",media/2e42c98231c3e9b70f78cf68.jpg,saved,41216
"https://static-assets.artlogic.net/w_1600,h_1600,c_limit,f_auto,fl_lossy,q_auto/artlogicstorage/pilevneligallery/images/view/dd20c60c096d811f3328700792059ac9j/p-levnel-serkan-sarier-hubris-iii-2024.jpg",media/780cf7da8b78a7926c5d2227.jpg,saved,58464
"https://static-assets.artlogic.net/w_1600,h_1600,c_limit,f_auto,fl_lossy,q_auto/artlogicstorage/pilevneligallery/images/view/3315bc33c7627e77e704a46ec8108f33j/p-levnel-serkan-sarier-hubris-iii-2024.jpg",media/61d881132f22620bd239fb4a.jpg,saved,56994
"https://static-assets.artlogic.net/w_1600,h_1600,c_limit,f_auto,fl_lossy,q_auto/artlogicstorage/pilevneligallery/images/view/c7fb748a0c68cf92eef4063a4afbbea4j/p-levnel-serkan-sarier-hubris-i-2024.jpg",media/d409914d4cad3b5eba19f815.jpg,saved,64842
"https://static-assets.artlogic.net/w_1600,h_1600,c_limit,f_auto,fl_lossy,q_auto/artlogicstorage/pilevneligallery/images/view/9732423fa6f638f4196cef92db616452j/p-levnel-serkan-sarier-hubris-ii-2024.jpg",media/c4b86b88ade007ebd235887d.jpg,saved,53186
"https://static-assets.artlogic.net/w_1600,h_1600,c_limit,f_auto,fl_lossy,q_auto/artlogicstorage/pilevneligallery/images/view/c61c501e94f12ac5de54936bdc97f725j/p-levnel-serkan-sarier-novan-erebus-ii-2025.jpg",media/a7a3e9fd8750ba7f0b73c5dd.jpg,saved,190150
"https://static-assets.artlogic.net/w_1600,h_1600,c_limit,f_auto,fl_lossy,q_auto/ws-pilevneli/usr/images/exhibitions/main_image_override/128/1e9a9238-1.jpg",media/49d5cf443c941a68d008c5a3.jpg,saved,45532
"https://static-assets.artlogic.net/w_1600,h_1600,c_limit,f_auto,fl_lossy,q_auto/ws-pilevneli/usr/images/exhibitions/main_image_override/99/boraak-nc-tu-rk.jpeg",media/d6cc9d8db45b265924ef01db.jpeg,saved,73660
"https://static-assets.artlogic.net/w_1600,h_1600,c_limit,f_auto,fl_lossy,q_auto/ws-pilevneli/usr/images/exhibitions/main_image_override/30/applause-kare.gif",media/94711e4a575279b8f5008eb0.gif,saved,343598
"https://static-assets.artlogic.net/w_1600,h_1600,c_limit,f_auto,fl_lossy,q_auto/ws-pilevneli/usr/images/exhibitions/main_image_override/20/ba-im-so-happy-kare.gif",media/bd3e42b70fd5c397b8a45247.gif,saved,185036
"https://static-assets.artlogic.net/w_1600,h_1600,c_limit,f_auto,fl_lossy,q_auto/ws-pilevneli/usr/images/artists/group_images_override/items/dd/dd6643f4f07546ccbb8006682aa00b82/whatsapp-image-2024-04-24-at-15.23.22.jpeg",media/ba25c38a0e000f12d8ca8e1c.jpeg,saved,75492
"https://static-assets.artlogic.net/w_1600,h_1600,c_limit,f_auto,fl_lossy,q_auto/ws-pilevneli/usr/images/artworks/main_image/items/d1/d1fb588bf6ae468692da25990b8bce16/oa-132-hq.jpg",media/d84219ffbe5346e621978e4c.jpg,saved,144690
"https://static-assets.artlogic.net/w_1600,h_1600,c_limit,f_auto,fl_lossy,q_auto/ws-pilevneli/usr/images/artists/group_images_override/items/c1/c1cf84f11732464cb6ff9442fb10af76/tony-matelli-portrait-e1645943695222.jpg",media/12a29ced6c08bce74289f6c6.jpg,saved,62388
"https://static-assets.artlogic.net/w_1600,h_1600,c_limit,f_auto,fl_lossy,q_auto/artlogicstorage/pilevneligallery/images/view/ef2605535f3b6f24dce13164fed35a81g/p-levnel-tony-matelli-weed-532-2019.gif",media/0b65e4bcf45215ce48c6299b.gif,saved,38572
"https://static-assets.artlogic.net/w_1600,h_1600,c_limit,f_auto,fl_lossy,q_auto/artlogicstorage/pilevneligallery/images/view/66e7cba0ea154d78f240999f585d82b4g/p-levnel-tony-matelli-head-blood-orange-2018.gif",media/fe73bc11ce2f01d33d3d0847.gif,saved,63196
"https://static-assets.artlogic.net/w_1600,h_1600,c_limit,f_auto,fl_lossy,q_auto/artlogicstorage/pilevneligallery/images/view/8202d40e65025d2d130ce62e00552804g/p-levnel-tony-matelli-weed-440-2018.gif",media/fed229bacf773f34e31b1d67.gif,saved,92350
"https://static-assets.artlogic.net/w_1600,h_1600,c_limit,f_auto,fl_lossy,q_auto/artlogicstorage/pilevneligallery/images/view/bd45c3f45a3130e6866cb6b3b1721b02g/p-levnel-tony-matelli-weed-443-2018.gif",media/8a9355e74693a280d02c79e5.gif,saved,168304
"https://static-assets.artlogic.net/w_1600,h_1600,c_limit,f_auto,fl_lossy,q_auto/artlogicstorage/pilevneligallery/images/view/cfd70c935692cf27f574043939294bb7g/p-levnel-tony-matelli-dots-2-2014.gif",media/6313e42246b04768ecc1a23f.gif,saved,176388
"https://static-assets.artlogic.net/w_1600,h_1600,c_limit,f_auto,fl_lossy,q_auto/artlogicstorage/pilevneligallery/images/view/5df76fbcad16d4a6daa19e7133eebaa5g/p-levnel-tony-matelli-twins-2014.gif",media/b0fedddbc6629d889aef9949.gif,saved,280786
"https://static-assets.artlogic.net/w_1600,h_1600,c_limit,f_auto,fl_lossy,q_auto/artlogicstorage/pilevneligallery/images/view/7c93837bf58d82b3f86a261f734a1537g/p-levnel-tony-matelli-glass-of-water-2011.gif",media/db65f4f9472ce3590ed0987a.gif,saved,24404
"https://static-assets.artlogic.net/w_1600,h_1600,c_limit,f_auto,fl_lossy,q_auto/artlogicstorage/pilevneligallery/images/view/44c3fcd5cb794b44ec7fa3f9f1d30ea0g/p-levnel-tony-matelli-sleepwalker-2009.gif",media/1586c93f026e09abcc77b60a.gif,saved,44226
"https://static-assets.artlogic.net/w_1600,h_1600,c_limit,f_auto,fl_lossy,q_auto/ws-pilevneli/usr/images/exhibitions/main_image_override/23/meloncholic-alternatif-kare3.gif",media/4f271e50362ebcb6f2b91304.gif,saved,233472
"https://static-assets.artlogic.net/w_1600,h_1600,c_limit,f_auto,fl_lossy,q_auto/ws-pilevneli/usr/images/artists/group_images_override/items/10/10776de34ac4403a908666b91bf65589/ida-tursic-_-wilfried-mille_portre.jpg",media/a6528e17a47dba1b700ed07a.jpg,saved,63222
"https://static-assets.artlogic.net/w_1600,h_1600,c_limit,f_auto,fl_lossy,q_auto/artlogicstorage/pilevneligallery/images/view/97d6f84971d90d5160633ac7fc80603cg/p-levnel-ida-tursic-wilfried-mille-huit-ou-neuf-peintures-pour-r-fl-chir-si-l-on-peut-continuer-ainsi-2019.gif",media/4cb04cc1cc4f4a62c283970b.gif,saved,143248
"https://static-assets.artlogic.net/w_1600,h_1600,c_limit,f_auto,fl_lossy,q_auto/artlogicstorage/pilevneligallery/images/view/0ac13f166d9404e572b30e4bfa0c2b94g/p-levnel-ida-tursic-wilfried-mille-if-rothko-was-a-carpenter-partir-d-un-souvenir-lointain-d-une-peinture-de-malevitch-sans-v-rifications-pr-alables-accompagn-de-son-bichon-20.gif",media/6a320bdd6d0f202e16aa14fb.gif,saved,112890
"https://static-assets.artlogic.net/w_1600,h_1600,c_limit,f_auto,fl_lossy,q_auto/artlogicstorage/pilevneligallery/images/view/4288a05e7c171d022dd0c2f30b66fa5ag/p-levnel-ida-tursic-wilfried-mille-bettie-and-the-duck-2017.gif",media/c38d00b18023d7419317cf2c.gif,saved,156786
"https://static-assets.artlogic.net/w_1600,h_1600,c_limit,f_auto,fl_lossy,q_auto/artlogicstorage/pilevneligallery/images/view/6c27ff38d89b4df9479106dfb36d3f6eg/p-levnel-ida-tursic-wilfried-mille-doubtful-bettie-2017.gif",media/d220873094590256b257d5da.gif,saved,198780
"https://static-assets.artlogic.net/w_1600,h_1600,c_limit,f_auto,fl_lossy,q_auto/artlogicstorage/pilevneligallery/images/view/6b8011760a14a5830d2a9d1c81c39ca6g/p-levnel-ida-tursic-wilfried-mille-landscape-in-red-2017.gif",media/9c1646a5e3c1924e98613e51.gif,saved,25884
"https://static-assets.artlogic.net/w_1600,h_1600,c_limit,f_auto,fl_lossy,q_auto/ws-pilevneli/usr/images/artworks/main_image/items/21/21fefc9305274b50945c2ec545bdd3a9/energizeberlin.gif",media/bf1ef2ddd27d9e6785fcf4c9.gif,saved,182112
"https://static-assets.artlogic.net/w_1600,h_1600,c_limit,f_auto,fl_lossy,q_auto/ws-pilevneli/usr/images/exhibitions/main_image_override/37/untitled-1.gif",media/146d45b70ae0e91162b237bc.gif,saved,228744
"https://static-assets.artlogic.net/w_1600,h_1600,c_limit,f_auto,fl_lossy,q_auto/ws-pilevneli/usr/images/exhibitions/main_image_override/31/tobias-better-kare.gif",media/ea49111129cb24c4e41f461c.gif,saved,167498
"https://static-assets.artlogic.net/w_1600,h_1600,c_limit,f_auto,fl_lossy,q_auto/ws-pilevneli/usr/images/artists/group_images_override/items/9b/9bae4fd625a7430a95f99838e08b7a81/tobias_rehberger__c__swatch.jpg",media/5b49a0bc51b9b4214ba04086.jpg,saved,225378
"https://static-assets.artlogic.net/w_1600,h_1600,c_limit,f_auto,fl_lossy,q_auto/artlogicstorage/pilevneligallery/images/view/dfaa67daeba1d96b5d1a054f15cd974fg/pilevneli-tobias-rehberger-yourself-is-sometimes-a-place-to-call-your-own-2018.gif",media/aaf6561ea6c988878666bd9f.gif,saved,267394
"https://static-assets.artlogic.net/w_1600,h_1600,c_limit,f_auto,fl_lossy,q_auto/artlogicstorage/pilevneligallery/images/view/bf340c609515d53be3cd99a4bf622f90g/pilevneli-tobias-rehberger-1661-1910-from-nagasaki-meiji-setti-2015.gif",media/b4832e27beb39dbe690bf932.gif,saved,217484
"https://static-assets.artlogic.net/w_1600,h_1600,c_limit,f_auto,fl_lossy,q_auto/artlogicstorage/pilevneligallery/images/view/23dad15896b2280b7780f94cecef92efg/pilevneli-tobias-rehberger-was-du-liebst-bringt-dich-auch-zum-weinen-2009.gif",media/8025ed9c8901cf3a2d542769.gif,saved,169902
"https://static-assets.artlogic.net/w_1600,h_1600,c_limit,f_auto,fl_lossy,q_auto/artlogicstorage/pilevneligallery/images/view/34426986f5dd7e2f640faedeea365b2ag/pilevneli-tobias-rehberger-the-chicken-and-egg-no-problem-wall-painting-2008.gif",media/1cd1ee1f875ffc3f5ad3a726.gif,saved,220130
"https://static-assets.artlogic.net/w_1600,h_1600,c_limit,f_auto,fl_lossy,q_auto/artlogicstorage/pilevneligallery/images/view/1e1b1b21ea5c40ba11af518ad0f5b118g/pilevneli-tobias-rehberger-i-die-every-day-2005.gif",media/a73a0f4b711d2c6423a97b68.gif,saved,288440
"https://static-assets.artlogic.net/w_1600,h_1600,c_limit,f_auto,fl_lossy,q_auto/artlogicstorage/pilevneligallery/images/view/01706a02aed82a2642cca9b1aa7b0b89g/pilevneli-tobias-rehberger-gel-ut-bis-ich-s-h-r-2002.gif",media/731591171602a0a9d8f6a9cc.gif,saved,254962
"https://static-assets.artlogic.net/w_1600,h_1600,c_limit,f_auto,fl_lossy,q_auto/artlogicstorage/pilevneligallery/images/view/5f7d2bc3d46a341e006196a0d7579554g/pilevneli-tobias-rehberger-1661-1910-from-nagasaki-meiji-setti-2015.gif",media/cdbfabec6fa709024aa0fc52.gif,saved,884469
"https://static-assets.artlogic.net/w_1600,h_1600,c_limit,f_auto,fl_lossy,q_auto/artlogicstorage/pilevneligallery/images/view/cec6c9fca14f86a24f3108c7703d3af1g/pilevneli-tobias-rehberger-1661-1910-from-nagasaki-meiji-setti-2015.gif",media/3e2ecc6b083666bc88547e0d.gif,saved,919960
"https://static-assets.artlogic.net/w_1600,h_1600,c_limit,f_auto,fl_lossy,q_auto/artlogicstorage/pilevneligallery/images/view/5caaf3f96b2da650941e9b014ff08f5bg/pilevneli-tobias-rehberger-1661-1910-from-nagasaki-meiji-setti-2015.gif",media/b32a563b33fc68cbac8443a4.gif,saved,919873
"https://static-assets.artlogic.net/w_1600,h_1600,c_limit,f_auto,fl_lossy,q_auto/ws-pilevneli/usr/images/exhibitions/main_image_override/42/exhibitionlist.gif",media/9b9bf8efc0ca476786867642.gif,saved,49460
"https://static-assets.artlogic.net/w_1600,h_1600,c_limit,f_auto,fl_lossy,q_auto/ws-pilevneli/usr/images/news/main_image/46/x313813642_2078294515704119_794829942873627377_n.jpg",media/55372779834d1543df93cde5.jpg,saved,77422
"https://static-assets.artlogic.net/w_1600,h_1600,c_limit,f_auto,fl_lossy,q_auto/ws-pilevneli/usr/images/artworks/main_image/items/d9/d9ec16815b1144f18200f3a72f1897e3/df_gestes-danse-s_theresa-fernando-4.gif",media/921335d881614d8cb1ee9f42.gif,saved,28004
"https://static-assets.artlogic.net/w_1600,h_1600,c_limit,f_auto,fl_lossy,q_auto/ws-pilevneli/usr/images/artworks/main_image/items/de/de6174af6d28427cbaf39bb659957a55/daniel-firman-inside-the-a-tre-graslin-cre-ation-2018-pour-le-voyage-a-nantes-martin-argyroglo-_-lvan-7-.gif",media/d7c05fd22db30136bf2b5714.gif,saved,133418
"https://static-assets.artlogic.net/w_1600,h_1600,c_limit,f_auto,fl_lossy,q_auto/ws-pilevneli/usr/images/artworks/main_image/items/e7/e7a7aa4dd76d41718ecc88bb67174e17/daniel-firman_dsc6677.gif",media/d9714aa652214bb3f88c1358.gif,saved,212412
"https://static-assets.artlogic.net/w_1600,h_1600,c_limit,f_auto,fl_lossy,q_auto/ws-pilevneli/usr/images/artworks/main_image/items/bf/bf76a3bcba7541fe8852f3d66821d956/df_attitude_jade-2.gif",media/340772022485189f035fa883.gif,saved,63220
"https://static-assets.artlogic.net/w_1600,h_1600,c_limit,f_auto,fl_lossy,q_auto/ws-pilevneli/usr/images/artworks/main_image/items/38/38e1dbcd339c4c618448ef84c88e1310/df_gestes-danse-s_duo-4.gif",media/50bb76af84e709596b996d16.gif,saved,50450
"https://static-assets.artlogic.net/w_1600,h_1600,c_limit,f_auto,fl_lossy,q_auto/ws-pilevneli/usr/images/artworks/main_image/items/19/19bb06cd2cb54fbe8c3389067ed3d95f/df_sculpture-objects-5.gif",media/b4790398f855c0cd2c5ef14b.gif,saved,41226
"https://static-assets.artlogic.net/w_1600,h_1600,c_limit,f_auto,fl_lossy,q_auto/ws-pilevneli/usr/images/artworks/main_image/items/3b/3b0acb81f3114b7d90ce40b1d396aa48/df_wu-rsa-2.gif",media/1f87c22a95777acea3c2bc3f.gif,saved,418370
"https://static-assets.artlogic.net/w_1600,h_1600,c_limit,f_auto,fl_lossy,q_auto/ws-pilevneli/usr/images/artworks/main_image/items/e3/e37b41109c1243e18f4ae9f04d314cc8/df_gathering-xavier-_centre-pompidou.gif",media/4fa96ec9cacbee6f84b253ee.gif,saved,198246
"https://static-assets.artlogic.net/w_1600,h_1600,c_limit,f_auto,fl_lossy,q_auto/artlogicstorage/pilevneligallery/images/view/74c42ee19393645b4b93f00cf144d616g/pilevneli-daniel-firman-inside-2018.gif",media/019ac3824814b6fd9ecb05cd.gif,saved,133418
"https://static-assets.artlogic.net/w_1600,h_1600,c_limit,f_auto,fl_lossy,q_auto/artlogicstorage/pilevneligallery/images/view/d8b8b820fd191253e3ffdb9b2a9c656bg/pilevneli-daniel-firman-inside-2018.gif",media/e2399c65fa7ca1f8f48e4453.gif,saved,103962
"https://static-assets.artlogic.net/w_1600,h_1600,c_limit,f_auto,fl_lossy,q_auto/artlogicstorage/pilevneligallery/images/view/2e4821fdbb7a6bbc7781ca90a7433da5g/pilevneli-daniel-firman-duo-2013.gif",media/23a8884698ca17612d97ce95.gif,saved,50450
"https://static-assets.artlogic.net/w_1600,h_1600,c_limit,f_auto,fl_lossy,q_auto/artlogicstorage/pilevneligallery/images/view/42597c0d2f208db09824ee12bd09bfddg/pilevneli-daniel-firman-duo-2013.gif",media/6e9789781012329205d3c1aa.gif,saved,68082
"https://static-assets.artlogic.net/w_1600,h_1600,c_limit,f_auto,fl_lossy,q_auto/artlogicstorage/pilevneligallery/images/view/5e2ac06018a77ba12aff5f55d736373cg/pilevneli-daniel-firman-duo-2013.gif",media/47fab8bfd6d5a3f33df547e9.gif,saved,48886
"https://static-assets.artlogic.net/w_1600,h_1600,c_limit,f_auto,fl_lossy,q_auto/artlogicstorage/pilevneligallery/images/view/b682f1f320ee4b6ff2a4a4d1e8c972aeg/pilevneli-daniel-firman-duo-2013.gif",media/1e2cf359ea1e170eabcb5288.gif,saved,65136
"https://static-assets.artlogic.net/w_1600,h_1600,c_limit,f_auto,fl_lossy,q_auto/artlogicstorage/pilevneligallery/images/view/b10c8a6c02d9fc095d8864f4fcedbadag/pilevneli-daniel-firman-duo-2013.gif",media/9c9eec3bb26b65785b1cd843.gif,saved,65334
"https://static-assets.artlogic.net/w_1600,h_1600,c_limit,f_auto,fl_lossy,q_auto/artlogicstorage/pilevneligallery/images/view/59cf55c37796889228a7e80ccba1e02cg/pilevneli-daniel-firman-gathering-2000.gif",media/9d15b94d7c56d1e1b2deb368.gif,saved,198246
"https://static-assets.artlogic.net/w_1600,h_1600,c_limit,f_auto,fl_lossy,q_auto/artlogicstorage/pilevneligallery/images/view/58243bad808d09cf74eab06029858a14g/pilevneli-daniel-firman-gathering-2000.gif",media/ea02b44ee31282bea9761ded.gif,saved,202192
"https://static-assets.artlogic.net/w_1600,h_1600,c_limit,f_auto,fl_lossy,q_auto/artlogicstorage/pilevneligallery/images/view/f21b654477baec258616e9c6a15ecd6fg/pilevneli-daniel-firman-jade-2015.gif",media/f46e39820db6422c54e09eb5.gif,saved,63220
"https://static-assets.artlogic.net/w_1600,h_1600,c_limit,f_auto,fl_lossy,q_auto/artlogicstorage/pilevneligallery/images/view/e297c329e4a631baabb94220e629393dg/pilevneli-daniel-firman-jade-2015.gif",media/b79ca87f0b5c9fab4ea0313c.gif,saved,141240
"https://static-assets.artlogic.net/w_1600,h_1600,c_limit,f_auto,fl_lossy,q_auto/ws-pilevneli/usr/images/events/main_image/items/f4/f44a412e913842cb9ef25b3bde29d63b/artweeks_listimage.gif",media/a117afe2c6cb2f3827c8238d.gif,saved,188368
"https://static-assets.artlogic.net/w_1600,h_1600,c_limit,f_auto,fl_lossy,q_auto/ws-pilevneli/usr/images/news/main_image/7/whatsapp-image-2021-05-22-at-20.18.55.jpeg",media/848982c7140760247acee68d.jpeg,saved,116524
"https://static-assets.artlogic.net/w_1600,h_1600,c_limit,f_auto,fl_lossy,q_auto/ws-pilevneli/usr/images/artworks/main_image/items/f2/f2c3ba3614014341aac65f0029c3e926/yesterdays-feelings.gif",media/f1e38696747a2a28b2b4015c.gif,saved,44916
"https://static-assets.artlogic.net/w_1600,h_1600,c_limit,f_auto,fl_lossy,q_auto/ws-pilevneli/usr/images/artworks/main_image/items/a4/a492073e7b5e49abba8e3f9fc002133b/alone.gif",media/b61289a46314ff9460cd4e8f.gif,saved,10580
"https://static-assets.artlogic.net/w_1600,h_1600,c_limit,f_auto,fl_lossy,q_auto/ws-pilevneli/usr/images/artworks/main_image/items/51/5111f1a192d24a039353e32440036f4f/people.gif",media/e5f2424088bf0458435c83cf.gif,saved,21078
"https://static-assets.artlogic.net/w_1600,h_1600,c_limit,f_auto,fl_lossy,q_auto/ws-pilevneli/usr/images/artworks/main_image/items/55/554c60d3219e416cbd658c51e35fbdca/turkey.gif",media/8f5b6ee1309f61a26bff7153.gif,failed,"404 Client Error: Not Found for url: https://static-assets.artlogic.net/w_1600,h_1600,c_limit,f_auto,fl_lossy,q_auto/ws-pilevneli/usr/images/artworks/main_image/items/55/554c60d321"
"https://static-assets.artlogic.net/w_1600,h_1600,c_limit,f_auto,fl_lossy,q_auto/ws-pilevneli/usr/images/artworks/main_image/items/d0/d09c073330534011a4fd282b6ee4193e/uncensorable.gif",media/a4ddd16c28a1257f82f2b2ce.gif,saved,18946
"https://static-assets.artlogic.net/w_1600,h_1600,c_limit,f_auto,fl_lossy,q_auto/ws-pilevneli/usr/images/artworks/main_image/items/c8/c8048d73f9c54449951994f30db18e07/the-brilliant-questions-i-got-asked-1.gif",media/b44932118cba3adc1d719178.gif,failed,"404 Client Error: Not Found for url: https://static-assets.artlogic.net/w_1600,h_1600,c_limit,f_auto,fl_lossy,q_auto/ws-pilevneli/usr/images/artworks/main_image/items/c8/c8048d73f9"
"https://static-assets.artlogic.net/w_1600,h_1600,c_limit,f_auto,fl_lossy,q_auto/ws-pilevneli/usr/images/artworks/main_image/items/9a/9a692a02a5eb46899a8e6fdad1f715b1/the-brilliant-questions-i-got-asked-3.gif",media/b42fdab1ea45a60ebf173d16.gif,saved,42704
"https://static-assets.artlogic.net/w_1600,h_1600,c_limit,f_auto,fl_lossy,q_auto/ws-pilevneli/usr/images/artworks/main_image/items/53/539f5fd740174034b5c3ef27fde83d5a/the-brilliant-questions-i-got-asked-8.gif",media/d3921427539c2e04eb029a0f.gif,saved,50504
"https://static-assets.artlogic.net/w_1600,h_1600,c_limit,f_auto,fl_lossy,q_auto/ws-pilevneli/usr/images/artworks/main_image/items/a8/a829bf9ae640441b8c1bfcb84a03cc18/everything-or-nothing.gif",media/5b8019be879fce3854f07ba9.gif,failed,"404 Client Error: Not Found for url: https://static-assets.artlogic.net/w_1600,h_1600,c_limit,f_auto,fl_lossy,q_auto/ws-pilevneli/usr/images/artworks/main_image/items/a8/a829bf9ae6"
"https://static-assets.artlogic.net/w_1600,h_1600,c_limit,f_auto,fl_lossy,q_auto/ws-pilevneli/usr/images/artworks/main_image/items/90/90820e4a7d044ba5bdc5093e3488c178/i-am-very-happy-for-you.gif",media/7e31fb3ee38342a89f425ce7.gif,saved,23846
"https://static-assets.artlogic.net/w_1600,h_1600,c_limit,f_auto,fl_lossy,q_auto/ws-pilevneli/usr/images/artworks/main_image/items/64/64143230f44841e1b90204db04c902f3/insert-dreadful-message-here.gif",media/371508f23ad27d915ae2883f.gif,saved,43322
"https://static-assets.artlogic.net/w_1600,h_1600,c_limit,f_auto,fl_lossy,q_auto/ws-pilevneli/usr/images/artworks/main_image/items/1a/1a72d4b68dd14bf39871f26d7287eada/mountains-trees-rivers.gif",media/90d046b064a791da86851c3d.gif,saved,49660
"https://static-assets.artlogic.net/w_1600,h_1600,c_limit,f_auto,fl_lossy,q_auto/ws-pilevneli/usr/images/artworks/main_image/items/10/1026919cab0a416f99015e268c598859/before-feedback-after-feedback.gif",media/0d32e59af21d4fdbf326eca3.gif,saved,19772
"https://static-assets.artlogic.net/w_1600,h_1600,c_limit,f_auto,fl_lossy,q_auto/ws-pilevneli/usr/images/artworks/main_image/items/23/238b45652c4041f2ad5b88a23c7ccab3/what-did-you-do-for-yourself-today-v2.gif",media/851344daa233d6923e6e9fc4.gif,saved,49858
"https://static-assets.artlogic.net/w_1600,h_1600,c_limit,f_auto,fl_lossy,q_auto/ws-pilevneli/usr/images/artworks/main_image/items/2d/2d999c9c004144108ef61368be58f29a/all-you-need-is-love.gif",media/423166a1f4d2bd8b2bd869fa.gif,saved,33292
"https://static-assets.artlogic.net/w_1600,h_1600,c_limit,f_auto,fl_lossy,q_auto/ws-pilevneli/usr/images/artworks/main_image/items/81/816c5726d5c24895b7acb238c5618759/stupills-1-.gif",media/97ff0b3a4d2a8ab396308ca6.gif,saved,36972
"https://static-assets.artlogic.net/w_1600,h_1600,c_limit,f_auto,fl_lossy,q_auto/ws-pilevneli/usr/images/artworks/main_image/items/d4/d4f5a68e17bb4821af85d652fb03fc70/what-did-you-do-for-yourself-today.gif",media/fa8fd72bd598323474cb7612.gif,saved,41442
"https://static-assets.artlogic.net/w_1600,h_1600,c_limit,f_auto,fl_lossy,q_auto/ws-pilevneli/usr/images/exhibitions/main_image_override/105/mural3000.png",media/36f7fd9f89345191c9cfdd5d.png,saved,525812
"https://static-assets.artlogic.net/w_1600,h_1600,c_limit,f_auto,fl_lossy,q_auto/ws-pilevneli/usr/images/exhibitions/main_image_override/102/500e577b-fbba-4fa5-81a7-26c7adbeeb14.jpeg",media/c281a801bd0867055e0bb3c2.jpeg,saved,185890
"https://static-assets.artlogic.net/w_1600,h_1600,c_limit,f_auto,fl_lossy,q_auto/ws-pilevneli/usr/images/exhibitions/main_image_override/74/charkoal-29x42cm-3-1-.jpg",media/28ec843aa97ac45a6761d433.jpg,saved,617060
"https://static-assets.artlogic.net/w_1600,h_1600,c_limit,f_auto,fl_lossy,q_auto/ws-pilevneli/usr/images/exhibitions/main_image_override/57/mk_list.gif",media/8f7f4e43a4f1bb56f02fe879.gif,saved,175060
"https://static-assets.artlogic.net/w_1600,h_1600,c_limit,f_auto,fl_lossy,q_auto/ws-pilevneli/usr/images/news/main_image/145/mehmet-kazim_aqua_monaco_ansichten_002.png",media/d6b5c60d5f9357e995d27a63.png,saved,191116
"https://static-assets.artlogic.net/w_1600,h_1600,c_limit,f_auto,fl_lossy,q_auto/ws-pilevneli/usr/images/news/main_image/137/d2e586a2-e429-48c2-bc2b-4eb3f655a873.jpg",media/e5843d36f389bab7ec851373.jpg,saved,119938
"https://static-assets.artlogic.net/w_1600,h_1600,c_limit,f_auto,fl_lossy,q_auto/ws-pilevneli/usr/images/news/main_image/125/img_5552.jpeg",media/64e8b75078fefc0f06192535.jpeg,saved,34288
"https://static-assets.artlogic.net/w_1600,h_1600,c_limit,f_auto,fl_lossy,q_auto/ws-pilevneli/usr/images/news/main_image/110/80aa5a32-816b-4b02-90ca-97ea7c7d9a24.jpeg",media/fee9447c6b326dada5b5f739.jpeg,saved,216666
"https://static-assets.artlogic.net/w_1600,h_1600,c_limit,f_auto,fl_lossy,q_auto/ws-pilevneli/usr/images/news/main_image/64/1729332266675.jpeg",media/3e8c6ee112908a4de0600f89.jpeg,saved,44366
"https://static-assets.artlogic.net/w_1600,h_1600,c_limit,f_auto,fl_lossy,q_auto/ws-pilevneli/usr/images/news/main_image/42/xa2030678.jpg",media/caef33036d2ed40b9307f501.jpg,saved,162634
"https://static-assets.artlogic.net/w_1600,h_1600,c_limit,f_auto,fl_lossy,q_auto/ws-pilevneli/usr/images/news/main_image/25/mk_news.gif",media/0fc925463d4ddaf5a9fb636a.gif,saved,136424
"https://static-assets.artlogic.net/w_1600,h_1600,c_limit,f_auto,fl_lossy,q_auto/ws-pilevneli/usr/images/news/main_image/13/whatsapp-image-2022-03-17-at-1.56.28-pm.jpeg",media/e65cb88705f9d73b24000913.jpeg,saved,33566
"https://static-assets.artlogic.net/w_1600,h_1600,c_limit,f_auto,fl_lossy,q_auto/ws-pilevneli/usr/images/artists/group_images_override/items/d1/d171a9b99cf8424f90b691caedb16ba9/r5_06097.jpg",media/bf47344ce8977bbd662f706a.jpg,saved,190568
"https://static-assets.artlogic.net/w_1600,h_1600,c_limit,f_auto,fl_lossy,q_auto/ws-pilevneli/usr/images/press/main_image/items/8e/8e6d11a21a554c58a197a030bef1e422/mk_oksijen_gif.gif",media/2bdd4b5e8d9223cb9cc12644.gif,saved,140468
"https://static-assets.artlogic.net/w_1600,h_1600,c_limit,f_auto,fl_lossy,q_auto/ws-pilevneli/usr/images/press/main_image/items/26/2663311dbd234a8faaf98f593a5db01f/img_7650.jpg",media/11f5586b86a53f9f16c80936.jpg,saved,292744
"https://static-assets.artlogic.net/w_1600,h_1600,c_limit,f_auto,fl_lossy,q_auto/ws-pilevneli/usr/images/press/main_image/items/5a/5a7eeea4cf664f0e9bd866f9ca23a1e6/img_7648.jpg",media/c10129ebfe78743aa5ff1091.jpg,saved,259250
"https://static-assets.artlogic.net/w_1600,h_1600,c_limit,f_auto,fl_lossy,q_auto/ws-pilevneli/usr/images/press/main_image/items/57/573f28af60d34245962c09ba92a05066/ian_mk_press-1.gif",media/eabe83a0b663e7429e67ce01.gif,saved,292742
"https://static-assets.artlogic.net/w_1600,h_1600,c_limit,f_auto,fl_lossy,q_auto/artlogicstorage/pilevneligallery/images/view/2c00867dd4b66a5f8406206b0a2453d4p/p-levnel-mehmet-kazim-o-2024.png",media/dc602c9639a06eede7a01233.png,saved,38990
"https://static-assets.artlogic.net/w_1600,h_1600,c_limit,f_auto,fl_lossy,q_auto/artlogicstorage/pilevneligallery/images/view/8246e0c1c2331d87964314742e67df44p/p-levnel-mehmet-kazim-vts-2024.png",media/465d574bbd3199839ffaa296.png,saved,50978
"https://static-assets.artlogic.net/w_1600,h_1600,c_limit,f_auto,fl_lossy,q_auto/artlogicstorage/pilevneligallery/images/view/f6651717ad02c798586828e3e531b6daj/p-levnel-mehmet-kazim-he-him-1-2022.jpg",media/56a779e7603f36b3e0a12536.jpg,saved,245366
"https://static-assets.artlogic.net/w_1600,h_1600,c_limit,f_auto,fl_lossy,q_auto/artlogicstorage/pilevneligallery/images/view/2a73fcf68db07fb6bb76223367071643j/p-levnel-mehmet-kazim-he-him-6-2022.jpg",media/1b59b87d3de43836ae96d73e.jpg,saved,370514
"https://static-assets.artlogic.net/w_1600,h_1600,c_limit,f_auto,fl_lossy,q_auto/artlogicstorage/pilevneligallery/images/view/597e58ea776df23590c31da392315e6dj/p-levnel-mehmet-kazim-horse-meat-disco-2022.jpg",media/4a1961eb95069e987b0d6142.jpg,saved,42150
"https://static-assets.artlogic.net/w_1600,h_1600,c_limit,f_auto,fl_lossy,q_auto/artlogicstorage/pilevneligallery/images/view/278eb638f29e9d9dffd05e8b43e83325j/p-levnel-mehmet-kazim-neredeyse-soyut-2-almost-abstract-2-2022.jpg",media/16800b2699b25ca394e59c88.jpg,saved,89952
"https://static-assets.artlogic.net/w_1600,h_1600,c_limit,f_auto,fl_lossy,q_auto/artlogicstorage/pilevneligallery/images/view/9525d0939642296ee89dfcf29e7426caj/p-levnel-mehmet-kazim-neredeyse-soyut-3-almost-abstract-3-2022.jpg",media/75884cb38cca5b287338aa03.jpg,saved,86470
"https://static-assets.artlogic.net/w_1600,h_1600,c_limit,f_auto,fl_lossy,q_auto/artlogicstorage/pilevneligallery/images/view/6be97131fa0113ee0fd122467ff66e00j/p-levnel-mehmet-kazim-they-them-1-2022.jpg",media/b501414a959436ae2160b2fb.jpg,saved,208134
"https://static-assets.artlogic.net/w_1600,h_1600,c_limit,f_auto,fl_lossy,q_auto/artlogicstorage/pilevneligallery/images/view/2fedc8f55576a91a13ab259e46d99fefg/p-levnel-mehmet-kazim-le-peep-show-2020-2021.gif",media/7e74003a79f8d4e3f57ad3f8.gif,saved,94168
"https://static-assets.artlogic.net/w_1600,h_1600,c_limit,f_auto,fl_lossy,q_auto/artlogicstorage/pilevneligallery/images/view/7965e0edbbfe7dcf4dd1687865e6a6e0j/p-levnel-mehmet-kazim-lobster-mobster-2020.jpg",media/3be409aa9e29719095d7876f.jpg,saved,17986
"https://static-assets.artlogic.net/w_1600,h_1600,c_limit,f_auto,fl_lossy,q_auto/artlogicstorage/pilevneligallery/images/view/eab6deb3e7e58d956e2ab21239e7de6aj/p-levnel-mehmet-kazim-ressam-2-der-maler-2-2020.jpg",media/2057c736bd3a2091918206b5.jpg,saved,33128
"https://static-assets.artlogic.net/w_1600,h_1600,c_limit,f_auto,fl_lossy,q_auto/artlogicstorage/pilevneligallery/images/view/de694f0d8dee95bc3740daae46a9e6a6g/p-levnel-mehmet-kazim-der-gelesene-kaffesatz-2019.gif",media/060137c7d9f01bb987171e4f.gif,saved,321230
"https://static-assets.artlogic.net/w_1600,h_1600,c_limit,f_auto,fl_lossy,q_auto/artlogicstorage/pilevneligallery/images/view/2fac92e8b92406f364a244602958af17j/p-levnel-mehmet-kazim-blue-riders-2018.jpg",media/9a27a4c1ac6be0e36927d06f.jpg,saved,346278
"https://static-assets.artlogic.net/w_1600,h_1600,c_limit,f_auto,fl_lossy,q_auto/artlogicstorage/pilevneligallery/images/view/00fc3c3aff5bc237adf25946b8bedb69j/p-levnel-mehmet-kazim-insane-dadaists-2018.jpg",media/2165cb8ff72ca0aaa09ddc1b.jpg,saved,359926
"https://static-assets.artlogic.net/w_1600,h_1600,c_limit,f_auto,fl_lossy,q_auto/artlogicstorage/pilevneligallery/images/view/acb089b5f8de6e65c35e95457e5e4351j/p-levnel-mehmet-kazim-majestic-beuys-2018.jpg",media/c2cfd2a4c940f647f68ffc37.jpg,saved,478588
"https://static-assets.artlogic.net/w_1600,h_1600,c_limit,f_auto,fl_lossy,q_auto/artlogicstorage/pilevneligallery/images/view/7d41117220b6ebc7711f160e2e3963d0g/p-levnel-mehmet-kazim-selbstportrait-2018.gif",media/3d60af9aa81251d7a6a8474f.gif,saved,114414
"https://static-assets.artlogic.net/w_1600,h_1600,c_limit,f_auto,fl_lossy,q_auto/artlogicstorage/pilevneligallery/images/view/bc24dab01e7da81174ad968f4e45a990g/p-levnel-mehmet-kazim-u-want-lobster-huh-2018.gif",media/522df95b0fcb8d4551513bcb.gif,saved,207246
"https://static-assets.artlogic.net/w_1600,h_1600,c_limit,f_auto,fl_lossy,q_auto/ws-pilevneli/usr/images/artists/group_images_override/items/84/84ec49bb7c9640c8a48cc42d2489472e/c28201bbf17afc9c38b8c775ef32f8d4.png",media/909571498f88deef8227c373.png,saved,64042
"https://static-assets.artlogic.net/w_1600,h_1600,c_limit,f_auto,fl_lossy,q_auto/artlogicstorage/pilevneligallery/images/view/5db073a75b6229240aac05f2ec48c651j/p-levnel-nobuyoshi-araki-flower-rond-02.jpg",media/22fd164c476d9132e9f19b81.jpg,saved,162966
"https://static-assets.artlogic.net/w_1600,h_1600,c_limit,f_auto,fl_lossy,q_auto/artlogicstorage/pilevneligallery/images/view/17e19014a605238d021403813b5880a5j/p-levnel-nobuyoshi-araki-flower-rond-03.jpg",media/051d7d4637a12d0f4174abcb.jpg,saved,114460
"https://static-assets.artlogic.net/w_1600,h_1600,c_limit,f_auto,fl_lossy,q_auto/artlogicstorage/pilevneligallery/images/view/ad204d259261d09707c19d74566c1efbj/p-levnel-nobuyoshi-araki-flower-rond-07.jpg",media/9b24c3689dbf99856defc34d.jpg,saved,235402
"https://static-assets.artlogic.net/w_1600,h_1600,c_limit,f_auto,fl_lossy,q_auto/artlogicstorage/pilevneligallery/images/view/4f1a2ddfa585a3583d3e1f294e753772j/p-levnel-nobuyoshi-araki-flower-rond-11.jpg",media/d62de15a1a9407f456b00353.jpg,saved,51908
"https://static-assets.artlogic.net/w_1600,h_1600,c_limit,f_auto,fl_lossy,q_auto/artlogicstorage/pilevneligallery/images/view/66715a15b72d8f96f4216e9c621410bdj/p-levnel-nobuyoshi-araki-paradise-01.jpg",media/8e05d9169a529f0c5d0d9d8c.jpg,saved,211280
"https://static-assets.artlogic.net/w_1600,h_1600,c_limit,f_auto,fl_lossy,q_auto/artlogicstorage/pilevneligallery/images/view/2d97c45c50b1c7ab68e9731c172fa4adj/p-levnel-nobuyoshi-araki-paradise-03.jpg",media/72fb5deb867a159f9a7d8e50.jpg,saved,153376
"https://static-assets.artlogic.net/w_1600,h_1600,c_limit,f_auto,fl_lossy,q_auto/artlogicstorage/pilevneligallery/images/view/826f89f34f3bcecf5e591190ce24dc63j/p-levnel-nobuyoshi-araki-paradise-06.jpg",media/277c76ffad442102ba3d13ea.jpg,saved,179642
"https://static-assets.artlogic.net/w_1600,h_1600,c_limit,f_auto,fl_lossy,q_auto/artlogicstorage/pilevneligallery/images/view/d382bd202e8588517365a2c0f233c536j/p-levnel-nobuyoshi-araki-paradise-09.jpg",media/094702e0106126e8ab61b8a3.jpg,saved,163388
"https://static-assets.artlogic.net/w_1600,h_1600,c_limit,f_auto,fl_lossy,q_auto/artlogicstorage/pilevneligallery/images/view/47b2a9d659a78060dcbab9624141b7f6j/p-levnel-nobuyoshi-araki-tokio-comedy-014.jpg",media/e910182da524efe2fcba6919.jpg,saved,62984
"https://static-assets.artlogic.net/w_1600,h_1600,c_limit,f_auto,fl_lossy,q_auto/artlogicstorage/pilevneligallery/images/view/14099426603fe02cc02e1087d35c52f5j/p-levnel-nobuyoshi-araki-tokio-comedy-015.jpg",media/5e64fb461bb9b308bbbe9ade.jpg,saved,82912
"https://static-assets.artlogic.net/w_1600,h_1600,c_limit,f_auto,fl_lossy,q_auto/artlogicstorage/pilevneligallery/images/view/d9a56ffbb994dffedd1580deee2ade6fj/p-levnel-nobuyoshi-araki-tokio-comedy-021.jpg",media/0030efc4d498cbcab8228081.jpg,saved,230984
"https://static-assets.artlogic.net/w_1600,h_1600,c_limit,f_auto,fl_lossy,q_auto/artlogicstorage/pilevneligallery/images/view/2baf6677acb2146218ca89c18ada96b5j/p-levnel-nobuyoshi-araki-tokio-comedy-023.jpg",media/56cdcb1b2d013c4c60dc0eab.jpg,saved,20702
"https://static-assets.artlogic.net/w_1600,h_1600,c_limit,f_auto,fl_lossy,q_auto/artlogicstorage/pilevneligallery/images/view/20173f13113a4b5c784622a30d4aa1acj/p-levnel-nobuyoshi-araki-tokio-comedy-031.jpg",media/a632ca9b55b1c1908ec0c573.jpg,saved,235442
"https://static-assets.artlogic.net/w_1600,h_1600,c_limit,f_auto,fl_lossy,q_auto/ws-pilevneli/usr/images/news/main_image/108/whatsapp-image-2025-06-14-at-13.42.38-3-.jpeg",media/9c4439de9fb3349e42480454.jpeg,saved,92456
"https://static-assets.artlogic.net/w_1600,h_1600,c_limit,f_auto,fl_lossy,q_auto/ws-pilevneli/usr/images/news/main_image/99/img_0168.jpeg",media/7061699c4f8b56c638292978.jpeg,saved,182434
"https://static-assets.artlogic.net/w_1600,h_1600,c_limit,f_auto,fl_lossy,q_auto/ws-pilevneli/usr/images/news/main_image/97/88c10133-2486-481d-9266-77c5626120b1.jpeg",media/77aa3caec88c50ff777eb640.jpeg,saved,29106
"https://static-assets.artlogic.net/w_1600,h_1600,c_limit,f_auto,fl_lossy,q_auto/ws-pilevneli/usr/images/news/main_image/24/michael_sailstorfer.gif",media/ab39bb4641c04aa4c9ed50ac.gif,saved,135052
"https://static-assets.artlogic.net/w_1600,h_1600,c_limit,f_auto,fl_lossy,q_auto/ws-pilevneli/usr/images/artists/group_images_override/items/c2/c275bbe6da1d49ecb3455f7459c359c5/screen-shot-2023-01-19-at-5.56.54-pm.png",media/2641b19246fa3302795bd8a6.png,saved,177674
"https://static-assets.artlogic.net/w_1600,h_1600,c_limit,f_auto,fl_lossy,q_auto/artlogicstorage/pilevneligallery/images/view/eae966d6c899288635141500d516a1d3g/p-levnel-michael-sailstorfer-heavy-eyes-78-vanilla-2022.gif",media/a210fdf17da541171cf9eb5b.gif,saved,802907
"https://static-assets.artlogic.net/w_1600,h_1600,c_limit,f_auto,fl_lossy,q_auto/artlogicstorage/pilevneligallery/images/view/3711c43645c6df01003e3c59645446bdp/p-levnel-michael-sailstorfer-m.-86-2022.png",media/770ea1f4ea0ef487d528a95c.png,saved,37822
"https://static-assets.artlogic.net/w_1600,h_1600,c_limit,f_auto,fl_lossy,q_auto/artlogicstorage/pilevneligallery/images/view/b00e87f3055f842ddc30c7c07a9f5a60j/p-levnel-michael-sailstorfer-factory-2021.jpg",media/0c1a51fc7e8c7606179aa338.jpg,saved,63761
"https://static-assets.artlogic.net/w_1600,h_1600,c_limit,f_auto,fl_lossy,q_auto/artlogicstorage/pilevneligallery/images/view/b9fb5458e204ed3c5cdbc64ee73bc5dfg/p-levnel-michael-sailstorfer-heavy-eyes-68-blue-brown-2021.gif",media/7763afd95bf5f84914580c61.gif,saved,746762
"https://static-assets.artlogic.net/w_1600,h_1600,c_limit,f_auto,fl_lossy,q_auto/artlogicstorage/pilevneligallery/images/view/ed33c3b283cee21a748bbb63ed1b7e8bj/p-levnel-michael-sailstorfer-very-heavy-cloud-2021.jpg",media/e9902ebe7a67c1f053703310.jpg,saved,191650
"https://static-assets.artlogic.net/w_1600,h_1600,c_limit,f_auto,fl_lossy,q_auto/artlogicstorage/pilevneligallery/images/view/a5b153c501145083475d5c024ee2c452j/p-levnel-michael-sailstorfer-very-heavy-cloud-2021.jpg",media/e4c4cdc0909e5bfedea48f36.jpg,saved,8440
"https://static-assets.artlogic.net/w_1600,h_1600,c_limit,f_auto,fl_lossy,q_auto/artlogicstorage/pilevneligallery/images/view/919c1630b4c785d4b95d88fdef1062a0j/p-levnel-michael-sailstorfer-tank-1-2020.jpg",media/09a0dd60d92260ce7973b47f.jpg,saved,31192
"https://static-assets.artlogic.net/w_1600,h_1600,c_limit,f_auto,fl_lossy,q_auto/artlogicstorage/pilevneligallery/images/view/2ecb3f891a22a8abc08831774498896eg/p-levnel-michael-sailstorfer-brain-q-2019.gif",media/2381cfd92c9fb7e72f088e12.gif,saved,643731
"https://static-assets.artlogic.net/w_1600,h_1600,c_limit,f_auto,fl_lossy,q_auto/artlogicstorage/pilevneligallery/images/view/7bdafef48bb5746e1bb926a9e9d1263ag/p-levnel-michael-sailstorfer-m.69-2018.gif",media/1dd2929faa80bc31ecbff99d.gif,saved,609017
"https://static-assets.artlogic.net/w_1600,h_1600,c_limit,f_auto,fl_lossy,q_auto/artlogicstorage/pilevneligallery/images/view/12ca9fea3fc06f097b9da2708ad41c3cg/p-levnel-michael-sailstorfer-kopf-und-k-rper-kreuzberg-2016.gif",media/a57174deb28a253637b694bb.gif,saved,742657
"https://static-assets.artlogic.net/w_1600,h_1600,c_limit,f_auto,fl_lossy,q_auto/artlogicstorage/pilevneligallery/images/view/1b65c8cb6ec114255b69da78f084f3eag/p-levnel-michael-sailstorfer-kopf-und-k-rper-wei-ensee-2016.gif",media/b88888957af34fe56e0b9054.gif,saved,824086
"https://static-assets.artlogic.net/w_1600,h_1600,c_limit,f_auto,fl_lossy,q_auto/artlogicstorage/pilevneligallery/images/view/326438b928e4039a291143cbad791ed3g/p-levnel-michael-sailstorfer-m.32-2015.gif",media/b01e421964442b10c02feeab.gif,saved,864457
"https://static-assets.artlogic.net/w_1600,h_1600,c_limit,f_auto,fl_lossy,q_auto/artlogicstorage/pilevneligallery/images/view/a5d00d6f739ee3651dcad83578acad01j/p-levnel-michael-sailstorfer-himmel-berlin-wolken-2012.jpg",media/c3705d19a349b9e088e20fe0.jpg,saved,51984
"https://static-assets.artlogic.net/w_1600,h_1600,c_limit,f_auto,fl_lossy,q_auto/artlogicstorage/pilevneligallery/images/view/b4dca98f1609b74cdf17e27aa16fd847j/p-levnel-michael-sailstorfer-schwarzwald-2010.jpg",media/b19aeb02333903abc85b6019.jpg,saved,656624
"https://static-assets.artlogic.net/w_1600,h_1600,c_limit,f_auto,fl_lossy,q_auto/artlogicstorage/pilevneligallery/images/view/404eea710838cd39163c1ae0a2b8af27g/p-levnel-michael-sailstorfer-zeit-ist-keine-autobahn-frankfurt-2008.gif",media/6bcf0862fa31347f046350a4.gif,saved,607060
"https://static-assets.artlogic.net/w_1600,h_1600,c_limit,f_auto,fl_lossy,q_auto/artlogicstorage/pilevneligallery/images/view/b9b50f03658fe6908ca9d9aaaf426b45g/p-levnel-michael-sailstorfer-unendliche-s-ule-2006.gif",media/a39d2a936d08b751c44f9415.gif,saved,956143
"https://static-assets.artlogic.net/w_1600,h_1600,c_limit,f_auto,fl_lossy,q_auto/artlogicstorage/pilevneligallery/images/view/944ee47655ba923572e952f5e4592273j/p-levnel-michael-sailstorfer-cast-of-the-surface-of-the-dark-of-the-moon-2005.jpg",media/699ebcf59c6075dd0b718a9a.jpg,saved,30820
"https://static-assets.artlogic.net/w_1600,h_1600,c_limit,f_auto,fl_lossy,q_auto/artlogicstorage/pilevneligallery/images/view/756dbf46aa1b62ddf9c8a74c34a99cbeg/p-levnel-michael-sailstorfer-elektrosex-2005.gif",media/44cac6a4e7b4b8dc990c32c8.gif,saved,1110009
"https://static-assets.artlogic.net/w_1600,h_1600,c_limit,f_auto,fl_lossy,q_auto/artlogicstorage/pilevneligallery/images/view/c7a31a3b480dd7a5409dbdb0720c333cj/p-levnel-michael-sailstorfer-reaktor-2005.jpg",media/2b7693372f495be300e45dd4.jpg,saved,43904
"https://static-assets.artlogic.net/w_1600,h_1600,c_limit,f_auto,fl_lossy,q_auto/artlogicstorage/pilevneligallery/images/view/308f40f07dd009d6ce9014f189b30012j/p-levnel-michael-sailstorfer-unendliche-s-ule-2006.jpg",media/1a66f7e1a265275a1fac4216.jpg,saved,46754
"https://static-assets.artlogic.net/w_1600,h_1600,c_limit,f_auto,fl_lossy,q_auto/artlogicstorage/pilevneligallery/images/view/6e02976fba0854cba605c659e0213a13j/p-levnel-michael-sailstorfer-unendliche-s-ule-2006.jpg",media/46da5f31f4a5b533d5a2238b.jpg,saved,30170
"https://static-assets.artlogic.net/w_1600,h_1600,c_limit,f_auto,fl_lossy,q_auto/artlogicstorage/pilevneligallery/images/view/94620b7e834b4a28759a63628acb92baj/p-levnel-michael-sailstorfer-unendliche-s-ule-2006.jpg",media/f215efd1bd242c53fcbebc8c.jpg,saved,35486
"https://static-assets.artlogic.net/w_1600,h_1600,c_limit,f_auto,fl_lossy,q_auto/artlogicstorage/pilevneligallery/images/view/8c770537a4b6bb5258a660082a902753j/p-levnel-michael-sailstorfer-unendliche-s-ule-2006.jpg",media/4bd890c0d5d374adf61ba666.jpg,saved,38995
"https://static-assets.artlogic.net/w_1600,h_1600,c_limit,f_auto,fl_lossy,q_auto/ws-pilevneli/usr/images/exhibitions/main_image_override/63/nevin_list.gif",media/0a5e2caeab290924a3a73769.gif,saved,61330
"https://static-assets.artlogic.net/w_1600,h_1600,c_limit,f_auto,fl_lossy,q_auto/ws-pilevneli/usr/images/news/main_image/143/whatsapp-image-2026-04-23-at-19.03.12.jpeg",media/40e1a11f0838bc25dc022cc9.jpeg,saved,438906
"https://static-assets.artlogic.net/w_1600,h_1600,c_limit,f_auto,fl_lossy,q_auto/ws-pilevneli/usr/images/news/main_image/136/nevin-aladag-raise-of-the-roof.jpg",media/68641d0ec687016f852cdfbb.jpg,saved,122942
"https://static-assets.artlogic.net/w_1600,h_1600,c_limit,f_auto,fl_lossy,q_auto/ws-pilevneli/usr/images/news/main_image/126/img_5673.jpeg",media/1c1c20fae37e36b6432e29a4.jpeg,saved,14930
"https://static-assets.artlogic.net/w_1600,h_1600,c_limit,f_auto,fl_lossy,q_auto/ws-pilevneli/usr/images/news/main_image/123/img_4571.jpeg",media/aef511137ca1ba6ba61a9c1d.jpeg,saved,322212
"https://static-assets.artlogic.net/w_1600,h_1600,c_limit,f_auto,fl_lossy,q_auto/ws-pilevneli/usr/images/news/main_image/122/img_5589.jpeg",media/b1c801dda7a8319dca29eac8.jpeg,saved,45620
"https://static-assets.artlogic.net/w_1600,h_1600,c_limit,f_auto,fl_lossy,q_auto/ws-pilevneli/usr/images/news/main_image/92/img_8330.jpeg",media/b756072254d5d1063af0c316.jpeg,saved,46588
"https://static-assets.artlogic.net/w_1600,h_1600,c_limit,f_auto,fl_lossy,q_auto/ws-pilevneli/usr/images/news/main_image/61/1730208123112.jpeg",media/7ad620fdcb0c03b033812c5c.jpeg,saved,31962
"https://static-assets.artlogic.net/w_1600,h_1600,c_limit,f_auto,fl_lossy,q_auto/ws-pilevneli/usr/images/news/main_image/45/314602114_527154782250110_3299981158220138820_n.jpg",media/90923e19086abc9ab1351876.jpg,saved,43372
"https://static-assets.artlogic.net/w_1600,h_1600,c_limit,f_auto,fl_lossy,q_auto/ws-pilevneli/usr/images/news/main_image/33/nevinaladag.gif",media/b4445dc3164ee7babf53020a.gif,saved,123982
"https://static-assets.artlogic.net/w_1600,h_1600,c_limit,f_auto,fl_lossy,q_auto/ws-pilevneli/usr/images/artists/group_images_override/items/2a/2af9d79bc8fd40b7be740c2fb56a94f0/nevinaladag.jpg",media/0f036885ac144c57a437dd11.jpg,saved,74546
"https://static-assets.artlogic.net/w_1600,h_1600,c_limit,f_auto,fl_lossy,q_auto/artlogicstorage/pilevneligallery/images/view/a20697f0387e2d9d795d917407eacf05j/p-levnel-nev-n-alada-vibrating-images-blue-dynamics-2026.jpg",media/500727ada3ec7a5f69aa9105.jpg,saved,48722
"https://static-assets.artlogic.net/w_1600,h_1600,c_limit,f_auto,fl_lossy,q_auto/artlogicstorage/pilevneligallery/images/view/e8d60824c53c4841235e4441954c3df9j/p-levnel-nev-n-alada-vibrating-images-drops-and-overlappings-2026.jpg",media/0c438ad47b11f675e8ece583.jpg,saved,66774
"https://static-assets.artlogic.net/w_1600,h_1600,c_limit,f_auto,fl_lossy,q_auto/artlogicstorage/pilevneligallery/images/view/791f617d14f045dfdaad2b8ba0c0eb7ej/p-levnel-nev-n-alada-social-fabric-dive-2022.jpg",media/f3ab8c70bde299f5a04652ff.jpg,saved,133162
"https://static-assets.artlogic.net/w_1600,h_1600,c_limit,f_auto,fl_lossy,q_auto/artlogicstorage/pilevneligallery/images/view/91bc2aa5250316e0f017b6c4b899cbdej/p-levnel-nev-n-alada-social-fabric-dive-2022.jpg",media/7ff8f889be152bc6eee0ef19.jpg,saved,144764
"https://static-assets.artlogic.net/w_1600,h_1600,c_limit,f_auto,fl_lossy,q_auto/artlogicstorage/pilevneligallery/images/view/3015531a90320754616299063b0c0e04j/p-levnel-nev-n-alada-body-instruments-museum-tinguely-ahoy-museum-tinguely-basel-performance-in-amsterdam-2021.jpg",media/2b507c8513fda4592d4bb05f.jpg,saved,326310
"https://static-assets.artlogic.net/w_1600,h_1600,c_limit,f_auto,fl_lossy,q_auto/artlogicstorage/pilevneligallery/images/view/92a2d63af69cf0bb3ca2be44182f347cj/p-levnel-nev-n-alada-social-fabric-skylight-spring-2021.jpg",media/e99508bf9c102df3c4f20507.jpg,saved,29640
"https://static-assets.artlogic.net/w_1600,h_1600,c_limit,f_auto,fl_lossy,q_auto/artlogicstorage/pilevneligallery/images/view/7d43c027295c1634d967e90507ffd0ddj/p-levnel-nev-n-alada-social-fabric-skylight-summer-2021.jpg",media/a4335669a9fd9116d686440a.jpg,saved,31304
"https://static-assets.artlogic.net/w_1600,h_1600,c_limit,f_auto,fl_lossy,q_auto/artlogicstorage/pilevneligallery/images/view/a0b113f4bc348bfbe0c823867e9dc46aj/p-levnel-nev-n-alada-color-floating-1-2020.jpg",media/cb494f3bdeaa34101e239e96.jpg,saved,70240
"https://static-assets.artlogic.net/w_1600,h_1600,c_limit,f_auto,fl_lossy,q_auto/artlogicstorage/pilevneligallery/images/view/92386ab2bdb21b353673c5d40ffe0e77j/p-levnel-nev-n-alada-color-floating-2-2020.jpg",media/c5c43de02bd9ae48653f82c5.jpg,saved,63782
"https://static-assets.artlogic.net/w_1600,h_1600,c_limit,f_auto,fl_lossy,q_auto/artlogicstorage/pilevneligallery/images/view/48a2fb865d329f88f3b02887d4a180d7j/p-levnel-nev-n-alada-installation-view-umbruch-kunsthalle-mannheim-2020.jpg",media/091dfe43ed31ec5cdfddd64f.jpg,saved,124914
"https://static-assets.artlogic.net/w_1600,h_1600,c_limit,f_auto,fl_lossy,q_auto/artlogicstorage/pilevneligallery/images/view/e736e47ad59412f7a86e39d0dd5b72e7j/p-levnel-nev-n-alada-resonator-wind-2019.jpg",media/45310b2083f66aa36f7b474f.jpg,saved,130100
"https://static-assets.artlogic.net/w_1600,h_1600,c_limit,f_auto,fl_lossy,q_auto/artlogicstorage/pilevneligallery/images/view/615fa175217ef0a5ddaf8f5bcf79b32ej/p-levnel-nev-n-alada-stiletto-drunk-in-love-6-21-min-2017-2017.jpg",media/8565d9b0efc8fd9bc24faaa6.jpg,saved,185811
"https://static-assets.artlogic.net/w_1600,h_1600,c_limit,f_auto,fl_lossy,q_auto/artlogicstorage/pilevneligallery/images/view/7e5c10efb4fbdbea4182ca17991e2363j/p-levnel-nev-n-alada-stiletto-woman-of-the-ghetto-8-24-min-2017.jpg",media/c6b4cde4d1dd57561539c05d.jpg,saved,57608
"https://static-assets.artlogic.net/w_1600,h_1600,c_limit,f_auto,fl_lossy,q_auto/artlogicstorage/pilevneligallery/images/view/25957e9c4fd225c7d15d94fdb1ca9f9aj/p-levnel-nev-n-alada-screen-i-iii-2016.jpg",media/0745f3fea96bf5828ef9de21.jpg,saved,347088
"https://static-assets.artlogic.net/w_1600,h_1600,c_limit,f_auto,fl_lossy,q_auto/ws-pilevneli/usr/images/exhibitions/main_image_override/80/01_dk_casc_poppyflowers_2021_139x129x30_front.jpg",media/ec01fe59474a0851f8d1b227.jpg,saved,65550
"https://static-assets.artlogic.net/w_1600,h_1600,c_limit,f_auto,fl_lossy,q_auto/ws-pilevneli/usr/images/exhibitions/main_image_override/67/arabacik.jpg",media/65fdb7b7466258cc1c431862.jpg,saved,44018
"https://static-assets.artlogic.net/w_1600,h_1600,c_limit,f_auto,fl_lossy,q_auto/ws-pilevneli/usr/images/news/main_image/130/02452a88-a16f-4b83-9c84-db4ab38818cf.jpeg",media/0e4979ce70a5764d381a2355.jpeg,saved,435362
"https://static-assets.artlogic.net/w_1600,h_1600,c_limit,f_auto,fl_lossy,q_auto/ws-pilevneli/usr/images/artists/group_images_override/items/3b/3b5273d3dcec44d6a77261e1a5ba0b32/screen-shot-2023-01-19-at-4.20.13-pm.png",media/d099e0dafd56b094c5c2235a.png,saved,74402
"https://static-assets.artlogic.net/w_1600,h_1600,c_limit,f_auto,fl_lossy,q_auto/artlogicstorage/pilevneligallery/images/view/17ac35d3c42a87bd75be4a9e81617aaej/p-levnel-daniel-knorr-canvas-sculptures-pillow-13.6-carat-2022.jpg",media/fcb74288ce48d06607f7644f.jpg,saved,166848
"https://static-assets.artlogic.net/w_1600,h_1600,c_limit,f_auto,fl_lossy,q_auto/artlogicstorage/pilevneligallery/images/view/93d3507a23063e94df862b1672881c18j/p-levnel-daniel-knorr-canvas-sculptures-pillow-16.7-carat-2022.jpg",media/7ce1dbf4ca6e1a685ec22282.jpg,saved,62022
"https://static-assets.artlogic.net/w_1600,h_1600,c_limit,f_auto,fl_lossy,q_auto/artlogicstorage/pilevneligallery/images/view/2ea505b4315b9edfdcf12a8aae643a8ej/p-levnel-daniel-knorr-canvas-sculptures-pillow-20-carat-2022.jpg",media/bd869094d3329ec494aacad5.jpg,saved,56496
"https://static-assets.artlogic.net/w_1600,h_1600,c_limit,f_auto,fl_lossy,q_auto/artlogicstorage/pilevneligallery/images/view/77681cd6bb4b3962574d632e7d527ce4j/p-levnel-daniel-knorr-canvas-sculptures-pillow-22-carat-2022.jpg",media/505361230d44a0490798395d.jpg,saved,54328
"https://static-assets.artlogic.net/w_1600,h_1600,c_limit,f_auto,fl_lossy,q_auto/artlogicstorage/pilevneligallery/images/view/764b8b348626dfb25bc42ea06a01cacej/p-levnel-daniel-knorr-canvas-sculptures-pillow-22.5-carat-2022.jpg",media/19249d8f369025e999d76e07.jpg,saved,75878
"https://static-assets.artlogic.net/w_1600,h_1600,c_limit,f_auto,fl_lossy,q_auto/artlogicstorage/pilevneligallery/images/view/91fe02e22ca5358eee9af336ebab08d0j/p-levnel-daniel-knorr-canvas-sculptures-pillow-23-carat-2022.jpg",media/c70523bccd7cf911e55dd799.jpg,saved,61000
"https://static-assets.artlogic.net/w_1600,h_1600,c_limit,f_auto,fl_lossy,q_auto/artlogicstorage/pilevneligallery/images/view/e21ca0032d193c291753f6124b835ef8j/p-levnel-daniel-knorr-canvas-sculptures-pillow-23.5-carat-2022.jpg",media/1d7a8a27aad3468084e84af2.jpg,saved,53592
"https://static-assets.artlogic.net/w_1600,h_1600,c_limit,f_auto,fl_lossy,q_auto/artlogicstorage/pilevneligallery/images/view/0f63306e3d324eee545fdc9e7c838a76j/p-levnel-daniel-knorr-canvas-sculptures-pillow-23.6-carat-2022.jpg",media/6a15f0c8d219c5c330c92bc2.jpg,saved,56564
"https://static-assets.artlogic.net/w_1600,h_1600,c_limit,f_auto,fl_lossy,q_auto/artlogicstorage/pilevneligallery/images/view/c43721f987364e0810caae87879253cej/p-levnel-daniel-knorr-canvas-sculptures-pillow-24-carat-2022.jpg",media/1a72a78529d4d3d678a787f5.jpg,saved,67668
"https://static-assets.artlogic.net/w_1600,h_1600,c_limit,f_auto,fl_lossy,q_auto/artlogicstorage/pilevneligallery/images/view/5e608674d34dc72712e436b94081be62j/p-levnel-daniel-knorr-canvas-sculptures-pillow-6-carat-2022.jpg",media/be116fac8b62940ec3774fb9.jpg,saved,62416
"https://static-assets.artlogic.net/w_1600,h_1600,c_limit,f_auto,fl_lossy,q_auto/artlogicstorage/pilevneligallery/images/view/49237613fb09f37d57fd178578430a5cj/p-levnel-daniel-knorr-laundry-peardrop-2022.jpg",media/57371152339f716f20605f9f.jpg,saved,389057
"https://static-assets.artlogic.net/w_1600,h_1600,c_limit,f_auto,fl_lossy,q_auto/artlogicstorage/pilevneligallery/images/view/900a3f4f8bd81b3f970e0cffe4172a5fj/p-levnel-daniel-knorr-peardrop-spare-parts-2022.jpg",media/5b3e3562a806579942305eb4.jpg,saved,201372
"https://static-assets.artlogic.net/w_1600,h_1600,c_limit,f_auto,fl_lossy,q_auto/artlogicstorage/pilevneligallery/images/view/54fbec901c3cbc5a923c56a3d4e0304ej/p-levnel-daniel-knorr-peardrop-spare-parts-back-wheel-2022.jpg",media/fdd3e0f66dad23983fab0440.jpg,saved,195304
"https://static-assets.artlogic.net/w_1600,h_1600,c_limit,f_auto,fl_lossy,q_auto/artlogicstorage/pilevneligallery/images/view/c14f0e849435acf9f9b5b9fca3bf1697j/p-levnel-daniel-knorr-peardrop-spare-parts-center-engine-bonnet-2022.jpg",media/5fa7ace9f1d9b1e7e58478b2.jpg,saved,139376
"https://static-assets.artlogic.net/w_1600,h_1600,c_limit,f_auto,fl_lossy,q_auto/artlogicstorage/pilevneligallery/images/view/b5d1d630cf4f944a1dbbc4e97cca85c5j/p-levnel-daniel-knorr-peardrop-spare-parts-center-engine-bonnet-2-2022.jpg",media/8d0535c93f8053d8de9b318c.jpg,saved,142078
"https://static-assets.artlogic.net/w_1600,h_1600,c_limit,f_auto,fl_lossy,q_auto/artlogicstorage/pilevneligallery/images/view/b4c84dcae25055bfc8bd001e770eabe2j/p-levnel-daniel-knorr-peardrop-spare-parts-center-left-c-pillar-2022.jpg",media/d81632b81b77a3731b9e02de.jpg,saved,240636
"https://static-assets.artlogic.net/w_1600,h_1600,c_limit,f_auto,fl_lossy,q_auto/artlogicstorage/pilevneligallery/images/view/5b0066cd137a23088ca33f531949cc13j/p-levnel-daniel-knorr-peardrop-spare-parts-center-left-side-panel-2022.jpg",media/b3e122415be3b25d08de6127.jpg,saved,122570
"https://static-assets.artlogic.net/w_1600,h_1600,c_limit,f_auto,fl_lossy,q_auto/artlogicstorage/pilevneligallery/images/view/4aba368731e829aa3266d9a1c1cfc0baj/p-levnel-daniel-knorr-peardrop-spare-parts-center-right-c-pillar-2022.jpg",media/4c937c13aab95d90c2c495e0.jpg,saved,281388
"https://static-assets.artlogic.net/w_1600,h_1600,c_limit,f_auto,fl_lossy,q_auto/artlogicstorage/pilevneligallery/images/view/d7d2644ae49cdf2b0a74793a3fac9b1cj/p-levnel-daniel-knorr-peardrop-spare-parts-center-right-side-panel-2022.jpg",media/21c347af29e540c33b2b4e69.jpg,saved,115058
"https://static-assets.artlogic.net/w_1600,h_1600,c_limit,f_auto,fl_lossy,q_auto/artlogicstorage/pilevneligallery/images/view/596bbb7e6b9c2db07a833e051a03756ej/p-levnel-daniel-knorr-peardrop-spare-parts-damper-2022.jpg",media/a5c1e6f7dfe0017229bc0833.jpg,saved,159992
"https://static-assets.artlogic.net/w_1600,h_1600,c_limit,f_auto,fl_lossy,q_auto/artlogicstorage/pilevneligallery/images/view/cb0d288f574867a144ca3491e1277908j/p-levnel-daniel-knorr-peardrop-spare-parts-dome-1-2022.jpg",media/d87dbc6a6b380a0bf662992d.jpg,saved,67404
"https://static-assets.artlogic.net/w_1600,h_1600,c_limit,f_auto,fl_lossy,q_auto/artlogicstorage/pilevneligallery/images/view/754b4342d52cb1e69473f6ab46de57caj/p-levnel-daniel-knorr-peardrop-spare-parts-dome-10-2022.jpg",media/d12bf436a47d4d0b665d2fc6.jpg,saved,87486
"https://static-assets.artlogic.net/w_1600,h_1600,c_limit,f_auto,fl_lossy,q_auto/artlogicstorage/pilevneligallery/images/view/5bc8b73aca9960634a956e2cd4b562d6j/p-levnel-daniel-knorr-peardrop-spare-parts-dome-11-2022.jpg",media/99c57a3ca29b6e5afa392d55.jpg,saved,113062
"https://static-assets.artlogic.net/w_1600,h_1600,c_limit,f_auto,fl_lossy,q_auto/artlogicstorage/pilevneligallery/images/view/b6581e1efb075aa7fd5affd515f5043fj/p-levnel-daniel-knorr-peardrop-spare-parts-dome-12-2022.jpg",media/a01e3e61af9a756c418450db.jpg,saved,86040
"https://static-assets.artlogic.net/w_1600,h_1600,c_limit,f_auto,fl_lossy,q_auto/artlogicstorage/pilevneligallery/images/view/8fbfacbccdcf3f1dd94d76f40b9fde4bj/p-levnel-daniel-knorr-peardrop-spare-parts-dome-13-2022.jpg",media/b575ec5ec96e636c1024837c.jpg,saved,110044
"https://static-assets.artlogic.net/w_1600,h_1600,c_limit,f_auto,fl_lossy,q_auto/artlogicstorage/pilevneligallery/images/view/8dc904981b1166b22f1043d14950ea52j/p-levnel-daniel-knorr-peardrop-spare-parts-dome-14-2022.jpg",media/9baa7966a939bea80c7e8fc8.jpg,saved,105610
"https://static-assets.artlogic.net/w_1600,h_1600,c_limit,f_auto,fl_lossy,q_auto/artlogicstorage/pilevneligallery/images/view/cd0e0d40388e13ad59b8183a04ec15c9j/p-levnel-daniel-knorr-peardrop-spare-parts-dome-15-2022.jpg",media/2fb6dcb94be26a49773e17db.jpg,saved,103098
"https://static-assets.artlogic.net/w_1600,h_1600,c_limit,f_auto,fl_lossy,q_auto/artlogicstorage/pilevneligallery/images/view/c6ef3740ddb27c77d4e2463a2b11f6a6j/p-levnel-daniel-knorr-peardrop-spare-parts-dome-16-2022.jpg",media/edb7f995b8b161f276d6ea04.jpg,saved,100558
"https://static-assets.artlogic.net/w_1600,h_1600,c_limit,f_auto,fl_lossy,q_auto/artlogicstorage/pilevneligallery/images/view/2956fc6b90dfb4d6196c372f3988b9e7j/p-levnel-daniel-knorr-peardrop-spare-parts-dome-17-2022.jpg",media/6b2fea9ead6cf04c021abb52.jpg,saved,131588
"https://static-assets.artlogic.net/w_1600,h_1600,c_limit,f_auto,fl_lossy,q_auto/artlogicstorage/pilevneligallery/images/view/e76dcfd6adbd6b779f17abaa2dbed309j/p-levnel-daniel-knorr-peardrop-spare-parts-dome-18-2022.jpg",media/4b9ad632945c623e52ffdfe9.jpg,saved,182072
"https://static-assets.artlogic.net/w_1600,h_1600,c_limit,f_auto,fl_lossy,q_auto/artlogicstorage/pilevneligallery/images/view/59647ac307f49a92dd0330dae483e534j/p-levnel-daniel-knorr-peardrop-spare-parts-dome-19-2022.jpg",media/896f7fdbef44a38cff5944cc.jpg,saved,78084
"https://static-assets.artlogic.net/w_1600,h_1600,c_limit,f_auto,fl_lossy,q_auto/artlogicstorage/pilevneligallery/images/view/c15d4f7c83c0a009d1788740102c2fdbj/p-levnel-daniel-knorr-peardrop-spare-parts-dome-2-2022.jpg",media/d30fc90dc837fc839cbaab92.jpg,saved,138054
"https://static-assets.artlogic.net/w_1600,h_1600,c_limit,f_auto,fl_lossy,q_auto/artlogicstorage/pilevneligallery/images/view/ed171ec276cc493bf0e92df5cf564406j/p-levnel-daniel-knorr-peardrop-spare-parts-dome-20-2022.jpg",media/fa99727aa4970d6b33ac0453.jpg,saved,111312
"https://static-assets.artlogic.net/w_1600,h_1600,c_limit,f_auto,fl_lossy,q_auto/artlogicstorage/pilevneligallery/images/view/c229d733ea2316596c9fa95aa49a0333j/p-levnel-daniel-knorr-peardrop-spare-parts-dome-21-2022.jpg",media/d8ce006543d088eccc207215.jpg,saved,99212
"https://static-assets.artlogic.net/w_1600,h_1600,c_limit,f_auto,fl_lossy,q_auto/artlogicstorage/pilevneligallery/images/view/263147fd9e2a7a07b26d490a7e1caaa0j/p-levnel-daniel-knorr-peardrop-spare-parts-dome-22-2022.jpg",media/2b541316c9e2ba170e72c22b.jpg,saved,108738
"https://static-assets.artlogic.net/w_1600,h_1600,c_limit,f_auto,fl_lossy,q_auto/artlogicstorage/pilevneligallery/images/view/e8a5fb1e87624b2ef7eaff6936ecdfc2j/p-levnel-daniel-knorr-peardrop-spare-parts-dome-23-2022.jpg",media/a48d4842da89e3b4c1af3cdb.jpg,saved,116608
"https://static-assets.artlogic.net/w_1600,h_1600,c_limit,f_auto,fl_lossy,q_auto/artlogicstorage/pilevneligallery/images/view/b46f5f8fce46710d369cfebddf8dc36ej/p-levnel-daniel-knorr-peardrop-spare-parts-dome-24-2022.jpg",media/6fe4b0106453bf51f675ea9b.jpg,saved,88954
"https://static-assets.artlogic.net/w_1600,h_1600,c_limit,f_auto,fl_lossy,q_auto/artlogicstorage/pilevneligallery/images/view/f4c0f61795595181028520511913f5d6j/p-levnel-daniel-knorr-peardrop-spare-parts-dome-25-2022.jpg",media/7e9d80e4e3c93561e1f1f0dc.jpg,saved,89952
"https://static-assets.artlogic.net/w_1600,h_1600,c_limit,f_auto,fl_lossy,q_auto/artlogicstorage/pilevneligallery/images/view/bd4ac599f300bd6a885a95a91235a67cj/p-levnel-daniel-knorr-peardrop-spare-parts-dome-26-2022.jpg",media/458059633f522801cca749c4.jpg,saved,94872
"https://static-assets.artlogic.net/w_1600,h_1600,c_limit,f_auto,fl_lossy,q_auto/artlogicstorage/pilevneligallery/images/view/0ad38632765aa02ce17a19944e1f2673j/p-levnel-daniel-knorr-peardrop-spare-parts-dome-27-2022.jpg",media/bccf17d6069343eb73d79029.jpg,saved,86762
"https://static-assets.artlogic.net/w_1600,h_1600,c_limit,f_auto,fl_lossy,q_auto/artlogicstorage/pilevneligallery/images/view/91420ac9c77c1ca0564ad45911dce956j/p-levnel-daniel-knorr-peardrop-spare-parts-dome-28-2022.jpg",media/126def0b0af0b35b620c0fdf.jpg,saved,105098
"https://static-assets.artlogic.net/w_1600,h_1600,c_limit,f_auto,fl_lossy,q_auto/artlogicstorage/pilevneligallery/images/view/73c46ac6a0cd38121f891315a7eba07dj/p-levnel-daniel-knorr-peardrop-spare-parts-dome-29-2022.jpg",media/a02501883fd26a90e3f0d592.jpg,saved,83036
"https://static-assets.artlogic.net/w_1600,h_1600,c_limit,f_auto,fl_lossy,q_auto/artlogicstorage/pilevneligallery/images/view/3f06d0b7ee469442983fa9ae3217b337j/p-levnel-daniel-knorr-peardrop-spare-parts-dome-3-2022.jpg",media/02e20804382e78056a629544.jpg,saved,147408
"https://static-assets.artlogic.net/w_1600,h_1600,c_limit,f_auto,fl_lossy,q_auto/artlogicstorage/pilevneligallery/images/view/98c82a5c20a9b6f36d4a7d164bd1bc80j/p-levnel-daniel-knorr-peardrop-spare-parts-dome-30-2022.jpg",media/9d6f2d4ec3533915c361acc9.jpg,saved,61266
"https://static-assets.artlogic.net/w_1600,h_1600,c_limit,f_auto,fl_lossy,q_auto/artlogicstorage/pilevneligallery/images/view/1bb1f4ce93db2617549b90b7c8111d91j/p-levnel-daniel-knorr-peardrop-spare-parts-dome-31-2022.jpg",media/f648f5e829de98344c348534.jpg,saved,63248
"https://static-assets.artlogic.net/w_1600,h_1600,c_limit,f_auto,fl_lossy,q_auto/artlogicstorage/pilevneligallery/images/view/443a3c2ae125b4885a9bea6cb7fb6f04j/p-levnel-daniel-knorr-peardrop-spare-parts-dome-32-2022.jpg",media/971cdc31e2c04c3cb481ef68.jpg,saved,101376
"https://static-assets.artlogic.net/w_1600,h_1600,c_limit,f_auto,fl_lossy,q_auto/artlogicstorage/pilevneligallery/images/view/29aa570c2c621f623c4b718832ced00fj/p-levnel-daniel-knorr-peardrop-spare-parts-dome-33-2022.jpg",media/0c41dd0ede7f4d180d795cbb.jpg,saved,145176
"https://static-assets.artlogic.net/w_1600,h_1600,c_limit,f_auto,fl_lossy,q_auto/artlogicstorage/pilevneligallery/images/view/684df1065a133503a9c7827a301f5942j/p-levnel-daniel-knorr-peardrop-spare-parts-dome-34-2022.jpg",media/95360dc0e299c0f1701e61a6.jpg,saved,86982
"https://static-assets.artlogic.net/w_1600,h_1600,c_limit,f_auto,fl_lossy,q_auto/artlogicstorage/pilevneligallery/images/view/106372cfeeece61599c3da829392cb08j/p-levnel-daniel-knorr-peardrop-spare-parts-dome-35-2022.jpg",media/2336634cd3628c6c9b92e29c.jpg,saved,153548
"https://static-assets.artlogic.net/w_1600,h_1600,c_limit,f_auto,fl_lossy,q_auto/artlogicstorage/pilevneligallery/images/view/b7e1a46998ac143059a88a3b92f1796dj/p-levnel-daniel-knorr-peardrop-spare-parts-dome-36-2022.jpg",media/2c14b9276dbb7480d7acb76f.jpg,saved,115656
"https://static-assets.artlogic.net/w_1600,h_1600,c_limit,f_auto,fl_lossy,q_auto/artlogicstorage/pilevneligallery/images/view/9b4d438345f8d8ba76b0d60c5d9928bej/p-levnel-daniel-knorr-peardrop-spare-parts-dome-37-2022.jpg",media/bfd19fcf08753f63e08801e4.jpg,saved,94592
"https://static-assets.artlogic.net/w_1600,h_1600,c_limit,f_auto,fl_lossy,q_auto/artlogicstorage/pilevneligallery/images/view/03409797414d1b588b7cd1ca94bb4554j/p-levnel-daniel-knorr-peardrop-spare-parts-dome-38-2022.jpg",media/5ece6f8b1dd38b8f52b7760a.jpg,saved,87356
"https://static-assets.artlogic.net/w_1600,h_1600,c_limit,f_auto,fl_lossy,q_auto/artlogicstorage/pilevneligallery/images/view/55032def7fb29d24e0468217c98a4a7fj/p-levnel-daniel-knorr-peardrop-spare-parts-dome-39-2022.jpg",media/a4870f5f3cbb1a57fb7aeccc.jpg,saved,151494
"https://static-assets.artlogic.net/w_1600,h_1600,c_limit,f_auto,fl_lossy,q_auto/artlogicstorage/pilevneligallery/images/view/00a3adc802df77ab13653ce5401fa411j/p-levnel-daniel-knorr-peardrop-spare-parts-dome-4-2022.jpg",media/b1a2986ff192d0ee85597f29.jpg,saved,92194
"https://static-assets.artlogic.net/w_1600,h_1600,c_limit,f_auto,fl_lossy,q_auto/artlogicstorage/pilevneligallery/images/view/5122e7ac22d461e2b84c249daa8f010dj/p-levnel-daniel-knorr-peardrop-spare-parts-dome-40-2022.jpg",media/af9f514761c97ab4734cdf92.jpg,saved,72564
"https://static-assets.artlogic.net/w_1600,h_1600,c_limit,f_auto,fl_lossy,q_auto/artlogicstorage/pilevneligallery/images/view/4212482e1727701f3e4f769d1beaa6d6j/p-levnel-daniel-knorr-peardrop-spare-parts-dome-5-2022.jpg",media/986fb43c4e73c7d8751c6b43.jpg,saved,107458
"https://static-assets.artlogic.net/w_1600,h_1600,c_limit,f_auto,fl_lossy,q_auto/artlogicstorage/pilevneligallery/images/view/8d6bc12ddac529935dbdd28361ed29f3j/p-levnel-daniel-knorr-peardrop-spare-parts-dome-6-2022.jpg",media/61ca303e877cae1200cd57f8.jpg,saved,71818
"https://static-assets.artlogic.net/w_1600,h_1600,c_limit,f_auto,fl_lossy,q_auto/artlogicstorage/pilevneligallery/images/view/78bcc758c222e538147fd3f4469717b8j/p-levnel-daniel-knorr-peardrop-spare-parts-dome-7-2022.jpg",media/84b0392f401fe8b70399186e.jpg,saved,83840
"https://static-assets.artlogic.net/w_1600,h_1600,c_limit,f_auto,fl_lossy,q_auto/artlogicstorage/pilevneligallery/images/view/8ce48e4af7dc206c2f861d69a9c6fbdej/p-levnel-daniel-knorr-peardrop-spare-parts-dome-8-2022.jpg",media/b8cec0b4d833d08c18f0068b.jpg,saved,89648
"https://static-assets.artlogic.net/w_1600,h_1600,c_limit,f_auto,fl_lossy,q_auto/artlogicstorage/pilevneligallery/images/view/6c6dc19771682bd01a32f8a57e544b80j/p-levnel-daniel-knorr-peardrop-spare-parts-dome-9-2022.jpg",media/55dbed2085fdccf222944489.jpg,saved,89958
"https://static-assets.artlogic.net/w_1600,h_1600,c_limit,f_auto,fl_lossy,q_auto/artlogicstorage/pilevneligallery/images/view/1018b55255b65b8fcd4a7f5c19bcccc8j/p-levnel-daniel-knorr-peardrop-spare-parts-front-fender-right-2022.jpg",media/f95840a6f974f05a472f378e.jpg,saved,175296
"https://static-assets.artlogic.net/w_1600,h_1600,c_limit,f_auto,fl_lossy,q_auto/artlogicstorage/pilevneligallery/images/view/bc21d1ddf43df0ed0c33015f408b5fe2j/p-levnel-daniel-knorr-peardrop-spare-parts-front-wheel-left-2022.jpg",media/21a5067f127c095e0eca583a.jpg,saved,130604
"https://static-assets.artlogic.net/w_1600,h_1600,c_limit,f_auto,fl_lossy,q_auto/artlogicstorage/pilevneligallery/images/view/dfa267f03949acd41812da1c829cb1f3j/p-levnel-daniel-knorr-peardrop-spare-parts-front-wheel-right-2022.jpg",media/6215dd88b433aa10595d3797.jpg,saved,178248
"https://static-assets.artlogic.net/w_1600,h_1600,c_limit,f_auto,fl_lossy,q_auto/artlogicstorage/pilevneligallery/images/view/dd68dd8eec36c4b291cd841f4ad14405j/p-levnel-daniel-knorr-peardrop-spare-parts-head-light-2022.jpg",media/32fdf1e97380304fe7aa9044.jpg,saved,127282
"https://static-assets.artlogic.net/w_1600,h_1600,c_limit,f_auto,fl_lossy,q_auto/artlogicstorage/pilevneligallery/images/view/a7676cf55120cfb7fdf7915005face62j/p-levnel-daniel-knorr-peardrop-spare-parts-left-door-part-1-2022.jpg",media/e6741da30da470433bd09232.jpg,saved,259008
"https://static-assets.artlogic.net/w_1600,h_1600,c_limit,f_auto,fl_lossy,q_auto/artlogicstorage/pilevneligallery/images/view/71dd622eb3a3577323b6642f9997ede7j/p-levnel-daniel-knorr-peardrop-spare-parts-left-door-part-2-2022.jpg",media/df06d4b9d7cf533a75d75cb4.jpg,saved,158416
"https://static-assets.artlogic.net/w_1600,h_1600,c_limit,f_auto,fl_lossy,q_auto/artlogicstorage/pilevneligallery/images/view/65f30a71049675f55c25573b6a6a4880j/p-levnel-daniel-knorr-peardrop-spare-parts-left-door-step-2022.jpg",media/abb91f75883b0a2e6d5dc794.jpg,saved,43292
"https://static-assets.artlogic.net/w_1600,h_1600,c_limit,f_auto,fl_lossy,q_auto/artlogicstorage/pilevneligallery/images/view/abca626edb8a033ea40b802113a04d67j/p-levnel-daniel-knorr-peardrop-spare-parts-left-front-fender-2022.jpg",media/90665849348841e1201ac0cb.jpg,saved,145646
"https://static-assets.artlogic.net/w_1600,h_1600,c_limit,f_auto,fl_lossy,q_auto/artlogicstorage/pilevneligallery/images/view/ac6773604d368a59064c64999a09bf95j/p-levnel-daniel-knorr-peardrop-spare-parts-left-rear-fender-2022.jpg",media/06b8fdee50c0a98d33cbf5fc.jpg,saved,47180
"https://static-assets.artlogic.net/w_1600,h_1600,c_limit,f_auto,fl_lossy,q_auto/artlogicstorage/pilevneligallery/images/view/79586a92caa12d8f437aaf62a4a0086dj/p-levnel-daniel-knorr-peardrop-spare-parts-left-side-window-1-2022.jpg",media/87783889a19953556068220e.jpg,saved,345524
"https://static-assets.artlogic.net/w_1600,h_1600,c_limit,f_auto,fl_lossy,q_auto/artlogicstorage/pilevneligallery/images/view/2490c49fa10d803dea020d4274b8a71ej/p-levnel-daniel-knorr-peardrop-spare-parts-left-side-window-2-2022.jpg",media/36bac2c8f3fa4d7ccf32cd86.jpg,saved,75898
"https://static-assets.artlogic.net/w_1600,h_1600,c_limit,f_auto,fl_lossy,q_auto/artlogicstorage/pilevneligallery/images/view/d752482cf40a154d72d54d171374ab5ej/p-levnel-daniel-knorr-peardrop-spare-parts-lower-engine-bonnet-2022.jpg",media/60d0cce38506b3fd486f4931.jpg,saved,90948
"https://static-assets.artlogic.net/w_1600,h_1600,c_limit,f_auto,fl_lossy,q_auto/artlogicstorage/pilevneligallery/images/view/8efa495ed0c46da157b0124989946e17j/p-levnel-daniel-knorr-peardrop-spare-parts-lower-left-c-pillar-2022.jpg",media/1cf093e48cf94b249cafee36.jpg,saved,90886
"https://static-assets.artlogic.net/w_1600,h_1600,c_limit,f_auto,fl_lossy,q_auto/artlogicstorage/pilevneligallery/images/view/3df80b86f55afce55a102e4aa3d1fc11j/p-levnel-daniel-knorr-peardrop-spare-parts-lower-right-c-pillar-2022.jpg",media/15b2fc68c9c4940110ad3b4f.jpg,saved,148246
"https://static-assets.artlogic.net/w_1600,h_1600,c_limit,f_auto,fl_lossy,q_auto/artlogicstorage/pilevneligallery/images/view/a044423ebede7ed758d2c82479ecb3d0j/p-levnel-daniel-knorr-peardrop-spare-parts-lower-right-side-panel-2022.jpg",media/fa681f0a5f804b6e03c915d3.jpg,saved,87882
"https://static-assets.artlogic.net/w_1600,h_1600,c_limit,f_auto,fl_lossy,q_auto/artlogicstorage/pilevneligallery/images/view/df93a7d8fe646f19efbb3ff32d03245ej/p-levnel-daniel-knorr-peardrop-spare-parts-right-door-part-1-2022.jpg",media/c7bd2196397f809770f0eaea.jpg,saved,186312
"https://static-assets.artlogic.net/w_1600,h_1600,c_limit,f_auto,fl_lossy,q_auto/artlogicstorage/pilevneligallery/images/view/6b7f6fc590a12726b9be307328c8cfa9j/p-levnel-daniel-knorr-peardrop-spare-parts-right-door-part-2-2022.jpg",media/076a2b3baef7a33850fd4fa1.jpg,saved,109870
"https://static-assets.artlogic.net/w_1600,h_1600,c_limit,f_auto,fl_lossy,q_auto/artlogicstorage/pilevneligallery/images/view/ba0296f6afe3f29e91535cdd5fd7a457j/p-levnel-daniel-knorr-peardrop-spare-parts-right-door-step-2022.jpg",media/93258403476d1b6bf7a00765.jpg,saved,44816
"https://static-assets.artlogic.net/w_1600,h_1600,c_limit,f_auto,fl_lossy,q_auto/artlogicstorage/pilevneligallery/images/view/6f3b39d616f59fe78da1ee620f91f776j/p-levnel-daniel-knorr-peardrop-spare-parts-right-rear-fender-2022.jpg",media/1c3d011a381ea29ab22fd0f2.jpg,saved,40122
"https://static-assets.artlogic.net/w_1600,h_1600,c_limit,f_auto,fl_lossy,q_auto/artlogicstorage/pilevneligallery/images/view/1fdffb06bb1f77abd14cd17edc8da67bj/p-levnel-daniel-knorr-peardrop-spare-parts-right-side-window-2-2022.jpg",media/4475c2787149a47ff3ed1399.jpg,saved,199022
"https://static-assets.artlogic.net/w_1600,h_1600,c_limit,f_auto,fl_lossy,q_auto/artlogicstorage/pilevneligallery/images/view/f4e9564225b25682833187d8ee8addddj/p-levnel-daniel-knorr-peardrop-spare-parts-trunk-2022.jpg",media/9260d1d61138421ded3c285a.jpg,saved,99554
"https://static-assets.artlogic.net/w_1600,h_1600,c_limit,f_auto,fl_lossy,q_auto/artlogicstorage/pilevneligallery/images/view/c5ab6bb02c5ae4674b588beafcbbf01bj/p-levnel-daniel-knorr-peardrop-spare-parts-upper-engine-bonnet-2022.jpg",media/d34a14353b9b86bbf7113a8b.jpg,saved,189638
"https://static-assets.artlogic.net/w_1600,h_1600,c_limit,f_auto,fl_lossy,q_auto/artlogicstorage/pilevneligallery/images/view/df50a0cac6a0b67eb64ba075847c2447j/p-levnel-daniel-knorr-peardrop-spare-parts-upper-left-c-pillar-2022.jpg",media/66604afbe3e1c553fe27cc14.jpg,saved,172328
"https://static-assets.artlogic.net/w_1600,h_1600,c_limit,f_auto,fl_lossy,q_auto/artlogicstorage/pilevneligallery/images/view/930e778b2362c813c8237015df9a71fej/p-levnel-daniel-knorr-peardrop-spare-parts-upper-left-door-part-2-2022.jpg",media/5f6862c6cd87021001ea3116.jpg,saved,244098
"https://static-assets.artlogic.net/w_1600,h_1600,c_limit,f_auto,fl_lossy,q_auto/artlogicstorage/pilevneligallery/images/view/1e45afd2692aedaf3e2d175d687235a1j/p-levnel-daniel-knorr-peardrop-spare-parts-upper-left-door-part-2-2022.jpg",media/e92a63af017e3eb681e57e00.jpg,saved,224776
"https://static-assets.artlogic.net/w_1600,h_1600,c_limit,f_auto,fl_lossy,q_auto/artlogicstorage/pilevneligallery/images/view/f3f8cb74b2b5598ed5f85240d83b29baj/p-levnel-daniel-knorr-peardrop-spare-parts-upper-left-side-panel-2022.jpg",media/b33f63037bd8be465543134e.jpg,saved,66146
"https://static-assets.artlogic.net/w_1600,h_1600,c_limit,f_auto,fl_lossy,q_auto/artlogicstorage/pilevneligallery/images/view/691fb2c843b5a0a541c10b34571977c6j/p-levnel-daniel-knorr-peardrop-spare-parts-upper-left-side-panel-2022.jpg",media/98af08df70b9d091296424bc.jpg,saved,106738
"https://static-assets.artlogic.net/w_1600,h_1600,c_limit,f_auto,fl_lossy,q_auto/artlogicstorage/pilevneligallery/images/view/1cd5eb343ff181cb5929cc6135c80274j/p-levnel-daniel-knorr-peardrop-spare-parts-upper-right-c-pillar-2022.jpg",media/8c55e91ad859180ce5b60ade.jpg,saved,151346
"https://static-assets.artlogic.net/w_1600,h_1600,c_limit,f_auto,fl_lossy,q_auto/artlogicstorage/pilevneligallery/images/view/1a6aa1668e2202f0c3ed262d1a3cd1dbj/p-levnel-daniel-knorr-peardrop-spare-parts-upper-right-door-part-1-2022.jpg",media/d9b5873dabce7fce1b6677e0.jpg,saved,244534
"https://static-assets.artlogic.net/w_1600,h_1600,c_limit,f_auto,fl_lossy,q_auto/artlogicstorage/pilevneligallery/images/view/b6de26ad81738f8a9934ef4773c6cf40j/p-levnel-daniel-knorr-peardrop-spare-parts-upper-right-door-part-2-2022.jpg",media/a70c17edf33a51abd3059991.jpg,saved,183808
"https://static-assets.artlogic.net/w_1600,h_1600,c_limit,f_auto,fl_lossy,q_auto/artlogicstorage/pilevneligallery/images/view/5f01a652fb67f40cabe3c69b5dc6b6c4j/p-levnel-daniel-knorr-peardrop-spare-parts-upper-right-side-panel-2022.jpg",media/5f97484015143470b10c562d.jpg,saved,76254
"https://static-assets.artlogic.net/w_1600,h_1600,c_limit,f_auto,fl_lossy,q_auto/artlogicstorage/pilevneligallery/images/view/5a6fa54d001ef50a97752ec15b75f63aj/p-levnel-daniel-knorr-state-theatre-ballet-2022.jpg",media/8ea36348595853e92de772b1.jpg,saved,274656
"https://static-assets.artlogic.net/w_1600,h_1600,c_limit,f_auto,fl_lossy,q_auto/artlogicstorage/pilevneligallery/images/view/0bff08d07fd7400c47bcbd28fecdc35cj/p-levnel-daniel-knorr-state-theatre-bronze-2022.jpg",media/8b3dc004711de597815a01d8.jpg,saved,502418
"https://static-assets.artlogic.net/w_1600,h_1600,c_limit,f_auto,fl_lossy,q_auto/artlogicstorage/pilevneligallery/images/view/3ff14061e8979f3c5df9a70a58c6eab5j/p-levnel-daniel-knorr-state-theatre-burmese-mask-dancer-2022.jpg",media/7033c40a7b0dae5bfae0a4b2.jpg,saved,480954
"https://static-assets.artlogic.net/w_1600,h_1600,c_limit,f_auto,fl_lossy,q_auto/artlogicstorage/pilevneligallery/images/view/5801633c29ec8159f0482ceefbcdad64j/p-levnel-daniel-knorr-state-theatre-diaochan-2022.jpg",media/420c4edc8e7add2aad420228.jpg,saved,370458
"https://static-assets.artlogic.net/w_1600,h_1600,c_limit,f_auto,fl_lossy,q_auto/artlogicstorage/pilevneligallery/images/view/37460368457df497cc21d2ed9dca1e17j/p-levnel-daniel-knorr-state-theatre-dong-zhuo-2022.jpg",media/8dd5b6edd3538c99fc05317b.jpg,saved,433306
"https://static-assets.artlogic.net/w_1600,h_1600,c_limit,f_auto,fl_lossy,q_auto/artlogicstorage/pilevneligallery/images/view/8a40bd1b5a7078669268b9ae66f5bfe6j/p-levnel-daniel-knorr-state-theatre-fence-of-garden-2022.jpg",media/c9b1d731c2535627bf970166.jpg,saved,340002
"https://static-assets.artlogic.net/w_1600,h_1600,c_limit,f_auto,fl_lossy,q_auto/artlogicstorage/pilevneligallery/images/view/0851a8ad635c4573c9603de4c8cd06c8j/p-levnel-daniel-knorr-state-theatre-hair-pin-2022.jpg",media/11d9077c17976f789b09fc13.jpg,saved,422050
"https://static-assets.artlogic.net/w_1600,h_1600,c_limit,f_auto,fl_lossy,q_auto/artlogicstorage/pilevneligallery/images/view/264e7d8339dfdf0023671ec14fdd8c19j/p-levnel-daniel-knorr-state-theatre-hanuman-2022.jpg",media/e55f7496b5a56a9ef91f9296.jpg,saved,234766
"https://static-assets.artlogic.net/w_1600,h_1600,c_limit,f_auto,fl_lossy,q_auto/artlogicstorage/pilevneligallery/images/view/ff69a704ea9f76c399ce6c3e4ac730daj/p-levnel-daniel-knorr-state-theatre-horse-mask-2022.jpg",media/416ff0bd3a9fd061045278a9.jpg,saved,425572
"https://static-assets.artlogic.net/w_1600,h_1600,c_limit,f_auto,fl_lossy,q_auto/artlogicstorage/pilevneligallery/images/view/645c2e609a16fc81fda329285a8a70b0j/p-levnel-daniel-knorr-state-theatre-lyre-2022.jpg",media/10a766c1b150c759e6871fd4.jpg,saved,464522
"https://static-assets.artlogic.net/w_1600,h_1600,c_limit,f_auto,fl_lossy,q_auto/artlogicstorage/pilevneligallery/images/view/1e96784d68d041966bdca55835571ac0j/p-levnel-daniel-knorr-state-theatre-terpischore-2022.jpg",media/8bc6555f959d902c11113129.jpg,saved,364464
"https://static-assets.artlogic.net/w_1600,h_1600,c_limit,f_auto,fl_lossy,q_auto/artlogicstorage/pilevneligallery/images/view/c8a60072d85b48287c67e138d542e495j/p-levnel-daniel-knorr-laundry-cabrio-cadillac-engine-bonnet-2019.jpg",media/2cd974beb09792853912d0db.jpg,saved,998912
"https://static-assets.artlogic.net/w_1600,h_1600,c_limit,f_auto,fl_lossy,q_auto/artlogicstorage/pilevneligallery/images/view/5f3d8aa90cc2be21a7165d91d26ba2b6j/p-levnel-daniel-knorr-laundry-lamborghini-parts-2019.jpg",media/4da3fcf71247bd188bdb8204.jpg,saved,115368
"https://static-assets.artlogic.net/w_1600,h_1600,c_limit,f_auto,fl_lossy,q_auto/ws-pilevneli/usr/images/news/main_image/49/screenshot_20230201-120727-2.jpg",media/2fd45b87b27701c0b73114a5.jpg,saved,50942
"https://static-assets.artlogic.net/w_1600,h_1600,c_limit,f_auto,fl_lossy,q_auto/ws-pilevneli/usr/images/artists/group_images_override/items/c4/c4aa36c809af4cb78737b555206ad568/screen-shot-2023-01-20-at-10.41.05-am.png",media/85113b25b2199484b526a6ec.png,saved,72052
"https://static-assets.artlogic.net/w_1600,h_1600,c_limit,f_auto,fl_lossy,q_auto/artlogicstorage/pilevneligallery/images/view/bb0285f80835080d8a26d0604778b8f2j/p-levnel-yu-a-yal-inta-yanm-i-ek-2021.jpg",media/66c9bee8c127afc7543b9278.jpg,saved,353872
"https://static-assets.artlogic.net/w_1600,h_1600,c_limit,f_auto,fl_lossy,q_auto/artlogicstorage/pilevneligallery/images/view/fb2a6f7107e098dfc1c94a821a8d8a76j/p-levnel-yu-a-yal-inta-restoration-2020.jpg",media/2c72f113dcc40738fd461794.jpg,saved,267754
"https://static-assets.artlogic.net/w_1600,h_1600,c_limit,f_auto,fl_lossy,q_auto/artlogicstorage/pilevneligallery/images/view/b1a9af19039b83d570fc6c3ae1e0fbb6j/p-levnel-yu-a-yal-inta-audition-2019.jpg",media/ecf3af43217b4dba0d1155f6.jpg,saved,189910
"https://static-assets.artlogic.net/w_1600,h_1600,c_limit,f_auto,fl_lossy,q_auto/artlogicstorage/pilevneligallery/images/view/510e2c22a25504edf6ca4fbe8ce64bc2j/p-levnel-yu-a-yal-inta-healing-2019.jpg",media/faa8cce2d5cf72f82e91b6a3.jpg,saved,317624
"https://static-assets.artlogic.net/w_1600,h_1600,c_limit,f_auto,fl_lossy,q_auto/artlogicstorage/pilevneligallery/images/view/e676b8e76c928a3c692f5c50b1f35e5aj/p-levnel-yu-a-yal-inta-yuka-2019.jpg",media/320c20cf357358d988e0663e.jpg,saved,95674
"https://static-assets.artlogic.net/w_1600,h_1600,c_limit,f_auto,fl_lossy,q_auto/artlogicstorage/pilevneligallery/images/view/6eb92edb69707659694416358e6e96fap/p-levnel-yu-a-yal-inta-moving-day-2018.png",media/22c9c7890151a10d221e096c.png,saved,359392
"https://static-assets.artlogic.net/w_1600,h_1600,c_limit,f_auto,fl_lossy,q_auto/artlogicstorage/pilevneligallery/images/view/0842eed1dad7f98ad1c5d770a8b509d8j/p-levnel-yu-a-yal-inta-the-tree-2018.jpg",media/2d8b82621cf5cbe66a29ad0b.jpg,saved,155436
"https://static-assets.artlogic.net/w_1600,h_1600,c_limit,f_auto,fl_lossy,q_auto/artlogicstorage/pilevneligallery/images/view/70d60e9d223ba6d15cf9e6f24ac32abcp/p-levnel-yu-a-yal-inta-yon-shi-2018.png",media/07e23fbccd2a6685ce4083c0.png,saved,152950
"https://static-assets.artlogic.net/w_1600,h_1600,c_limit,f_auto,fl_lossy,q_auto/artlogicstorage/pilevneligallery/images/view/a7af09dff742dd914afd002cd71dc367j/p-levnel-yu-a-yal-inta-untitled-structure-2016.jpg",media/7e18e7381ddc211ca39f1139.jpg,saved,169594
"https://static-assets.artlogic.net/w_1600,h_1600,c_limit,f_auto,fl_lossy,q_auto/artlogicstorage/pilevneligallery/images/view/7c62713f5d80b48015ac666c8f3cf162j/p-levnel-yu-a-yal-inta-yasa-the-law-2016.jpg",media/4426eee266c179899ab304b0.jpg,saved,460286
"https://static-assets.artlogic.net/w_1600,h_1600,c_limit,f_auto,fl_lossy,q_auto/artlogicstorage/pilevneligallery/images/view/b70fc34911923d7b66c63ccf7b016bbbj/p-levnel-yu-a-yal-inta-genesis-2015.jpg",media/2630e163e9f4265131112a7b.jpg,saved,263654
"https://static-assets.artlogic.net/w_1600,h_1600,c_limit,f_auto,fl_lossy,q_auto/artlogicstorage/pilevneligallery/images/view/e984b30b7626cea09c05a3cdd6f8b38aj/p-levnel-yu-a-yal-inta-prolegomena-2015.jpg",media/9d6ea8c1b28883c592a4293d.jpg,saved,112978
"https://static-assets.artlogic.net/w_1600,h_1600,c_limit,f_auto,fl_lossy,q_auto/artlogicstorage/pilevneligallery/images/view/8130d5232a206ae8fcb04684e9b4e2a0j/p-levnel-yu-a-yal-inta-zorunlu-hata-2015.jpg",media/e6e3a3dc030add2bc6c7fec1.jpg,saved,85456
"https://static-assets.artlogic.net/w_1600,h_1600,c_limit,f_auto,fl_lossy,q_auto/ws-pilevneli/usr/images/artists/group_images_override/items/7d/7da3716a63d24b4a895097d7ea7a6b88/screen-shot-2023-01-19-at-2.50.00-pm.png",media/dc0c3a2d15d2b87cf0f877f0.png,saved,83436
"https://static-assets.artlogic.net/w_1600,h_1600,c_limit,f_auto,fl_lossy,q_auto/artlogicstorage/pilevneligallery/images/view/2fcfd1bf7bc41982ea7ef71e443f3492j/pilevneli-sucuk-bratwurst-cool-portraits-cool-bunny-3d-rendering-2022.jpg",media/ef2f3b618024968531695096.jpg,saved,91018
"https://static-assets.artlogic.net/w_1600,h_1600,c_limit,f_auto,fl_lossy,q_auto/artlogicstorage/pilevneligallery/images/view/b192c80b4a977e67fe3eccf215274fc5j/pilevneli-sucuk-bratwurst-cool-portraits-cool-chick-3d-rendering-2022.jpg",media/76a8e26ac9c5234c383f448e.jpg,saved,101740
"https://static-assets.artlogic.net/w_1600,h_1600,c_limit,f_auto,fl_lossy,q_auto/artlogicstorage/pilevneligallery/images/view/4566e398c680bb5ef30c97d8022071d0j/pilevneli-sucuk-bratwurst-cool-portraits-cool-dalmi-3d-rendering-2022.jpg",media/d9f64388249be7b7172b8ad6.jpg,saved,152192
"https://static-assets.artlogic.net/w_1600,h_1600,c_limit,f_auto,fl_lossy,q_auto/artlogicstorage/pilevneligallery/images/view/da34326d34079d89f3d7e3d064082c15j/pilevneli-sucuk-bratwurst-cool-portraits-cool-pingu-3d-rendering-2022.jpg",media/1759a88b664da647a2dc53a8.jpg,saved,89364
"https://static-assets.artlogic.net/w_1600,h_1600,c_limit,f_auto,fl_lossy,q_auto/artlogicstorage/pilevneligallery/images/view/c5e926770c696468696dcdfbf039bac1j/pilevneli-sucuk-bratwurst-cool-portraits-cool-teddy-3d-rendering-2022.jpg",media/cd6aad75faf0875ef5355c0a.jpg,saved,164162
"https://static-assets.artlogic.net/w_1600,h_1600,c_limit,f_auto,fl_lossy,q_auto/ws-pilevneli/usr/images/exhibitions/main_image_override/70/img_2756.jpeg",media/585e4e902b9c9c2d16af4b73.jpeg,saved,89354
"https://static-assets.artlogic.net/w_1600,h_1600,c_limit,f_auto,fl_lossy,q_auto/ws-pilevneli/usr/images/artists/group_images_override/items/4f/4f27e60ca2ca4603a395a4458b70987a/frank.jpg",media/ff413c727532ba27114c16aa.jpg,saved,64574
"https://static-assets.artlogic.net/w_1600,h_1600,c_limit,f_auto,fl_lossy,q_auto/ws-pilevneli/usr/images/exhibitions/main_image_override/94/_t7a7455.jpg",media/9149c24c0735076047494ae7.jpg,saved,106846
"https://static-assets.artlogic.net/w_1600,h_1600,c_limit,f_auto,fl_lossy,q_auto/ws-pilevneli/usr/images/news/main_image/59/screenshot-2024-10-31-at-15.07.50.png",media/c3eefec192449abef480b345.png,saved,157584
"https://static-assets.artlogic.net/w_1600,h_1600,c_limit,f_auto,fl_lossy,q_auto/ws-pilevneli/usr/images/artists/group_images_override/items/0a/0a58dedb93cc4f4c896fa90e266590c9/banu-anka_portrait.jpg",media/b8bb13d3de132421b38036a1.jpg,saved,102678
"https://static-assets.artlogic.net/w_1600,h_1600,c_limit,f_auto,fl_lossy,q_auto/artlogicstorage/pilevneligallery/images/view/fd5024a26c20dccf3cc90af8975c8e27j/p-levnel-banu-anka-from-existere-series-2025.jpg",media/57022328eebc340de24d1c3e.jpg,saved,552752
"https://static-assets.artlogic.net/w_1600,h_1600,c_limit,f_auto,fl_lossy,q_auto/artlogicstorage/pilevneligallery/images/view/f45369a1196c169ae1ee120444431e8ej/p-levnel-banu-anka-anti-existere-i-2024.jpg",media/1d97ad8f1768efae586cfd2b.jpg,saved,401928
"https://static-assets.artlogic.net/w_1600,h_1600,c_limit,f_auto,fl_lossy,q_auto/artlogicstorage/pilevneligallery/images/view/bb5ec30872618b9e72755a86091c8311j/p-levnel-banu-anka-from-off-series-2024.jpg",media/99f4e93a268a5c0d1952c18c.jpg,saved,84986
"https://static-assets.artlogic.net/w_1600,h_1600,c_limit,f_auto,fl_lossy,q_auto/artlogicstorage/pilevneligallery/images/view/7e675eb5279678152bc45c9c4cfec095j/p-levnel-banu-anka-from-existere-series-2024.jpg",media/452fe49197fc4a5e33b80311.jpg,saved,418815
"https://static-assets.artlogic.net/w_1600,h_1600,c_limit,f_auto,fl_lossy,q_auto/artlogicstorage/pilevneligallery/images/view/0a03890d93f1110a349ed0a4ace00052j/p-levnel-banu-anka-from-existere-series-2024.jpg",media/f5bb176874fe4b9dac24a8d0.jpg,saved,482492
"https://static-assets.artlogic.net/w_1600,h_1600,c_limit,f_auto,fl_lossy,q_auto/artlogicstorage/pilevneligallery/images/view/b465524f0bc375c64013eb383c90f9c9j/p-levnel-banu-anka-from-off-series-2023.jpg",media/7474d9b1846887b02d6dbe1f.jpg,saved,145590
"https://static-assets.artlogic.net/w_1600,h_1600,c_limit,f_auto,fl_lossy,q_auto/artlogicstorage/pilevneligallery/images/view/10bf8d38576c6c32fda857e6f4dc62aej/p-levnel-banu-anka-from-off-series-2023.jpg",media/88511810a9162d502dc8e208.jpg,saved,141414
"https://static-assets.artlogic.net/w_1600,h_1600,c_limit,f_auto,fl_lossy,q_auto/artlogicstorage/pilevneligallery/images/view/4cc4695ce5f5ef8595c33057187197cbj/p-levnel-banu-anka-from-off-series-2023.jpg",media/fe527a652861520b56b64327.jpg,saved,137564
"https://static-assets.artlogic.net/w_1600,h_1600,c_limit,f_auto,fl_lossy,q_auto/artlogicstorage/pilevneligallery/images/view/93affcee897ebe0669c353899c7426eej/p-levnel-banu-anka-from-off-series-2023.jpg",media/fc66235371f46eecb4230e1e.jpg,saved,115842
"https://static-assets.artlogic.net/w_1600,h_1600,c_limit,f_auto,fl_lossy,q_auto/artlogicstorage/pilevneligallery/images/view/2d2b760bf2e8d4bb8075b793b8faedbcj/p-levnel-banu-anka-from-off-series-2023.jpg",media/21504152b3189f902c4e1c4f.jpg,saved,104868
"https://static-assets.artlogic.net/w_1600,h_1600,c_limit,f_auto,fl_lossy,q_auto/artlogicstorage/pilevneligallery/images/view/e39a3e6dbf1cefa04b15230a96ff2f50j/p-levnel-banu-anka-nan-ma-2023.jpg",media/8095f8f1cd142429b3244632.jpg,saved,202536
"https://static-assets.artlogic.net/w_1600,h_1600,c_limit,f_auto,fl_lossy,q_auto/artlogicstorage/pilevneligallery/images/view/33b7cd283f99d5f464f786d9aae4d8c4p/p-levnel-banu-anka-sorrow-2023.png",media/dff4017152f95a2354440fd5.png,saved,97580
"https://static-assets.artlogic.net/w_1600,h_1600,c_limit,f_auto,fl_lossy,q_auto/artlogicstorage/pilevneligallery/images/view/23203823421f6d9d2dee23d095f4de4dp/p-levnel-banu-anka-longing-2022.png",media/acff50b570a39bc0636b4a83.png,saved,49898
"https://static-assets.artlogic.net/w_1600,h_1600,c_limit,f_auto,fl_lossy,q_auto/artlogicstorage/pilevneligallery/images/view/bc8f673a41a217a94b721243cb6ecb48p/p-levnel-banu-anka-sorrow-longing-2022.png",media/a6db552ac6fab8fa7ee313bd.png,saved,53292
"https://static-assets.artlogic.net/w_1600,h_1600,c_limit,f_auto,fl_lossy,q_auto/artlogicstorage/pilevneligallery/images/view/5c9c0aa2b9a1f7f2da2e55b9cf12a549j/p-levnel-banu-anka-ben-ben-i-i-2021.jpg",media/ca6fc3657c73467598d2448c.jpg,saved,203580
"https://static-assets.artlogic.net/w_1600,h_1600,c_limit,f_auto,fl_lossy,q_auto/artlogicstorage/pilevneligallery/images/view/1072dd1aa6acd409e17a552f8377c407j/p-levnel-banu-anka-ben-teki-i-the-other-2021.jpg",media/ae1e896c0445765c8fbfbc9e.jpg,saved,291356
"https://static-assets.artlogic.net/w_1600,h_1600,c_limit,f_auto,fl_lossy,q_auto/artlogicstorage/pilevneligallery/images/view/1e4825cf4ce327b48248228b68fa7488j/p-levnel-banu-anka-teki-ben-the-other-i-2021.jpg",media/1f84fff4f3318f3142b18533.jpg,saved,381696
"https://static-assets.artlogic.net/w_1600,h_1600,c_limit,f_auto,fl_lossy,q_auto/artlogicstorage/pilevneligallery/images/view/33ab2d085d28f4a088754492a61d1e61p/p-levnel-banu-anka-sorrow-2023.png",media/89ed074ca39425e7f8beb7dd.png,saved,100778
"https://static-assets.artlogic.net/w_1600,h_1600,c_limit,f_auto,fl_lossy,q_auto/ws-pilevneli/usr/images/artists/group_images_override/items/6e/6e413309432f4961aee6a5d0a30e207f/screen-shot-2023-03-15-at-11.41.12-pm.png",media/fa91df060e81f76f79acdf5b.png,saved,204076
"https://static-assets.artlogic.net/w_1600,h_1600,c_limit,f_auto,fl_lossy,q_auto/artlogicstorage/pilevneligallery/images/view/dfaa67daeba1d96b5d1a054f15cd974fg/p-levnel-tobias-rehberger-yourself-is-sometimes-a-place-to-call-your-own-2018.gif",media/53139afb60200ec5ffccf541.gif,saved,267394
"https://static-assets.artlogic.net/w_1600,h_1600,c_limit,f_auto,fl_lossy,q_auto/artlogicstorage/pilevneligallery/images/view/bf340c609515d53be3cd99a4bf622f90g/p-levnel-tobias-rehberger-1661-1910-from-nagasaki-meiji-setti-2015.gif",media/1a48dd41811148c77f5774a1.gif,saved,217484
"https://static-assets.artlogic.net/w_1600,h_1600,c_limit,f_auto,fl_lossy,q_auto/artlogicstorage/pilevneligallery/images/view/23dad15896b2280b7780f94cecef92efg/p-levnel-tobias-rehberger-was-du-liebst-bringt-dich-auch-zum-weinen-2009.gif",media/0fa7161238bc74e75290e4f3.gif,saved,169902
"https://static-assets.artlogic.net/w_1600,h_1600,c_limit,f_auto,fl_lossy,q_auto/artlogicstorage/pilevneligallery/images/view/34426986f5dd7e2f640faedeea365b2ag/p-levnel-tobias-rehberger-the-chicken-and-egg-no-problem-wall-painting-2008.gif",media/5d5fa3a03fd3187f711b2dca.gif,saved,220130
"https://static-assets.artlogic.net/w_1600,h_1600,c_limit,f_auto,fl_lossy,q_auto/artlogicstorage/pilevneligallery/images/view/1e1b1b21ea5c40ba11af518ad0f5b118g/p-levnel-tobias-rehberger-i-die-every-day-2005.gif",media/52c40e5578fb392f727efc0e.gif,saved,457858
"https://static-assets.artlogic.net/w_1600,h_1600,c_limit,f_auto,fl_lossy,q_auto/artlogicstorage/pilevneligallery/images/view/01706a02aed82a2642cca9b1aa7b0b89g/p-levnel-tobias-rehberger-gel-ut-bis-ich-s-h-r-2002.gif",media/d954232c93bdd6e8bd7a33e3.gif,saved,429532
"https://static-assets.artlogic.net/w_1600,h_1600,c_limit,f_auto,fl_lossy,q_auto/ws-pilevneli/usr/images/exhibitions/main_image_override/73/wim1.jpg",media/a0bc4ad9278f6caa91e25a0a.jpg,saved,245040
"https://static-assets.artlogic.net/w_1600,h_1600,c_limit,f_auto,fl_lossy,q_auto/ws-pilevneli/usr/images/artists/group_images_override/items/b1/b15fcadf04274229ab74b7bc89e73052/wim-delvoye.jpg",media/c9898a3d27035d0ef058d8d2.jpg,saved,81550
"https://static-assets.artlogic.net/w_1600,h_1600,c_limit,f_auto,fl_lossy,q_auto/artlogicstorage/pilevneligallery/images/view/2aa9aee07b0e1497f2511656b52a84b8j/p-levnel-wim-delvoye-the-order-of-things-2024.jpg",media/96a66ef80345eb66cce961df.jpg,saved,87216
"https://static-assets.artlogic.net/w_1600,h_1600,c_limit,f_auto,fl_lossy,q_auto/artlogicstorage/pilevneligallery/images/view/27f5b349823f9071b4046c0d9b859a85j/p-levnel-wim-delvoye-wim-delvoye-au-louvre-2010.jpg",media/3cf1c50024156e2795a3f9b8.jpg,saved,95974
"https://static-assets.artlogic.net/w_1600,h_1600,c_limit,f_auto,fl_lossy,q_auto/artlogicstorage/pilevneligallery/images/view/6571d677449158ffd69a0f1e2402c9d3j/p-levnel-wim-delvoye-untitled-car-tyres-2010-2014.jpg",media/98ca66a3b65a1943b640a08a.jpg,saved,344768
"https://static-assets.artlogic.net/w_1600,h_1600,c_limit,f_auto,fl_lossy,q_auto/artlogicstorage/pilevneligallery/images/view/6f49a29dd613d7895abd2eaad5b877abj/p-levnel-wim-delvoye-tour-rodin-2010.jpg",media/a0f62eeb6a174c9bde9e2905.jpg,saved,292408
"https://static-assets.artlogic.net/w_1600,h_1600,c_limit,f_auto,fl_lossy,q_auto/artlogicstorage/pilevneligallery/images/view/6d285ca0e7ed9d33fe19076e2d0184a7j/p-levnel-wim-delvoye-twisted-dump-truck-scale-model-2012.jpg",media/1a2f0babf3550316beaf380f.jpg,saved,183732
"https://static-assets.artlogic.net/w_1600,h_1600,c_limit,f_auto,fl_lossy,q_auto/artlogicstorage/pilevneligallery/images/view/7ddc93f8f6b5007f95e4cee42fd72cf0j/p-levnel-wim-delvoye-chapel-scale-model-2007.jpg",media/d35b2e551290ce7e2142c0e2.jpg,saved,111590
"https://static-assets.artlogic.net/w_1600,h_1600,c_limit,f_auto,fl_lossy,q_auto/ws-pilevneli/usr/images/exhibitions/main_image_override/89/t-m-kent.jpg",media/f0f4fb7de731576ede38048e.jpg,saved,251798
"https://static-assets.artlogic.net/w_1600,h_1600,c_limit,f_auto,fl_lossy,q_auto/ws-pilevneli/usr/images/exhibitions/main_image_override/82/replicator-2023-oil-on-canvas-121-cm-.jpeg",media/8b51841b5baac6714c72cc92.jpeg,saved,140284
"https://static-assets.artlogic.net/w_1600,h_1600,c_limit,f_auto,fl_lossy,q_auto/ws-pilevneli/usr/images/artists/group_images_override/items/59/5962fb8ec2794dd2b84d8e2b0b07c20c/photo-2023-08-09-12-07-59.jpg",media/062fa15501f506e59c1edddb.jpg,saved,273190
"https://static-assets.artlogic.net/w_1600,h_1600,c_limit,f_auto,fl_lossy,q_auto/ws-pilevneli/usr/images/artists/group_images_override/items/73/73586f3abe0c4dd1b4b2a57ced51079b/ali-emir-tapan-9431.jpg",media/47d6590ce98dd23e228a7791.jpg,saved,33154
"https://static-assets.artlogic.net/w_1600,h_1600,c_limit,f_auto,fl_lossy,q_auto/ws-pilevneli/usr/images/news/main_image/58/img_20200620_145710-jpg.jpg",media/df8f682cb78ef4a0d8740444.jpg,saved,282170
"https://static-assets.artlogic.net/w_1600,h_1600,c_limit,f_auto,fl_lossy,q_auto/ws-pilevneli/usr/images/artists/group_images_override/items/6a/6a3b0712c017488ca45edce8e178960e/img_20200620_145710-jpg.jpg",media/ab75551a95a6259428292751.jpg,saved,276874
"https://static-assets.artlogic.net/w_1600,h_1600,c_limit,f_auto,fl_lossy,q_auto/artlogicstorage/pilevneligallery/images/view/60fb8abab79608efc80566d3ec768e87j/p-levnel-ras-m-aksan-sen-l-nce-kim-a-lar-who-is-going-to-cry-when-you-die-2024.jpg",media/ce58ca5c05e32a498cd244c2.jpg,saved,321700
"https://static-assets.artlogic.net/w_1600,h_1600,c_limit,f_auto,fl_lossy,q_auto/artlogicstorage/pilevneligallery/images/view/2435055df0c9113a87c5f48dc2f6fb40j/p-levnel-ras-m-aksan-live-a-life-you-will-remember-2022.jpg",media/01ef6ce143375c1cb96a0365.jpg,saved,705346
"https://static-assets.artlogic.net/w_1600,h_1600,c_limit,f_auto,fl_lossy,q_auto/artlogicstorage/pilevneligallery/images/view/90cce8d14f6f5ce61d1f32a4543704afj/p-levnel-ras-m-aksan-you-are-safe-here-burada-g-vendesin-2022.jpg",media/6014d83abeef1654ea7bc5a0.jpg,saved,341330
"https://static-assets.artlogic.net/w_1600,h_1600,c_limit,f_auto,fl_lossy,q_auto/artlogicstorage/pilevneligallery/images/view/b92bc49343776b0bb5a657c60b6b3b7dj/p-levnel-ras-m-aksan-don-t-show-your-hunger-where-you-can-t-get-enough-a-l-n-doymad-n-yerde-g-sterme-2021-2022.jpg",media/65ad83add4d4edeeba1731f3.jpg,saved,241422
"https://static-assets.artlogic.net/w_1600,h_1600,c_limit,f_auto,fl_lossy,q_auto/artlogicstorage/pilevneligallery/images/view/a90fcbb427c50088e29bc7034ace8184j/p-levnel-ras-m-aksan-simsiz-untitled-2021.jpg",media/faa0c9ededfb9b8fac34a15a.jpg,saved,118565
"https://static-assets.artlogic.net/w_1600,h_1600,c_limit,f_auto,fl_lossy,q_auto/artlogicstorage/pilevneligallery/images/view/dc95627beb63f93091b01fd0433a6066j/p-levnel-ras-m-aksan-ge-mi-i-inde-ya-amamak-i-in-ders-al-nacak-bir-yerdir-the-past-is-a-place-to-learn-from-not-to-live-in-2020.jpg",media/a9d5b5bdb173d62e1a564e5d.jpg,saved,286764
"https://static-assets.artlogic.net/w_1600,h_1600,c_limit,f_auto,fl_lossy,q_auto/artlogicstorage/pilevneligallery/images/view/01fc6019b6fa3f804d26e4342a448dc4j/p-levnel-ras-m-aksan-simsiz-untitled-2020.jpg",media/701048cc3a66dc0080d89122.jpg,saved,164874
"https://static-assets.artlogic.net/w_1600,h_1600,c_limit,f_auto,fl_lossy,q_auto/artlogicstorage/pilevneligallery/images/view/2788ba8048e86f6526c6c3e5c6dade96/p-levnel-ras-m-aksan-simsiz-untitled-2017.jpg",media/0f7f924ba4bf195faa1634f0.jpg,saved,42288
"https://static-assets.artlogic.net/w_1600,h_1600,c_limit,f_auto,fl_lossy,q_auto/artlogicstorage/pilevneligallery/images/view/49d773f8c744c94c3ee8b2cf30d0c44c/p-levnel-ras-m-aksan-simsiz-untitled-2017.jpg",media/872df835fa6a55033949e63f.jpg,saved,103463
"https://static-assets.artlogic.net/w_1600,h_1600,c_limit,f_auto,fl_lossy,q_auto/artlogicstorage/pilevneligallery/images/view/d7e759af8dbb1d19a0c618848f68bc18j/p-levnel-ras-m-aksan-sin-purity-sacrifice-2017.jpg",media/4baa0c2b79bd762ef3727e52.jpg,saved,275518
"https://static-assets.artlogic.net/w_1600,h_1600,c_limit,f_auto,fl_lossy,q_auto/artlogicstorage/pilevneligallery/images/view/01759276228ccb87f8347378fc65a79cj/p-levnel-ras-m-aksan-simsiz-untitled-2014.jpg",media/f310bd4c1fc552da68547f7d.jpg,saved,335882
"https://static-assets.artlogic.net/w_1600,h_1600,c_limit,f_auto,fl_lossy,q_auto/artlogicstorage/pilevneligallery/images/view/9e76a38d688648386086fe38b6ec3790j/p-levnel-ras-m-aksan-simsiz-untitled-2014.jpg",media/3fc08e8eabd0afa8e2bfe39b.jpg,saved,131952
"https://static-assets.artlogic.net/w_1600,h_1600,c_limit,f_auto,fl_lossy,q_auto/artlogicstorage/pilevneligallery/images/view/7e2b7a0a674f5c3293b6a502125f7786j/p-levnel-ras-m-aksan-simsiz-untitled-2012.jpg",media/68ead1978717cb30f5888140.jpg,saved,170561
"https://static-assets.artlogic.net/w_1600,h_1600,c_limit,f_auto,fl_lossy,q_auto/artlogicstorage/pilevneligallery/images/view/70d400f23e34193a613989842fb04f20j/p-levnel-ras-m-aksan-simsiz-untitled-2011.jpg",media/73c17a3aab2edc90a6794c4f.jpg,saved,36340
"https://static-assets.artlogic.net/w_1600,h_1600,c_limit,f_auto,fl_lossy,q_auto/ws-pilevneli/usr/images/artists/artist_image/items/26/269adfcf760f40c9b07438b1e685b0be/mk2_janarbek-amankulo.jpeg",media/9ea12047646e0368f397cb17.jpeg,saved,120834
"https://static-assets.artlogic.net/w_1600,h_1600,c_limit,f_auto,fl_lossy,q_auto/ws-pilevneli/usr/images/exhibitions/main_image_override/122/mentalklinik_lunatic-poets8.jpg",media/922ef936d9cf83a3297fd9b4.jpg,saved,135752
"https://static-assets.artlogic.net/w_1600,h_1600,c_limit,f_auto,fl_lossy,q_auto/ws-pilevneli/usr/images/exhibitions/main_image_override/115/marki-z_3.jpg",media/716ed5329f4f4fa46d9abba7.jpg,saved,392336
"https://static-assets.artlogic.net/w_1600,h_1600,c_limit,f_auto,fl_lossy,q_auto/ws-pilevneli/usr/images/news/main_image/128/borusan_bittermedicine2_1.jpeg",media/60ed6eca176d68f63780fa53.jpeg,saved,302866
"https://static-assets.artlogic.net/w_1600,h_1600,c_limit,f_auto,fl_lossy,q_auto/ws-pilevneli/usr/images/news/main_image_override/105/db096a90-2fbd-4f66-a0f5-5439c5e29a4f.jpeg",media/be6ce00ceec980ac192dd189.jpeg,saved,246470
"https://static-assets.artlogic.net/w_1600,h_1600,c_limit,f_auto,fl_lossy,q_auto/ws-pilevneli/usr/images/news/main_image/104/borusan_bittermedicine2_10_1.jpeg",media/f3ed07f451e7f9abd182747c.jpeg,saved,695852
"https://static-assets.artlogic.net/w_1600,h_1600,c_limit,f_auto,fl_lossy,q_auto/ws-pilevneli/usr/images/news/main_image/84/8bcaee61-62a9-41f4-a36e-fd5c7f3f7826.jpeg",media/9ef72134febe080a2f5b7f0a.jpeg,saved,289132
"https://static-assets.artlogic.net/w_1600,h_1600,c_limit,f_auto,fl_lossy,q_auto/ws-pilevneli/usr/images/news/main_image/83/img_5201.jpeg",media/70075ab57ded4d9217b643cb.jpeg,saved,82428
"https://static-assets.artlogic.net/w_1600,h_1600,c_limit,f_auto,fl_lossy,q_auto/ws-pilevneli/usr/images/news/main_image/78/b0a7f6f7-e239-464a-871d-8d57193674fa.jpeg",media/967bfa87f16cc424c49d133f.jpeg,saved,69076
"https://static-assets.artlogic.net/w_1600,h_1600,c_limit,f_auto,fl_lossy,q_auto/ws-pilevneli/usr/images/news/main_image/71/generated-dream_valentine9.jpg",media/50584bd484ce417650033c6c.jpg,saved,39748
"https://static-assets.artlogic.net/w_1600,h_1600,c_limit,f_auto,fl_lossy,q_auto/ws-pilevneli/usr/images/news/main_image/70/artboard-1.jpg",media/9f24fe1b83f0fc735a714f05.jpg,saved,45646
"https://static-assets.artlogic.net/w_1600,h_1600,c_limit,f_auto,fl_lossy,q_auto/ws-pilevneli/usr/images/news/main_image/57/mk2_janarbek-amankulo.jpeg",media/1154c03d3e59a049c7a5b2b5.jpeg,saved,120834
"https://static-assets.artlogic.net/w_1600,h_1600,c_limit,f_auto,fl_lossy,q_auto/ws-pilevneli/usr/images/artists/group_images_override/items/12/126ac5f03e3140aaa023345c943dc274/mk2_janarbek-amankulo.jpeg",media/8b5768e046ceb3233a66ea83.jpeg,saved,120834
"https://static-assets.artlogic.net/w_1600,h_1600,c_limit,f_auto,fl_lossy,q_auto/ws-pilevneli/usr/images/publications/main_image_override/34/kapak1_final_gri._1.jpg",media/10cf6afb932cd1a56f6b7fdc.jpg,saved,124060
"https://static-assets.artlogic.net/w_1600,h_1600,c_limit,f_auto,fl_lossy,q_auto/artlogicstorage/pilevneligallery/images/view/20c9270cc4eb6fe04655e82b30aeb7e6j/p-levnel-mentalklinik-blake-2025.jpg",media/592ce7c05ac31a048d4e76cd.jpg,saved,81376
"https://static-assets.artlogic.net/w_1600,h_1600,c_limit,f_auto,fl_lossy,q_auto/artlogicstorage/pilevneligallery/images/view/6b255cdabd99b01794c51184cb8ad76d/p-levnel-mentalklinik-imagine-2409-2024.jpg",media/a3106014deab2a22c4582de8.jpg,saved,331022
"https://static-assets.artlogic.net/w_1600,h_1600,c_limit,f_auto,fl_lossy,q_auto/artlogicstorage/pilevneligallery/images/view/e4ab6c26b96ccfc56a14b98fb98a85b3/p-levnel-mentalklinik-imagine-2410-2024.jpg",media/7f01bf69a450639623e69d53.jpg,saved,106054
"https://static-assets.artlogic.net/w_1600,h_1600,c_limit,f_auto,fl_lossy,q_auto/artlogicstorage/pilevneligallery/images/view/3873153f1caaab9f061ed5cc2a115463p/p-levnel-mentalklinik-wet-painting-2402-2024.png",media/4ea7f91826d1497255cc6ee7.png,saved,69852
"https://static-assets.artlogic.net/w_1600,h_1600,c_limit,f_auto,fl_lossy,q_auto/artlogicstorage/pilevneligallery/images/view/635ce98672e804a8c015fb6e20b344b8p/p-levnel-mentalklinik-double-deal-2308-2023.png",media/38f22d64e44fe8844fec07bb.png,saved,36382
"https://static-assets.artlogic.net/w_1600,h_1600,c_limit,f_auto,fl_lossy,q_auto/artlogicstorage/pilevneligallery/images/view/f38228eccba7d4ae792ac73a78514bb6p/p-levnel-mentalklinik-faker-2301-2023.png",media/980162b5b7408a4a70cb24fb.png,saved,9826
"https://static-assets.artlogic.net/w_1600,h_1600,c_limit,f_auto,fl_lossy,q_auto/artlogicstorage/pilevneligallery/images/view/efc89ea15074a5b4194c2b5863bdf3bbj/p-levnel-mentalklinik-frenemy-2023.jpg",media/ab33740b217b4e1d7c80f02b.jpg,saved,110922
"https://static-assets.artlogic.net/w_1600,h_1600,c_limit,f_auto,fl_lossy,q_auto/artlogicstorage/pilevneligallery/images/view/1ced0741ceb9df99afd3c1d354d6fc75j/p-levnel-mentalklinik-wet-painting-2304-2023.jpg",media/133c8ac7ea0c7668998a3018.jpg,saved,45234
"https://static-assets.artlogic.net/w_1600,h_1600,c_limit,f_auto,fl_lossy,q_auto/artlogicstorage/pilevneligallery/images/view/0ca518a5802a3bcbf66ebfbdfcaa0811j/p-levnel-mentalklinik-wet-painting-2305-2023.jpg",media/5e06a5b46537bbea0a6a9a2e.jpg,saved,54110
"https://static-assets.artlogic.net/w_1600,h_1600,c_limit,f_auto,fl_lossy,q_auto/artlogicstorage/pilevneligallery/images/view/5a0988eb76d59ef954c9a4342ae91f83p/p-levnel-mentalklinik-dirty-mirror-2201-2022.png",media/86e994022cf347f8cb9c90d2.png,saved,75966
"https://static-assets.artlogic.net/w_1600,h_1600,c_limit,f_auto,fl_lossy,q_auto/artlogicstorage/pilevneligallery/images/view/4a0d882e7d0617f63f1584144a11dfcap/p-levnel-mentalklinik-dirty-mirror-2203-2022.png",media/2bf2635caa6ebfb5917fb573.png,saved,51390
"https://static-assets.artlogic.net/w_1600,h_1600,c_limit,f_auto,fl_lossy,q_auto/artlogicstorage/pilevneligallery/images/view/5061ba1d39904f32d3ed2e142218a69a/p-levnel-mentalklinik-dirty-mirror-2208-2022.jpg",media/5285ddee065cbe99c78c53e9.jpg,saved,173679
"https://static-assets.artlogic.net/w_1600,h_1600,c_limit,f_auto,fl_lossy,q_auto/artlogicstorage/pilevneligallery/images/view/86d6cdbfbb2572c587f0c047891915bbp/p-levnel-mentalklinik-faker-2202-2022.png",media/a6ebd84118f4546b30a954ba.png,saved,12858
"https://static-assets.artlogic.net/w_1600,h_1600,c_limit,f_auto,fl_lossy,q_auto/artlogicstorage/pilevneligallery/images/view/d6aac0c30b874d1b545708a76538c7f4p/p-levnel-mentalklinik-faker-2204-2022.png",media/dd32ab8c5e6bfc8327b926e2.png,saved,11850
"https://static-assets.artlogic.net/w_1600,h_1600,c_limit,f_auto,fl_lossy,q_auto/artlogicstorage/pilevneligallery/images/view/96123bff1d740d6e4d913fcb3855bf21j/p-levnel-mentalklinik-amazeskull-2101-2021.jpg",media/961383f7268d46a084669708.jpg,saved,265507
"https://static-assets.artlogic.net/w_1600,h_1600,c_limit,f_auto,fl_lossy,q_auto/artlogicstorage/pilevneligallery/images/view/57abf08c6d3d4719cf1ee043bf485f88j/p-levnel-mentalklinik-bitter-medicine-02-2020-2021.jpg",media/5fc0bfd39f7b812921c8e1b5.jpg,saved,400259
"https://static-assets.artlogic.net/w_1600,h_1600,c_limit,f_auto,fl_lossy,q_auto/artlogicstorage/pilevneligallery/images/view/5249dadd7d9df485a9f88e31cad4b9e7j/p-levnel-mentalklinik-racing-the-galaxy-2019.jpg",media/09ed310ae8bee2f3fdbf562e.jpg,saved,141624
"https://static-assets.artlogic.net/w_1600,h_1600,c_limit,f_auto,fl_lossy,q_auto/artlogicstorage/pilevneligallery/images/view/02199b3ac9fbfc2cd2b94ece317fb203j/p-levnel-mentalklinik-mo-t-1801_b-2018.jpg",media/9ae1c1ac679d76dd492a97ac.jpg,saved,170370
"https://static-assets.artlogic.net/w_1600,h_1600,c_limit,f_auto,fl_lossy,q_auto/artlogicstorage/pilevneligallery/images/view/c4f0fd1e63ed867c24b7143f3c00b0ccj/p-levnel-mentalklinik-obnoxiously-happy-2018.jpg",media/7f0ba0e9b55075aa49dcbfde.jpg,saved,131488
"https://static-assets.artlogic.net/w_1600,h_1600,c_limit,f_auto,fl_lossy,q_auto/artlogicstorage/pilevneligallery/images/view/19379cbdc555ed1c48073d3c86e8d770j/p-levnel-mentalklinik-phony-1701-2017.jpg",media/ee8dacf5cabae40a4327c282.jpg,saved,86904
"https://static-assets.artlogic.net/w_1600,h_1600,c_limit,f_auto,fl_lossy,q_auto/artlogicstorage/pilevneligallery/images/view/ef53f914e99d60d779f7a3ceb2f3572bj/p-levnel-mentalklinik-phony-1703-2017.jpg",media/92e8f1140c7ca514d6258cf5.jpg,saved,34852
"https://static-assets.artlogic.net/w_1600,h_1600,c_limit,f_auto,fl_lossy,q_auto/artlogicstorage/pilevneligallery/images/view/8d9d1303ad6434691fae5e8575b15394p/p-levnel-mentalklinik-lover_g1401-2014.png",media/e5c83fc2f5c41620833b8675.png,saved,21928
"https://static-assets.artlogic.net/w_1600,h_1600,c_limit,f_auto,fl_lossy,q_auto/artlogicstorage/pilevneligallery/images/view/dc525ef0f8f74b480a935712b175d2a6j/p-levnel-mentalklinik-lover_g1402-2014.jpg",media/af1974cd94d1fbf4b4a9faa4.jpg,saved,23674
"https://static-assets.artlogic.net/w_1600,h_1600,c_limit,f_auto,fl_lossy,q_auto/artlogicstorage/pilevneligallery/images/view/2d7b7188ea51395810fe9f5fb6002be1j/p-levnel-mentalklinik-lover_rp1401-2014.jpg",media/5f445a97040899cd9aa3b5af.jpg,saved,27056
"https://static-assets.artlogic.net/w_1600,h_1600,c_limit,f_auto,fl_lossy,q_auto/artlogicstorage/pilevneligallery/images/view/4ccd83fab4947fc65028ba33f0efe4a3j/p-levnel-mentalklinik-lover_g1301-2013.jpg",media/d227267b1e21c5516cb754f4.jpg,saved,33648
"https://static-assets.artlogic.net/w_1600,h_1600,c_limit,f_auto,fl_lossy,q_auto/artlogicstorage/pilevneligallery/images/view/8c8bcd830c377dc7e1ab3527e686e9b6p/p-levnel-mentalklinik-lover_g1302-2013.png",media/9227c370953fda4b70e45412.png,saved,26796
"https://static-assets.artlogic.net/w_1600,h_1600,c_limit,f_auto,fl_lossy,q_auto/artlogicstorage/pilevneligallery/images/view/548abffe1763f4e34c02418f0a52ba4dj/p-levnel-mentalklinik-lover_rp1305-2013.jpg",media/0277de0263a73ff82626daba.jpg,saved,33568
"https://static-assets.artlogic.net/w_1600,h_1600,c_limit,f_auto,fl_lossy,q_auto/artlogicstorage/pilevneligallery/images/view/bbc339a6ab8d78b04f7cdbf2b1533d15j/p-levnel-mentalklinik-doublecherry-jet-black-2011-2011.jpg",media/d4dae70e5dff016dfd84ebf3.jpg,saved,32476
"https://static-assets.artlogic.net/w_1600,h_1600,c_limit,f_auto,fl_lossy,q_auto/artlogicstorage/pilevneligallery/images/view/32a1e143caec58b77fdaf0b1d9c7157ej/p-levnel-mentalklinik-untitled-337-2011.jpg",media/b3a92a418727a85ea98a4d8a.jpg,saved,427020
"https://static-assets.artlogic.net/w_1600,h_1600,c_limit,f_auto,fl_lossy,q_auto/artlogicstorage/pilevneligallery/images/view/37849d99bdee39e010d36e8e51ba008cj/p-levnel-mentalklinik-tru-blue-left-2009.jpg",media/d777a5a4773f1f6da06ca84c.jpg,saved,37354
"https://static-assets.artlogic.net/w_1600,h_1600,c_limit,f_auto,fl_lossy,q_auto/artlogicstorage/pilevneligallery/images/view/9ecad76efc22e51a81c64213fdedb848j/p-levnel-mentalklinik-dirty-mirror-2208-2022.jpg",media/85a45dcfe3101032995539b5.jpg,saved,13912
"https://static-assets.artlogic.net/w_1600,h_1600,c_limit,f_auto,fl_lossy,q_auto/artlogicstorage/pilevneligallery/images/view/6d8729fb3b3f520926cc3f42aea62f55p/p-levnel-mentalklinik-wet-painting-2304-2023.png",media/837e603137cd151a5bcb14e2.png,saved,17928
"https://static-assets.artlogic.net/w_1600,h_1600,c_limit,f_auto,fl_lossy,q_auto/artlogicstorage/pilevneligallery/images/view/d1d19de426f306f0d9c28cac13289f39p/p-levnel-mentalklinik-wet-painting-2305-2023.png",media/bb8f691fbc7b53cd3d18abf8.png,saved,19802
"https://static-assets.artlogic.net/w_1600,h_1600,c_limit,f_auto,fl_lossy,q_auto/artlogicstorage/pilevneligallery/images/view/853a92ee02e5a89f35c8ede9f4bea419j/p-levnel-mentalklinik-untitled-337-2011.jpg",media/1e19fcae9ed090cfeadebab3.jpg,saved,291692
"https://static-assets.artlogic.net/w_1600,h_1600,c_limit,f_auto,fl_lossy,q_auto/artlogicstorage/pilevneligallery/images/view/96685e271f736c4b22c12e0c21f85f47j/p-levnel-mentalklinik-blake-2025.jpg",media/7bdea8ec3e233de04eb761ac.jpg,saved,179176
"https://static-assets.artlogic.net/w_1600,h_1600,c_limit,f_auto,fl_lossy,q_auto/artlogicstorage/pilevneligallery/images/view/794572f1b29539cd3ead33743ab2c549j/p-levnel-mentalklinik-blake-2025.jpg",media/85f9287b64269b4f565e6eb8.jpg,saved,58550
"https://static-assets.artlogic.net/w_1600,h_1600,c_limit,f_auto,fl_lossy,q_auto/artlogicstorage/pilevneligallery/images/view/b79d82734455a4474cf081d01b3db2c0j/p-levnel-mentalklinik-double-deal-2308-2023.jpg",media/6f4eb2c98248331fceb76409.jpg,saved,64210
"https://static-assets.artlogic.net/w_1600,h_1600,c_limit,f_auto,fl_lossy,q_auto/artlogicstorage/pilevneligallery/images/view/5343e709e71a758249da227e480d37b8p/p-levnel-mentalklinik-double-deal-2308-2023.png",media/caa49901d5cb88adb8608afe.png,saved,55806
"https://static-assets.artlogic.net/w_1600,h_1600,c_limit,f_auto,fl_lossy,q_auto/artlogicstorage/pilevneligallery/images/view/a91c23f9b9151291350b283eb7bfedbfj/p-levnel-mentalklinik-phony-1701-2017.jpg",media/ff68a6afb075c8db54e2f64a.jpg,saved,29270
"https://static-assets.artlogic.net/w_1600,h_1600,c_limit,f_auto,fl_lossy,q_auto/artlogicstorage/pilevneligallery/images/view/01e57c0f50c7b1b3aee77cc4d5a2ae62j/p-levnel-mentalklinik-phony-1701-2017.jpg",media/faf9a5bd759ca1fd5c7ee33b.jpg,saved,24320
"https://static-assets.artlogic.net/w_1600,h_1600,c_limit,f_auto,fl_lossy,q_auto/ws-pilevneli/usr/images/exhibitions/main_image_override/130/2f5169ca-0574-4995-8c0a-dc061f6837b0.jpg",media/7a66e8f073a211b009b36ee6.jpg,saved,529968
"https://static-assets.artlogic.net/w_1600,h_1600,c_limit,f_auto,fl_lossy,q_auto/ws-pilevneli/usr/images/news/main_image/138/2f5169ca-0574-4995-8c0a-dc061f6837b0.jpg",media/75574c97f3d69a32f824953f.jpg,saved,529968
"https://static-assets.artlogic.net/w_1600,h_1600,c_limit,f_auto,fl_lossy,q_auto/ws-pilevneli/usr/images/news/main_image/62/whatsapp-image-2024-10-29-at-12.17.07.jpeg",media/d577dbb1e7d36afb9d78f293.jpeg,saved,183754
"https://static-assets.artlogic.net/w_1600,h_1600,c_limit,f_auto,fl_lossy,q_auto/ws-pilevneli/usr/images/artists/group_images_override/items/73/73f6cfd194f740debd910c238c3803b0/img_6398-1-.jpeg",media/2b4e85013b397750f521aa55.jpeg,saved,212886
"https://static-assets.artlogic.net/w_1600,h_1600,c_limit,f_auto,fl_lossy,q_auto/artlogicstorage/pilevneligallery/images/view/e81763efcb106ce52652d8e703cc0856j/p-levnel-lal-batman-bleu-fant-me-2025.jpg",media/04b30719600da2a793a4c875.jpg,saved,325642
"https://static-assets.artlogic.net/w_1600,h_1600,c_limit,f_auto,fl_lossy,q_auto/artlogicstorage/pilevneligallery/images/view/6127cab83fcd54e6cf9d4fdb31906535j/p-levnel-lal-batman-even-the-roses-watched-us-bleed-2025.jpg",media/c0c2743aa7fc471c230c9c3d.jpg,saved,358236
"https://static-assets.artlogic.net/w_1600,h_1600,c_limit,f_auto,fl_lossy,q_auto/artlogicstorage/pilevneligallery/images/view/51264f0f21ae59fb1c2c802cd275e717j/p-levnel-lal-batman-her-face-framed-in-thorns-2025.jpg",media/33a49c1da9591df9bd4b7e2e.jpg,saved,287532
"https://static-assets.artlogic.net/w_1600,h_1600,c_limit,f_auto,fl_lossy,q_auto/artlogicstorage/pilevneligallery/images/view/5f65efe775c90b079d0ace1e62f12cc6j/p-levnel-lal-batman-her-face-framed-in-thorns-2025.jpg",media/2c8d748b3990ba20bb32391c.jpg,saved,498428
"https://static-assets.artlogic.net/w_1600,h_1600,c_limit,f_auto,fl_lossy,q_auto/artlogicstorage/pilevneligallery/images/view/d399e1ac777d4a30ef2a2864152c8fe3j/p-levnel-lal-batman-his-face-framed-in-thorns-2025.jpg",media/6b37063f8aeb702a0b4973e1.jpg,saved,427320
"https://static-assets.artlogic.net/w_1600,h_1600,c_limit,f_auto,fl_lossy,q_auto/artlogicstorage/pilevneligallery/images/view/c020b234c09831eed60112457460259cj/p-levnel-lal-batman-his-face-framed-in-thorns-2025.jpg",media/a406bf51bae0677fd3fa6959.jpg,saved,720225
"https://static-assets.artlogic.net/w_1600,h_1600,c_limit,f_auto,fl_lossy,q_auto/artlogicstorage/pilevneligallery/images/view/f759138874ba971a3482fa2f231ca684j/p-levnel-lal-batman-maestro-of-faces-i-loved-and-lost-2025.jpg",media/cb3d123a5f10bd3283d83e84.jpg,saved,371782
"https://static-assets.artlogic.net/w_1600,h_1600,c_limit,f_auto,fl_lossy,q_auto/artlogicstorage/pilevneligallery/images/view/6ad0c6a9abb74445493676e0f38c56b9p/p-levnel-lal-batman-untitled-2025.png",media/6b48ffb4b6fad03547307dc8.png,saved,721582
"https://static-assets.artlogic.net/w_1600,h_1600,c_limit,f_auto,fl_lossy,q_auto/artlogicstorage/pilevneligallery/images/view/b69057f4406176190fc05a0b967c684bj/p-levnel-lal-batman-mono-no-aware-2025.jpg",media/d8fb9f012f26edb884e7eff5.jpg,saved,850643
"https://static-assets.artlogic.net/w_1600,h_1600,c_limit,f_auto,fl_lossy,q_auto/artlogicstorage/pilevneligallery/images/view/66918a734168900d3ccf75ee6e70f1bfj/p-levnel-lal-batman-essentially-delicate-2025.jpg",media/6ec7fa21d6bd6b8b9f0aac8c.jpg,saved,360882
"https://static-assets.artlogic.net/w_1600,h_1600,c_limit,f_auto,fl_lossy,q_auto/artlogicstorage/pilevneligallery/images/view/daeec79322e38dbf4c6b8da7ed700f6aj/p-levnel-lal-batman-the-whisper-of-distant-gazes-2024.jpg",media/6855461300487b38b2ebacca.jpg,saved,608032
"https://static-assets.artlogic.net/w_1600,h_1600,c_limit,f_auto,fl_lossy,q_auto/artlogicstorage/pilevneligallery/images/view/19b10de589ee2a555581816b3ed56255j/p-levnel-lal-batman-be-my-eyes-be-my-voice-2025.jpg",media/12a36b86840b2bd7fc91c7c7.jpg,saved,400720
"https://static-assets.artlogic.net/w_1600,h_1600,c_limit,f_auto,fl_lossy,q_auto/artlogicstorage/pilevneligallery/images/view/7fec0679c45fbdb1484581edbb396575j/p-levnel-lal-batman-romanticize-separate-paths-2024.jpg",media/bd302a01c3c5d23566cfd510.jpg,saved,273246
"https://static-assets.artlogic.net/w_1600,h_1600,c_limit,f_auto,fl_lossy,q_auto/artlogicstorage/pilevneligallery/images/view/8794781c53c3a06e52655d39b1e83339j/p-levnel-lal-batman-lady-bug-2024.jpg",media/00df8830dfe90f5b426da2b7.jpg,saved,275260
"https://static-assets.artlogic.net/w_1600,h_1600,c_limit,f_auto,fl_lossy,q_auto/artlogicstorage/pilevneligallery/images/view/724c04148df42e7c13bdbbb41170a73cp/p-levnel-lal-batman-i-was-stranger-and-you-welcomed-me-2024.png",media/c8cca663ef91728666b6ea52.png,saved,127830
"https://static-assets.artlogic.net/w_1600,h_1600,c_limit,f_auto,fl_lossy,q_auto/artlogicstorage/pilevneligallery/images/view/6cf7620627f373de728c65c91012a2e1p/p-levnel-lal-batman-the-narcissist-2024.png",media/b9f26711d2c5d9a841cfc611.png,saved,379106
"https://static-assets.artlogic.net/w_1600,h_1600,c_limit,f_auto,fl_lossy,q_auto/artlogicstorage/pilevneligallery/images/view/81b28709f9302833ec8e410673ca508dj/p-levnel-lal-batman-days-without-you-2024.jpg",media/7892a6965e04fd33e18235cb.jpg,saved,281156
"https://static-assets.artlogic.net/w_1600,h_1600,c_limit,f_auto,fl_lossy,q_auto/artlogicstorage/pilevneligallery/images/view/a1b39563b96e6121741deaef2b0db49aj/p-levnel-lal-batman-their-words-were-sharp-as-knives-2023.jpg",media/f9b952be39506d582564598a.jpg,saved,76650
"https://static-assets.artlogic.net/w_1600,h_1600,c_limit,f_auto,fl_lossy,q_auto/ws-pilevneli/usr/images/events/main_image_override/32/_dsc6002.jpg",media/608a69fd698adea93ba22ba6.jpg,saved,74136
"https://static-assets.artlogic.net/w_1600,h_1600,c_limit,f_auto,fl_lossy,q_auto/ws-pilevneli/usr/images/exhibitions/main_image_override/112/reclining-mother-maquette-photo-camilla-maria-santini-a.jpg",media/b7b9c620ea7797fcb9a35694.jpg,saved,18368
"https://static-assets.artlogic.net/w_1600,h_1600,c_limit,f_auto,fl_lossy,q_auto/ws-pilevneli/usr/images/news/main_image_override/111/kfg3.jpg",media/b57021e989d9efd190338512.jpg,saved,22214
"https://static-assets.artlogic.net/w_1600,h_1600,c_limit,f_auto,fl_lossy,q_auto/ws-pilevneli/usr/images/news/main_image/91/img_7925.jpeg",media/875b9c1716dcaca477278187.jpeg,saved,38922
"https://static-assets.artlogic.net/w_1600,h_1600,c_limit,f_auto,fl_lossy,q_auto/ws-pilevneli/usr/images/news/main_image/85/bd956923-7984-47e9-844b-25192e1b6cdf.jpeg",media/1684cff88014ad74c5cb601a.jpeg,saved,56870
"https://static-assets.artlogic.net/w_1600,h_1600,c_limit,f_auto,fl_lossy,q_auto/ws-pilevneli/usr/images/news/main_image/74/kevin-francis-gray-photo-joe-petini-d.jpg",media/23e792631199c8d6456e0ee6.jpg,saved,82568
"https://static-assets.artlogic.net/w_1600,h_1600,c_limit,f_auto,fl_lossy,q_auto/ws-pilevneli/usr/images/artists/group_images_override/items/a5/a5cc5e48bb7845119f12976ac76ac8b2/kevin-francis-gray-photo-joe-petini-d.jpg",media/4874c57421615d163f6e8b5c.jpg,saved,82568
"https://static-assets.artlogic.net/w_1600,h_1600,c_limit,f_auto,fl_lossy,q_auto/ws-pilevneli/usr/images/press/main_image/items/95/95d1c76f64154578bff5ea553e9b86f2/curated_no29-kfg-tr-1.jpg",media/b821c81a6929662e245a600a.jpg,saved,63452
"https://static-assets.artlogic.net/w_1600,h_1600,c_limit,f_auto,fl_lossy,q_auto/ws-pilevneli/usr/images/press/main_image/items/72/72e8e56926df49d3944b45d67bba33ae/hello_kevin-gray_2.jpg",media/5f1aba2aa6e4e14569d001c9.jpg,saved,309816
"https://static-assets.artlogic.net/w_1600,h_1600,c_limit,f_auto,fl_lossy,q_auto/ws-pilevneli/usr/images/press/main_image/items/f9/f9f4716e53b74456a9270ec75f13b539/bag-lar-n-c-atlaklar-n-ve-katmanlar-n-s-ehri-i-stanbul-a.jpg",media/e405de1140e46827c374db0b.jpg,saved,330616
"https://static-assets.artlogic.net/w_1600,h_1600,c_limit,f_auto,fl_lossy,q_auto/ws-pilevneli/usr/images/press/main_image/items/8b/8b63db8d07254702be45035aeef4d172/screenshot_30-4-2025_13918_artdogistanbul.com.jpeg",media/470bfe1fb16e3d943075797b.jpeg,saved,73274
"https://static-assets.artlogic.net/w_1600,h_1600,c_limit,f_auto,fl_lossy,q_auto/ws-pilevneli/usr/images/press/main_image/items/54/54e40f4f622040a88e1b9f95024133d9/kfg_news.png",media/8275c296dcd2ecc0f74d9f3d.png,saved,119710
"https://static-assets.artlogic.net/w_1600,h_1600,c_limit,f_auto,fl_lossy,q_auto/ws-pilevneli/usr/images/press/main_image/items/4c/4c5d0e7651414861b115cd04f3173e50/screenshot_30-4-2025_162147_www.artfulliving.com.tr.jpeg",media/ab35e0d09955f8eac7bf72f3.jpeg,saved,110664
"https://static-assets.artlogic.net/w_1600,h_1600,c_limit,f_auto,fl_lossy,q_auto/artlogicstorage/pilevneligallery/images/view/f1afada636b3956d7088419ac82d0751j/p-levnel-kevin-francis-gray-fragile-head-11-2025.jpg",media/ce02e177d44045580cf3b365.jpg,saved,32036
"https://static-assets.artlogic.net/w_1600,h_1600,c_limit,f_auto,fl_lossy,q_auto/artlogicstorage/pilevneligallery/images/view/04deb77583b55f9dc8b34380ecd98cb7j/p-levnel-kevin-francis-gray-fragile-head-18-2025.jpg",media/afe823bbe00f942c9955c1ca.jpg,saved,48926
"https://static-assets.artlogic.net/w_1600,h_1600,c_limit,f_auto,fl_lossy,q_auto/artlogicstorage/pilevneligallery/images/view/f858c858538bcbce89aff79049607060j/p-levnel-kevin-francis-gray-fragile-head-3-2025.jpg",media/194f64e2a6ef7eb1f060be53.jpg,saved,37760
"https://static-assets.artlogic.net/w_1600,h_1600,c_limit,f_auto,fl_lossy,q_auto/artlogicstorage/pilevneligallery/images/view/6274c0362bf8077ea00349bb2d537af7j/p-levnel-kevin-francis-gray-fragile-head-5-2025.jpg",media/6ed7fdeeacc4222ac9dacca5.jpg,saved,25600
"https://static-assets.artlogic.net/w_1600,h_1600,c_limit,f_auto,fl_lossy,q_auto/artlogicstorage/pilevneligallery/images/view/c1ac8c25b1e549e31d5c981e5b4bdedfj/p-levnel-kevin-francis-gray-reposing-mother-maquette-ap-2024.jpg",media/c6bf916b47775a11901d562f.jpg,saved,87448
"https://static-assets.artlogic.net/w_1600,h_1600,c_limit,f_auto,fl_lossy,q_auto/artlogicstorage/pilevneligallery/images/view/026572520f3679503f49485852927241j/p-levnel-kevin-francis-gray-mother-and-child-study-2023.jpg",media/7d59bb71264adc170cc0fbf0.jpg,saved,93628
"https://static-assets.artlogic.net/w_1600,h_1600,c_limit,f_auto,fl_lossy,q_auto/artlogicstorage/pilevneligallery/images/view/5c6f274c1a7445541e47c61a97a2df50j/p-levnel-kevin-francis-gray-rising-father-2023.jpg",media/96be0cd9042453ca3d1d5f85.jpg,saved,39996
"https://static-assets.artlogic.net/w_1600,h_1600,c_limit,f_auto,fl_lossy,q_auto/artlogicstorage/pilevneligallery/images/view/9a7b13f83ce1a670b5c3a11e4cfd18fbj/p-levnel-kevin-francis-gray-son-dancing-2023.jpg",media/1e616822a35689e5e8168260.jpg,saved,37396
"https://static-assets.artlogic.net/w_1600,h_1600,c_limit,f_auto,fl_lossy,q_auto/artlogicstorage/pilevneligallery/images/view/8501cd310ad30675c96bb407c8444d9dj/p-levnel-kevin-francis-gray-ulster-boy-maquette-2023.jpg",media/b5695dcc541ce501098e21a9.jpg,saved,131250
"https://static-assets.artlogic.net/w_1600,h_1600,c_limit,f_auto,fl_lossy,q_auto/artlogicstorage/pilevneligallery/images/view/6190c953ebc2b16785eddba997e24959j/p-levnel-kevin-francis-gray-bust-of-aoife-s-son-2022.jpg",media/06b06d0457434592e92e5b3a.jpg,saved,137824
"https://static-assets.artlogic.net/w_1600,h_1600,c_limit,f_auto,fl_lossy,q_auto/artlogicstorage/pilevneligallery/images/view/927b003f64d8e41c60e2085c87b5a982j/p-levnel-kevin-francis-gray-lover-i-2022.jpg",media/0711d1002e02740a3e8d01e7.jpg,saved,84984
"https://static-assets.artlogic.net/w_1600,h_1600,c_limit,f_auto,fl_lossy,q_auto/artlogicstorage/pilevneligallery/images/view/a874d53e6467f5de158d54b39b98a3c7j/p-levnel-kevin-francis-gray-lovers-iii-2022.jpg",media/e0dbacb76545e89980f9b114.jpg,saved,87416
"https://static-assets.artlogic.net/w_1600,h_1600,c_limit,f_auto,fl_lossy,q_auto/artlogicstorage/pilevneligallery/images/view/547e8b26c8df98d2bacadabe5406c064j/p-levnel-kevin-francis-gray-young-janus-2020.jpg",media/659b89bb31940ca65447e6ec.jpg,saved,51518
"https://static-assets.artlogic.net/w_1600,h_1600,c_limit,f_auto,fl_lossy,q_auto/artlogicstorage/pilevneligallery/images/view/9b74ebda10d11fca3566f1a5874a7181j/p-levnel-kevin-francis-gray-rising-father-2023.jpg",media/53ea3c4a19cdde484fa40ef2.jpg,saved,41400
"https://static-assets.artlogic.net/w_1600,h_1600,c_limit,f_auto,fl_lossy,q_auto/artlogicstorage/pilevneligallery/images/view/f39a1e84e6a167331839cc2e487f94e2j/p-levnel-kevin-francis-gray-rising-father-2023.jpg",media/bf68ce06abf2c3b44ef44478.jpg,saved,41030
"https://static-assets.artlogic.net/w_1600,h_1600,c_limit,f_auto,fl_lossy,q_auto/artlogicstorage/pilevneligallery/images/view/db1ff7bbb01778c69a7cbd48eb333b3ej/p-levnel-kevin-francis-gray-rising-father-2023.jpg",media/a5a0385cd8f2d6e7fac433f8.jpg,saved,46436
"https://static-assets.artlogic.net/w_1600,h_1600,c_limit,f_auto,fl_lossy,q_auto/artlogicstorage/pilevneligallery/images/view/1399a92f7d2af2b90c8bc153f418563dj/p-levnel-kevin-francis-gray-rising-father-2023.jpg",media/894ff639be382971ea5a6238.jpg,saved,36432
"https://static-assets.artlogic.net/w_1600,h_1600,c_limit,f_auto,fl_lossy,q_auto/artlogicstorage/pilevneligallery/images/view/f7f3dbadcff245da3358e1d1faa70005j/p-levnel-kevin-francis-gray-rising-father-2023.jpg",media/434a6397b8f54580bd7b32cd.jpg,saved,35068
"https://static-assets.artlogic.net/w_1600,h_1600,c_limit,f_auto,fl_lossy,q_auto/artlogicstorage/pilevneligallery/images/view/d3b8148bebdaf331955356a052b55af4j/p-levnel-kevin-francis-gray-rising-father-2023.jpg",media/e2c9b286ddb4e267ae25f888.jpg,saved,95170
"https://static-assets.artlogic.net/w_1600,h_1600,c_limit,f_auto,fl_lossy,q_auto/artlogicstorage/pilevneligallery/images/view/ad7bc7f021ce92fbc73af6f861c34a2aj/p-levnel-kevin-francis-gray-mother-and-child-study-2023.jpg",media/1a4e72f01c3087ea145abac7.jpg,saved,82778
"https://static-assets.artlogic.net/w_1600,h_1600,c_limit,f_auto,fl_lossy,q_auto/artlogicstorage/pilevneligallery/images/view/4c66c25714641f961525ef13bf0f12ddj/p-levnel-kevin-francis-gray-mother-and-child-study-2023.jpg",media/255aa176fb11f7f38a7af7fb.jpg,saved,59722
"https://static-assets.artlogic.net/w_1600,h_1600,c_limit,f_auto,fl_lossy,q_auto/artlogicstorage/pilevneligallery/images/view/0630913d5ba75c1196cd9cf70ad246c0j/p-levnel-kevin-francis-gray-mother-and-child-study-2023.jpg",media/573220eb22a39936185cc7c8.jpg,saved,70372
"https://static-assets.artlogic.net/w_1600,h_1600,c_limit,f_auto,fl_lossy,q_auto/artlogicstorage/pilevneligallery/images/view/0c4c770fe6c407c60683109c9570a426j/p-levnel-kevin-francis-gray-mother-and-child-study-2023.jpg",media/2b6d3564514281a33f74a65a.jpg,saved,129144
"https://static-assets.artlogic.net/w_1600,h_1600,c_limit,f_auto,fl_lossy,q_auto/artlogicstorage/pilevneligallery/images/view/b24c3767577a9d207ec568211d8b652aj/p-levnel-kevin-francis-gray-mother-and-child-study-2023.jpg",media/89bfbb4de9c2a090e9fef729.jpg,saved,35918
"https://static-assets.artlogic.net/w_1600,h_1600,c_limit,f_auto,fl_lossy,q_auto/artlogicstorage/pilevneligallery/images/view/e0701174a4ee62dc642c87e99a40e0a7j/p-levnel-kevin-francis-gray-son-dancing-2023.jpg",media/bd85ecb6c948638007b06baf.jpg,saved,32068
"https://static-assets.artlogic.net/w_1600,h_1600,c_limit,f_auto,fl_lossy,q_auto/artlogicstorage/pilevneligallery/images/view/3a30e491d1cceb4cefb31e5f4c5e25acj/p-levnel-kevin-francis-gray-son-dancing-2023.jpg",media/bcdc316fcda7766a9f284746.jpg,saved,35512
"https://static-assets.artlogic.net/w_1600,h_1600,c_limit,f_auto,fl_lossy,q_auto/artlogicstorage/pilevneligallery/images/view/fc50aa80ab1d395759e8960b13d6181fj/p-levnel-kevin-francis-gray-son-dancing-2023.jpg",media/78bbf73232b653bedb050a4d.jpg,saved,34596
"https://static-assets.artlogic.net/w_1600,h_1600,c_limit,f_auto,fl_lossy,q_auto/artlogicstorage/pilevneligallery/images/view/bde7715c4535cf5fecf008dc28b5d6ddj/p-levnel-kevin-francis-gray-son-dancing-2023.jpg",media/3c7cda41f8aa3692b4064d82.jpg,saved,37976
"https://static-assets.artlogic.net/w_1600,h_1600,c_limit,f_auto,fl_lossy,q_auto/artlogicstorage/pilevneligallery/images/view/d338d422fe4a7cd0899dd45a0f3505fdj/p-levnel-kevin-francis-gray-son-dancing-2023.jpg",media/d5b8e86f2e8067069b848780.jpg,saved,31842
"https://static-assets.artlogic.net/w_1600,h_1600,c_limit,f_auto,fl_lossy,q_auto/artlogicstorage/pilevneligallery/images/view/8c451ea47c8ef13d4261e853dcd64ac6j/p-levnel-kevin-francis-gray-son-dancing-2023.jpg",media/14a9c6a2ecd8049a8e0c82f4.jpg,saved,81540
"https://static-assets.artlogic.net/w_1600,h_1600,c_limit,f_auto,fl_lossy,q_auto/artlogicstorage/pilevneligallery/images/view/d90bd8d37054a766ab1850c070b316edj/p-levnel-kevin-francis-gray-reposing-mother-maquette-ap-2024.jpg",media/e8eaab12b2fed6aed487178a.jpg,saved,79448
"https://static-assets.artlogic.net/w_1600,h_1600,c_limit,f_auto,fl_lossy,q_auto/artlogicstorage/pilevneligallery/images/view/b923df8ad75bb8afd0f45a0c7bdee6b6j/p-levnel-kevin-francis-gray-reposing-mother-maquette-ap-2024.jpg",media/b395e6679da7236ebc26c0e8.jpg,saved,50380
"https://static-assets.artlogic.net/w_1600,h_1600,c_limit,f_auto,fl_lossy,q_auto/artlogicstorage/pilevneligallery/images/view/e6c8fe50327b31b7f4590063d4dade45j/p-levnel-kevin-francis-gray-reposing-mother-maquette-ap-2024.jpg",media/ca06946e83da50880df18af4.jpg,saved,53228
"https://static-assets.artlogic.net/w_1600,h_1600,c_limit,f_auto,fl_lossy,q_auto/artlogicstorage/pilevneligallery/images/view/73f2a146a2df0a8494b0bc7f3d7666f0j/p-levnel-kevin-francis-gray-reposing-mother-maquette-ap-2024.jpg",media/26aa6d98e14ddcb97e25c7d0.jpg,saved,85590
"https://static-assets.artlogic.net/w_1600,h_1600,c_limit,f_auto,fl_lossy,q_auto/artlogicstorage/pilevneligallery/images/view/640d4849a98d75c4b17fbf0dfc2013a0j/p-levnel-kevin-francis-gray-reposing-mother-maquette-ap-2024.jpg",media/1ec17832551494fa5100c787.jpg,saved,169024
"https://static-assets.artlogic.net/w_1600,h_1600,c_limit,f_auto,fl_lossy,q_auto/artlogicstorage/pilevneligallery/images/view/c8728bd1b061412b7beecb1a2041b9b3j/p-levnel-kevin-francis-gray-fragile-head-5-2025.jpg",media/f90fe60cf94b30b1062f6319.jpg,saved,47590
"https://static-assets.artlogic.net/w_1600,h_1600,c_limit,f_auto,fl_lossy,q_auto/artlogicstorage/pilevneligallery/images/view/d773012c043b12a2d447b40a888f29aaj/p-levnel-kevin-francis-gray-fragile-head-5-2025.jpg",media/f44e2b48b135d5c53ef62085.jpg,saved,49122
"https://static-assets.artlogic.net/w_1600,h_1600,c_limit,f_auto,fl_lossy,q_auto/artlogicstorage/pilevneligallery/images/view/5a55126859ebe0c7ec4808dfc2f14a6aj/p-levnel-kevin-francis-gray-fragile-head-5-2025.jpg",media/b3ae919044aeef8f81f33665.jpg,saved,85596
"https://static-assets.artlogic.net/w_1600,h_1600,c_limit,f_auto,fl_lossy,q_auto/artlogicstorage/pilevneligallery/images/view/bdb178ffc1c4dfb2137da0818019c95ej/p-levnel-kevin-francis-gray-fragile-head-5-2025.jpg",media/a79a5493c0662b44b418e44e.jpg,saved,187100
"https://static-assets.artlogic.net/w_1600,h_1600,c_limit,f_auto,fl_lossy,q_auto/ws-pilevneli/usr/images/events/main_image_override/25/25graysc_baselsocialclub_pilevneli_web_1.jpg",media/1411b7cf0d8a43e92e8d8a53.jpg,saved,50894
"https://static-assets.artlogic.net/w_1600,h_1600,c_limit,f_auto,fl_lossy,q_auto/ws-pilevneli/usr/images/exhibitions/main_image_override/129/istanbul_2025_ryan-gander_01.jpg",media/3e1624c3137e84efb0bdf80a.jpg,saved,50554
"https://static-assets.artlogic.net/w_1600,h_1600,c_limit,f_auto,fl_lossy,q_auto/ws-pilevneli/usr/images/news/main_image/129/260e1201-adba-4ca4-8bb8-8e0c53d7ce11.jpeg",media/bd752ce6668ddebc74759bd4.jpeg,saved,54486
"https://static-assets.artlogic.net/w_1600,h_1600,c_limit,f_auto,fl_lossy,q_auto/ws-pilevneli/usr/images/news/main_image_override/119/whatsapp-image-2025-10-13-at-13.04.44.jpeg",media/8a6096539074cd07ca79e500.jpeg,saved,95596
"https://static-assets.artlogic.net/w_1600,h_1600,c_limit,f_auto,fl_lossy,q_auto/ws-pilevneli/usr/images/news/main_image/113/01b34282-75d3-420a-bd24-37605a49a1ee.jpeg",media/f4166fdcc9fa8afed9646419.jpeg,saved,68824
"https://static-assets.artlogic.net/w_1600,h_1600,c_limit,f_auto,fl_lossy,q_auto/ws-pilevneli/usr/images/news/main_image/106/img_3973.jpeg",media/3760e097a5baa8589692e778.jpeg,saved,56704
"https://static-assets.artlogic.net/w_1600,h_1600,c_limit,f_auto,fl_lossy,q_auto/ws-pilevneli/usr/images/news/main_image/103/ekran-resmi-2025-05-27-16.25.27.png",media/a4399b8972d3f116ded3d2f4.png,saved,193216
"https://static-assets.artlogic.net/w_1600,h_1600,c_limit,f_auto,fl_lossy,q_auto/ws-pilevneli/usr/images/news/main_image_override/98/2b842f08-cb78-4aeb-8d28-b63ee8bb0fb4.jpeg",media/4315a18d62ea27a8e173436d.jpeg,saved,320076
"https://static-assets.artlogic.net/w_1600,h_1600,c_limit,f_auto,fl_lossy,q_auto/ws-pilevneli/usr/images/news/main_image/94/img_8392.jpeg",media/e1e3044feed9219a7b0bdc98.jpeg,saved,45214
"https://static-assets.artlogic.net/w_1600,h_1600,c_limit,f_auto,fl_lossy,q_auto/ws-pilevneli/usr/images/artists/group_images_override/items/4a/4a09773dc65540ccb79d1111bcaf8e91/ryanganderstudiovisit_byjayrussell-17.jpeg",media/6261718424a691d625dc26d7.jpeg,saved,45078
"https://static-assets.artlogic.net/w_1600,h_1600,c_limit,f_auto,fl_lossy,q_auto/ws-pilevneli/usr/images/press/main_image/items/57/572bf4f422d54a95846a4362b07fdf82/screenshot-2025-12-26-at-12.37.28.png",media/c1799f154580203b164123ee.png,saved,74260
"https://static-assets.artlogic.net/w_1600,h_1600,c_limit,f_auto,fl_lossy,q_auto/ws-pilevneli/usr/images/press/main_image_override/38/screenshot-2025-12-02-at-14.23.43.png",media/75451d848f23230d1ea5bc0b.png,saved,57410
"https://static-assets.artlogic.net/w_1600,h_1600,c_limit,f_auto,fl_lossy,q_auto/ws-pilevneli/usr/images/press/main_image/items/47/47cf7a581731450196c87cf7c260f167/screenshot-2025-12-27-at-12.31.40.png",media/d3a8b661899ccfe4297e2b7a.png,saved,340106
"https://static-assets.artlogic.net/w_1600,h_1600,c_limit,f_auto,fl_lossy,q_auto/ws-pilevneli/usr/images/press/main_image_override/35/screenshot-2025-12-02-at-13.40.30.png",media/5ed4e439ffe61121c10606fb.png,saved,128932
"https://static-assets.artlogic.net/w_1600,h_1600,c_limit,f_auto,fl_lossy,q_auto/ws-pilevneli/usr/images/press/main_image/items/36/36238600ac8b4cacbbc7162d79fdfc7b/screenshot-2025-12-02-at-13.49.04.png",media/af6e9d61dba6a97b2cd965f5.png,saved,105888
"https://static-assets.artlogic.net/w_1600,h_1600,c_limit,f_auto,fl_lossy,q_auto/ws-pilevneli/usr/images/press/main_image_override/39/screenshot-2025-12-03-at-11.45.50.png",media/ce39ef85c09badeb82d94370.png,saved,68410
"https://static-assets.artlogic.net/w_1600,h_1600,c_limit,f_auto,fl_lossy,q_auto/ws-pilevneli/usr/images/press/main_image_override/36/screenshot-2025-12-02-at-13.41.46.png",media/71e290221c5a333e7fd0c45d.png,saved,90700
"https://static-assets.artlogic.net/w_1600,h_1600,c_limit,f_auto,fl_lossy,q_auto/artlogicstorage/pilevneligallery/images/view/2bc09722346a4335d0c76b90dc88c4fbj/p-levnel-ryan-gander-the-cat-the-clock-and-the-rock-2025.jpg",media/03f36682dfea8d01ffd7d182.jpg,saved,316264
"https://static-assets.artlogic.net/w_1600,h_1600,c_limit,f_auto,fl_lossy,q_auto/artlogicstorage/pilevneligallery/images/view/efb3d1aca6acc6b52f3ab1ab29802e87j/p-levnel-ryan-gander-i-be...-lxiii-2025.jpg",media/cd543f6085bb81a50ede1d2f.jpg,saved,50674
"https://static-assets.artlogic.net/w_1600,h_1600,c_limit,f_auto,fl_lossy,q_auto/artlogicstorage/pilevneligallery/images/view/5ad0cf1c8fd2d01ff9b1fd59db0a13bbj/p-levnel-ryan-gander-a-toppled-adirondack-chair-after-a-snowfall-2022.jpg",media/295246f43d2fc74285dfcfc1.jpg,saved,227906
"https://static-assets.artlogic.net/w_1600,h_1600,c_limit,f_auto,fl_lossy,q_auto/artlogicstorage/pilevneligallery/images/view/a753ebea47443a95b1bea72681fb81d6/p-levnel-ryan-gander-2000-year-collaboration-the-prophet-2018.jpg",media/0cf4179484f2613a78ce3912.jpg,saved,117196
"https://static-assets.artlogic.net/w_1600,h_1600,c_limit,f_auto,fl_lossy,q_auto/artlogicstorage/pilevneligallery/images/view/e83551727115af8000084f6cb7ddaf19/p-levnel-ryan-gander-magnus-opus-2013.jpg",media/eb26b2c93663bfb0c3c916f0.jpg,saved,24312
"https://static-assets.artlogic.net/w_1600,h_1600,c_limit,f_auto,fl_lossy,q_auto/artlogicstorage/pilevneligallery/images/view/d7265a6695c2e4d10fa911269b6e4030/p-levnel-ryan-gander-as-old-as-time-itself-slept-alone-2016.jpg",media/82dd8cbee009930447dd13a5.jpg,saved,25400
"https://static-assets.artlogic.net/w_1600,h_1600,c_limit,f_auto,fl_lossy,q_auto/artlogicstorage/pilevneligallery/images/view/0d94a31395c646f80d7b214a5109ceca/p-levnel-ryan-gander-i-be...-xix-2017.jpg",media/44dd750a4949367d6f66510a.jpg,saved,89650
"https://static-assets.artlogic.net/w_1600,h_1600,c_limit,f_auto,fl_lossy,q_auto/artlogicstorage/pilevneligallery/images/view/d6c1c4fe4f316474f6f45008cffc4db2/p-levnel-ryan-gander-up-ended-breuer-chair-after-several-inches-of-snowfall-2016.jpg",media/d56c0ba0732de6c87ee78af4.jpg,saved,398601
"https://static-assets.artlogic.net/w_1600,h_1600,c_limit,f_auto,fl_lossy,q_auto/artlogicstorage/pilevneligallery/images/view/9b7cf9f8d0ca2ebf1a29bc7e6d658bc5j/p-levnel-ryan-gander-we-only-get-to-go-round-once-santo-sterne-2024.jpg",media/f8654fe9387a3eb0a017c68c.jpg,saved,161198
"https://static-assets.artlogic.net/w_1600,h_1600,c_limit,f_auto,fl_lossy,q_auto/artlogicstorage/pilevneligallery/images/view/97bd9e24f91365c9b9d9df2b21a0f83ej/p-levnel-ryan-gander-a-portrait-of-aston-ernest-as-a-boy-2023.jpg",media/e04be68efecb2590d01b6d69.jpg,saved,96184
"https://static-assets.artlogic.net/w_1600,h_1600,c_limit,f_auto,fl_lossy,q_auto/artlogicstorage/pilevneligallery/images/view/595c481f9793db43da90bf4ec5a38b9aj/p-levnel-ryan-gander-by-physical-or-cognitive-means-broken-window-theory-2-september-2020.jpg",media/7ed8587105a722ad781f05e0.jpg,saved,24244
"https://static-assets.artlogic.net/w_1600,h_1600,c_limit,f_auto,fl_lossy,q_auto/artlogicstorage/pilevneligallery/images/view/3dcd6151eba13c6f98a4c8b0feefaefaj/p-levnel-ryan-gander-the-green-the-gardens-2019.jpg",media/43f2c386ac74eb41bdc9b712.jpg,saved,180360
"https://static-assets.artlogic.net/w_1600,h_1600,c_limit,f_auto,fl_lossy,q_auto/artlogicstorage/pilevneligallery/images/view/7a2b5e89173159d2726d1ddd2e7817bej/p-levnel-ryan-gander-two-hundred-and-sixty-nine-degrees-below-every-kind-of-zero-2014.jpg",media/9316f11f86a931958d12da5f.jpg,saved,95520
"https://static-assets.artlogic.net/w_1600,h_1600,c_limit,f_auto,fl_lossy,q_auto/artlogicstorage/pilevneligallery/images/view/d4838c66acfab5e0be0cdc0c0f3b17adj/p-levnel-ryan-gander-because-editorial-is-costly-2016.jpg",media/97394e40347ca2eb946521ee.jpg,saved,426830
"https://static-assets.artlogic.net/w_1600,h_1600,c_limit,f_auto,fl_lossy,q_auto/artlogicstorage/pilevneligallery/images/view/53dc7344085fb4dd1bccd82f63a54064j/p-levnel-ryan-gander-strong-signifiers-and-understanding-poetic-value-dramaturgical-framework-for-structure-and-stability-2017.jpg",media/7af131a6c6921164e40f8bab.jpg,saved,73060
"https://static-assets.artlogic.net/w_1600,h_1600,c_limit,f_auto,fl_lossy,q_auto/artlogicstorage/pilevneligallery/images/view/8c73660723679c4f8aecf4a6da89b016j/p-levnel-ryan-gander-fttt-ft-ftt-ftt-ffttt-ftt.jpg",media/a19df25bea23fae492a1ec51.jpg,saved,155912
"https://static-assets.artlogic.net/w_1600,h_1600,c_limit,f_auto,fl_lossy,q_auto/artlogicstorage/pilevneligallery/images/view/326c59ff7ca4de0b8d575692cbe48aae/p-levnel-ryan-gander-i-is...-iii-2012.jpg",media/fd838936a31605ff29626c99.jpg,saved,141932
"https://static-assets.artlogic.net/w_1600,h_1600,c_limit,f_auto,fl_lossy,q_auto/artlogicstorage/pilevneligallery/images/view/ae469555c24020ec765ebe66be78e227/p-levnel-ryan-gander-more-really-shiny-things-that-don-t-mean-anything-2012.jpg",media/3982fca4780ebce6bfbb0019.jpg,saved,601742
"https://static-assets.artlogic.net/w_1600,h_1600,c_limit,f_auto,fl_lossy,q_auto/artlogicstorage/pilevneligallery/images/view/4c00145e692bb824fbdb5bbdc2c3e692/p-levnel-ryan-gander-the-day-to-day-accumulation-of-hope-failure-and-ecstasy-2017.jpg",media/a67a12702d4a05bc75e536d0.jpg,saved,114246
"https://static-assets.artlogic.net/w_1600,h_1600,c_limit,f_auto,fl_lossy,q_auto/artlogicstorage/pilevneligallery/images/view/e42e870cd787c0149323d6e49bfb49b9/p-levnel-ryan-gander-forces-outside-of-you-because-you-cede-your-life-decisions-and-consequences-to-forces-outside-of-you-2017.jpg",media/54b1edeedd8a7929aa2f07fa.jpg,saved,67986
"https://static-assets.artlogic.net/w_1600,h_1600,c_limit,f_auto,fl_lossy,q_auto/artlogicstorage/pilevneligallery/images/view/548cbfae23a0a1624782be19b38d594f/p-levnel-ryan-gander-elephant-park-london-2024.jpg",media/f83a5373c320cc36f14fb480.jpg,saved,339116
"https://static-assets.artlogic.net/w_1600,h_1600,c_limit,f_auto,fl_lossy,q_auto/artlogicstorage/pilevneligallery/images/view/a67bb71100bc3f8e9bffd7dac316ed71/p-levnel-ryan-gander-we-are-only-human-incomplete-sculpture-for-scarborough-to-be-finished-by-snow-2022.jpg",media/2b2bf105b2600842e448b266.jpg,saved,266718
"https://static-assets.artlogic.net/w_1600,h_1600,c_limit,f_auto,fl_lossy,q_auto/artlogicstorage/pilevneligallery/images/view/9361a7963a0e620ad519f67c97ee2d75/p-levnel-ryan-gander-things-just-happened-to-him-2024.jpg",media/fffe3645adc0d82d9c43dd91.jpg,saved,310506
"https://static-assets.artlogic.net/w_1600,h_1600,c_limit,f_auto,fl_lossy,q_auto/artlogicstorage/pilevneligallery/images/view/a411320fbe511e29fbb089af5d785df2/p-levnel-ryan-gander-the-happy-prince-2010.jpg",media/5741d6fd132ae1309b2f13b4.jpg,saved,449830
"https://static-assets.artlogic.net/w_1600,h_1600,c_limit,f_auto,fl_lossy,q_auto/artlogicstorage/pilevneligallery/images/view/e7189faa21ec48a0f4456838c240f2afj/p-levnel-ryan-gander-the-find-2023.jpg",media/bc99811a04faa6161d78d85f.jpg,saved,140000
"https://static-assets.artlogic.net/w_1600,h_1600,c_limit,f_auto,fl_lossy,q_auto/ws-pilevneli/usr/images/artists/group_images_override/items/d8/d8a9896d8373422c94042fd338cc922a/portrait-ersan-mondtag-_-ph-by-wilke-weermann.jpeg",media/e00c1b5e0cdd9df99dfb3d1e.jpeg,saved,158562
"https://static-assets.artlogic.net/w_1600,h_1600,c_limit,f_auto,fl_lossy,q_auto/ws-pilevneli/usr/images/artists/group_images_override/items/41/41be4c46f0e741fba83ba091d8bc734f/ekran-resmi-2026-02-14-16.43.57.png",media/27c1a02058a971965efeca42.png,saved,306988
"https://static-assets.artlogic.net/w_1600,h_1600,c_limit,f_auto,fl_lossy,q_auto/ws-pilevneli/usr/images/artists/group_images_override/items/1d/1d9527d600c84be4a0bfdbc425799d3e/photo-credit_-musa-kaya.jpg",media/e717af0b1fb3828d87a570fc.jpg,saved,24810
"https://static-assets.artlogic.net/w_1600,h_1600,c_limit,f_auto,fl_lossy,q_auto/artlogicstorage/pilevneligallery/images/view/a3a37b702e3e50f82320bc98ca1bdc08p/p-levnel-tunca-cosmonochrome-mars-2025.png",media/79e34e6db5f1a60bad7cc67b.png,saved,24160
"https://static-assets.artlogic.net/w_1600,h_1600,c_limit,f_auto,fl_lossy,q_auto/artlogicstorage/pilevneligallery/images/view/1bce8bb6b8fde09dbb8a746f30d47504j/p-levnel-tunca-der-schreckliche-turke-fraktur-2024.jpg",media/05caa118f06bc4c963187ecd.jpg,saved,68414
"https://static-assets.artlogic.net/w_1600,h_1600,c_limit,f_auto,fl_lossy,q_auto/artlogicstorage/pilevneligallery/images/view/e7e1000917790544a2e7f788f7e2fc6ej/p-levnel-tunca-cosmonochrome-i-2022.jpg",media/406adbaed39888915747da00.jpg,saved,199917
"https://static-assets.artlogic.net/w_1600,h_1600,c_limit,f_auto,fl_lossy,q_auto/artlogicstorage/pilevneligallery/images/view/0abada9f3efac083d641699e5ae93820j/p-levnel-tunca-simsiz-untitled-2021.jpg",media/9977ca32cb2077d88cc5be47.jpg,saved,27122
"https://static-assets.artlogic.net/w_1600,h_1600,c_limit,f_auto,fl_lossy,q_auto/artlogicstorage/pilevneligallery/images/view/2f7f31ee3fb6718f7d6e546b3b5fbe64j/p-levnel-tunca-simsiz-untitled-2021.jpg",media/140dcbcaf040fa4d035fe009.jpg,saved,20014
"https://static-assets.artlogic.net/w_1600,h_1600,c_limit,f_auto,fl_lossy,q_auto/artlogicstorage/pilevneligallery/images/view/6b6004bbc4677b4b025a5c22c9253aedj/p-levnel-tunca-simsiz-untitled-2020.jpg",media/b55bfc4ce7c276a28e26d024.jpg,saved,33500
"https://static-assets.artlogic.net/w_1600,h_1600,c_limit,f_auto,fl_lossy,q_auto/artlogicstorage/pilevneligallery/images/view/9075577db0da1fbcee3fa44a4f5dc500j/p-levnel-tunca-simsiz-untitled-2016.jpg",media/f2c32047a7bbb52edeffc6b9.jpg,saved,108442
"https://static-assets.artlogic.net/w_1600,h_1600,c_limit,f_auto,fl_lossy,q_auto/artlogicstorage/pilevneligallery/images/view/04f060a9746413ca46ee18bf3f4e8275p/p-levnel-tunca-rotunda-iii-triptych-2016.png",media/007d8125d8fabf6f48457bcd.png,saved,182856
"https://static-assets.artlogic.net/w_1600,h_1600,c_limit,f_auto,fl_lossy,q_auto/artlogicstorage/pilevneligallery/images/view/25859a5eca15cd6dde37c02f473f20aep/p-levnel-tunca-tunca-domus-i-2016.png",media/77da7e618fcde13d66b3949f.png,saved,184462
"https://static-assets.artlogic.net/w_1600,h_1600,c_limit,f_auto,fl_lossy,q_auto/artlogicstorage/pilevneligallery/images/view/6855a50c16d5e2aa4afd2dc5ef37702dp/p-levnel-banu-anka-artificial-visitor-from-inherited-garden-series-yapay-ziyaret-i-miras-al-nm-bah-e-serisi-2026.png",media/7b24d570c55eed280c5eeda8.png,saved,285998
"https://static-assets.artlogic.net/w_1600,h_1600,c_limit,f_auto,fl_lossy,q_auto/artlogicstorage/pilevneligallery/images/view/08b397ddbe8bc35381f507eb8395f557p/p-levnel-banu-anka-artificial-visitor-from-inherited-garden-series-ii-yapay-ziyaret-i-ii-miras-al-nm-bah-e-serisi-2026.png",media/42a70e71daf2dc30e075369b.png,saved,366172
"https://static-assets.artlogic.net/w_1600,h_1600,c_limit,f_auto,fl_lossy,q_auto/artlogicstorage/pilevneligallery/images/view/75e07eafc5b97e2e32351a6b6bd6dddfp/p-levnel-banu-anka-from-within-trace-i-from-inherited-garden-series-2026.png",media/3fce8185515f3ef5070e7eb8.png,saved,751274
"https://static-assets.artlogic.net/w_1600,h_1600,c_limit,f_auto,fl_lossy,q_auto/artlogicstorage/pilevneligallery/images/view/592df8705bdd37892f4ec415ccc02adbp/p-levnel-banu-anka-from-within-trace-ii-from-inherited-garden-series-2026.png",media/667747da4d8e8222b6edfe91.png,saved,625496
"https://static-assets.artlogic.net/w_1600,h_1600,c_limit,f_auto,fl_lossy,q_auto/artlogicstorage/pilevneligallery/images/view/8b0dde1acfff10b405dc5d849d96eedfj/p-levnel-lal-batman-i-know-these-faces-but-not-from-where-2026.jpg",media/4d2acde9adba667936efff28.jpg,saved,159186
"https://static-assets.artlogic.net/w_1600,h_1600,c_limit,f_auto,fl_lossy,q_auto/artlogicstorage/pilevneligallery/images/view/988d5f9b959b4cb69ef6774b36656a4bj/p-levnel-lal-batman-swallowed-by-chaos-i-crave-the-fall-2026.jpg",media/6ec0b483f453af52d872651d.jpg,saved,311516
"https://static-assets.artlogic.net/w_1600,h_1600,c_limit,f_auto,fl_lossy,q_auto/artlogicstorage/pilevneligallery/images/view/367706062f72f6840a1288bceb6f9bb5p/p-levnel-banu-anka-what-grows-here-ii-from-inherited-garden-series-burada-ne-yeti-ir-ii-2026.png",media/0cd8595f4dc436b73cc4b24a.png,saved,305024
"https://static-assets.artlogic.net/w_1600,h_1600,c_limit,f_auto,fl_lossy,q_auto/artlogicstorage/pilevneligallery/images/view/a7acdb2543d1fa1ae47150219e9a2693p/p-levnel-lal-batman-bleu-fant-me-2025.png",media/566deede09e21ca48dfdb32c.png,saved,223238
"https://static-assets.artlogic.net/w_1600,h_1600,c_limit,f_auto,fl_lossy,q_auto/artlogicstorage/pilevneligallery/images/view/43a3722f1fc371c5ec49c8ba38eabd2aj/p-levnel-banu-anka-echo-from-existere-series-2025.jpg",media/5b1cb3dd1c47bf795e090bca.jpg,saved,326336
"https://static-assets.artlogic.net/w_1600,h_1600,c_limit,f_auto,fl_lossy,q_auto/artlogicstorage/pilevneligallery/images/view/29e2d0e4f24cb2bd6005145b37da16aej/p-levnel-banu-anka-from-existere-series-2025.jpg",media/cef16f6f0006688b51e2793d.jpg,saved,478998
"https://static-assets.artlogic.net/w_1600,h_1600,c_limit,f_auto,fl_lossy,q_auto/artlogicstorage/pilevneligallery/images/view/889b005c466b7b667d7197f75d557499j/p-levnel-banu-anka-mom-2025.jpg",media/99d53886a84202f914b76e3a.jpg,saved,165248
"https://static-assets.artlogic.net/w_1600,h_1600,c_limit,f_auto,fl_lossy,q_auto/artlogicstorage/pilevneligallery/images/view/1cdf3affd826660feb21e3587aee1d11j/p-levnel-banu-anka-seven-steps-2025.jpg",media/24f1a529278c50d15fe09292.jpg,saved,168362
"https://static-assets.artlogic.net/w_1600,h_1600,c_limit,f_auto,fl_lossy,q_auto/artlogicstorage/pilevneligallery/images/view/241977137bcc40ae7dcc1ca01222e2f6j/p-levnel-lal-batman-the-saint-of-broken-hallelujah-s-2025.jpg",media/38bb5b10353b0f08ae029fd3.jpg,saved,217664
"https://static-assets.artlogic.net/w_1600,h_1600,c_limit,f_auto,fl_lossy,q_auto/artlogicstorage/pilevneligallery/images/view/79085100b21f02c11e4fa13de826923bj/p-levnel-banu-anka-what-grows-here-i-burada-ne-yeti-ir-i-2025.jpg",media/3a4c911970cb256b564cbc6b.jpg,saved,74778
"https://static-assets.artlogic.net/w_1600,h_1600,c_limit,f_auto,fl_lossy,q_auto/artlogicstorage/pilevneligallery/images/view/69a2d5809ebe07aa3ae156d15a0aa261p/p-levnel-bora-akincit-rk-angel-2024.png",media/ffa08ce5d9c26f2e1a31ec2c.png,saved,48766
"https://static-assets.artlogic.net/w_1600,h_1600,c_limit,f_auto,fl_lossy,q_auto/artlogicstorage/pilevneligallery/images/view/52480c5ab0580690d7f2854300175d08j/p-levnel-banu-anka-anti-existere-ii-2024.jpg",media/411934aede6c6b48f2911369.jpg,saved,422164
"https://static-assets.artlogic.net/w_1600,h_1600,c_limit,f_auto,fl_lossy,q_auto/artlogicstorage/pilevneligallery/images/view/c48821bb3d7f9e656beb232543cdc52cj/p-levnel-banu-anka-come-to-ex-stere-2024.jpg",media/ddf7b62a347351548b384ed3.jpg,saved,41436
"https://static-assets.artlogic.net/w_1600,h_1600,c_limit,f_auto,fl_lossy,q_auto/artlogicstorage/pilevneligallery/images/view/3e8d3684b494a9a2b9bfcec625559fd5p/p-levnel-bora-akincit-rk-death-2024.png",media/c2a6aa105bf49dfdcd096c76.png,saved,58170
"https://static-assets.artlogic.net/w_1600,h_1600,c_limit,f_auto,fl_lossy,q_auto/artlogicstorage/pilevneligallery/images/view/73fd6481cd557537fc1155b193527499p/p-levnel-bora-akincit-rk-dino-2024.png",media/21568f14e3861cd3608eb39f.png,saved,88002
"https://static-assets.artlogic.net/w_1600,h_1600,c_limit,f_auto,fl_lossy,q_auto/artlogicstorage/pilevneligallery/images/view/604c4e4f1bb5fe1c396949848ea3c858p/p-levnel-bora-akincit-rk-greta-2024.png",media/d0ead04577531525fada52c3.png,saved,24952
"https://static-assets.artlogic.net/w_1600,h_1600,c_limit,f_auto,fl_lossy,q_auto/artlogicstorage/pilevneligallery/images/view/b77bab37bfd8be4b2883720eea1c7acap/p-levnel-bora-akincit-rk-hammer-2024.png",media/e6fdaea4f0ea05cb706b41df.png,saved,59880
"https://static-assets.artlogic.net/w_1600,h_1600,c_limit,f_auto,fl_lossy,q_auto/artlogicstorage/pilevneligallery/images/view/a46d8baf9ae661cf7beb0dd74325a1d4p/p-levnel-bora-akincit-rk-neo-2024.png",media/0521bd567661ca738c4447d3.png,saved,44414
"https://static-assets.artlogic.net/w_1600,h_1600,c_limit,f_auto,fl_lossy,q_auto/artlogicstorage/pilevneligallery/images/view/b9e3cfe44d90751210344754e73af784j/p-levnel-bora-akincit-rk-overview-2024.jpg",media/3de09f2fe247cc5e2124a727.jpg,saved,68476
"https://static-assets.artlogic.net/w_1600,h_1600,c_limit,f_auto,fl_lossy,q_auto/artlogicstorage/pilevneligallery/images/view/b685faee968109b29bf2e09b9345d29dp/p-levnel-bora-akincit-rk-pitigrilli-2024.png",media/c40225959729bc1dfeb21fd1.png,saved,22090
"https://static-assets.artlogic.net/w_1600,h_1600,c_limit,f_auto,fl_lossy,q_auto/artlogicstorage/pilevneligallery/images/view/92045481776131df9c45ab51a720df8fp/p-levnel-bora-akincit-rk-roadtrip3-2024.png",media/166a76419b69f66760ddc7b2.png,saved,82516
"https://static-assets.artlogic.net/w_1600,h_1600,c_limit,f_auto,fl_lossy,q_auto/artlogicstorage/pilevneligallery/images/view/7d5bf8d0658738694f9231e26d22dc10p/p-levnel-bora-akincit-rk-tilikum-2024.png",media/c75435945abef264aa4053c8.png,saved,66530
"https://static-assets.artlogic.net/w_1600,h_1600,c_limit,f_auto,fl_lossy,q_auto/artlogicstorage/pilevneligallery/images/view/3511a1683913c1e38ea86fdcbe664d80p/p-levnel-al-elmaci-beni-kendinden-fazla-sev-i-2023.png",media/93e7e2d16b104bef131b996a.png,saved,168410
"https://static-assets.artlogic.net/w_1600,h_1600,c_limit,f_auto,fl_lossy,q_auto/artlogicstorage/pilevneligallery/images/view/9ed4590b93826eb9bf0510d0e5e2093fp/p-levnel-al-elmaci-beni-kendinden-fazla-sev-ii-2023.png",media/f4354771e356e03d3dea3c10.png,saved,202822
"https://static-assets.artlogic.net/w_1600,h_1600,c_limit,f_auto,fl_lossy,q_auto/artlogicstorage/pilevneligallery/images/view/0f79be1307ea05e2990e7e312175822dp/p-levnel-bora-akincit-rk-death-2024.png",media/a8347e1efde365accc29263c.png,saved,28976
"https://static-assets.artlogic.net/w_1600,h_1600,c_limit,f_auto,fl_lossy,q_auto/artlogicstorage/pilevneligallery/images/view/d8523d5e29e1b8fb559e26a8213e582dj/p-levnel-ryan-gander-i-be...-lxiii-2025.jpg",media/119bcc54c4ec075abf69e8e8.jpg,saved,53596
"https://static-assets.artlogic.net/w_1600,h_1600,c_limit,f_auto,fl_lossy,q_auto/artlogicstorage/pilevneligallery/images/view/233bccc9ad577fe7b3da148572396c2cj/p-levnel-ryan-gander-i-be...-lxiii-2025.jpg",media/809923b34b6319fd140e2b16.jpg,saved,75138
"https://static-assets.artlogic.net/w_1600,h_1600,c_limit,f_auto,fl_lossy,q_auto/artlogicstorage/pilevneligallery/images/view/c71dd228a139caa48107f1c57fd20c24j/p-levnel-ryan-gander-a-toppled-adirondack-chair-after-a-snowfall-2022.jpg",media/b7eed775f092ca7a1f8eddb2.jpg,saved,57572
"https://static-assets.artlogic.net/w_1600,h_1600,c_limit,f_auto,fl_lossy,q_auto/artlogicstorage/pilevneligallery/images/view/0562e4a6ae39d85d1e2c8146683146fep/p-levnel-ryan-gander-a-toppled-adirondack-chair-after-a-snowfall-2022.png",media/62b640e94c26911463c3c79e.png,saved,18566
"https://static-assets.artlogic.net/w_1600,h_1600,c_limit,f_auto,fl_lossy,q_auto/artlogicstorage/pilevneligallery/images/view/4ade30a47619d36f1fd2589635a7a6e6j/p-levnel-serkan-sarier-hubris-xxii-2024.jpg",media/e38865ff78369da153c5ce76.jpg,saved,60288
"https://static-assets.artlogic.net/w_1600,h_1600,c_limit,f_auto,fl_lossy,q_auto/artlogicstorage/pilevneligallery/images/view/8eaa6a430b68c87270181f510c99283aj/p-levnel-serkan-sarier-hubris-xxii-2024.jpg",media/f803dcd86446fbd3ccca7149.jpg,saved,54552
"https://static-assets.artlogic.net/w_1600,h_1600,c_limit,f_auto,fl_lossy,q_auto/artlogicstorage/pilevneligallery/images/view/c66b5494e9d4145573d5a09293d84b67j/p-levnel-serkan-sarier-hubris-xxii-2024.jpg",media/b7f6bf0dd1631ee584bae1bc.jpg,saved,60210
"https://static-assets.artlogic.net/w_1600,h_1600,c_limit,f_auto,fl_lossy,q_auto/artlogicstorage/pilevneligallery/images/view/5dcfb79fe39102ed1797870b55176cc0j/p-levnel-lal-batman-her-face-framed-in-thorns-2025.jpg",media/50a55cb6642d2c4ab17bd010.jpg,saved,315982
"https://static-assets.artlogic.net/w_1600,h_1600,c_limit,f_auto,fl_lossy,q_auto/artlogicstorage/pilevneligallery/images/view/eac7567224d87fe66f49849daf446144j/p-levnel-ryan-gander-the-cat-the-clock-and-the-rock-2025.jpg",media/f69887d275049345e30ab380.jpg,saved,322236
"https://static-assets.artlogic.net/w_1600,h_1600,c_limit,f_auto,fl_lossy,q_auto/artlogicstorage/pilevneligallery/images/view/bfeafe090ec6de3980020e780d2fdecbj/p-levnel-ryan-gander-the-cat-the-clock-and-the-rock-2025.jpg",media/3dc4cba181d7783436cb2000.jpg,saved,418340
"https://static-assets.artlogic.net/w_1600,h_1600,c_limit,f_auto,fl_lossy,q_auto/artlogicstorage/pilevneligallery/images/view/07f6cdfe758cb897a7d8c30970a875edj/p-levnel-ryan-gander-the-cat-the-clock-and-the-rock-2025.jpg",media/8d524007477ef8f742b9147e.jpg,saved,176690
"https://static-assets.artlogic.net/w_1600,h_1600,c_limit,f_auto,fl_lossy,q_auto/artlogicstorage/pilevneligallery/images/view/8f776aaf3eac4ed4f162e10f51f1cc2aj/p-levnel-ryan-gander-the-cat-the-clock-and-the-rock-2025.jpg",media/af37dd9fec52fef5d2e31428.jpg,saved,171832
"https://static-assets.artlogic.net/w_1600,h_1600,c_limit,f_auto,fl_lossy,q_auto/artlogicstorage/pilevneligallery/images/view/3b32a5f38136c9ca067150a6a02b869cj/p-levnel-ryan-gander-the-cat-the-clock-and-the-rock-2025.jpg",media/f224a7e12091986819ac3867.jpg,saved,183852
"https://static-assets.artlogic.net/w_1600,h_1600,c_limit,f_auto,fl_lossy,q_auto/artlogicstorage/pilevneligallery/images/view/c64222dec1d846578666d2a1b3aa5bb7j/p-levnel-ryan-gander-the-cat-the-clock-and-the-rock-2025.jpg",media/0ca1e46e659956ca8b9b676a.jpg,saved,81388
"https://static-assets.artlogic.net/w_1600,h_1600,c_limit,f_auto,fl_lossy,q_auto/artlogicstorage/pilevneligallery/images/view/e011f84114c56da01e57b74db8411dbej/p-levnel-ryan-gander-the-cat-the-clock-and-the-rock-2025.jpg",media/6ba638f83dd558deba087506.jpg,saved,150688
"https://static-assets.artlogic.net/w_1600,h_1600,c_limit,f_auto,fl_lossy,q_auto/artlogicstorage/pilevneligallery/images/view/7a27212fd985a4daebe5d640107a1cf9j/p-levnel-ryan-gander-the-cat-the-clock-and-the-rock-2025.jpg",media/2f68cc245bdccc31c54a4aa9.jpg,saved,263402
"https://static-assets.artlogic.net/w_1600,h_1600,c_limit,f_auto,fl_lossy,q_auto/artlogicstorage/pilevneligallery/images/view/02c66d85e5e782d8863993adcda4a6aej/p-levnel-erdo-an-z-mr-to-lu-uncanny-2023.jpg",media/3e9dddf192a2ecddb79dc8ad.jpg,saved,287226
"https://static-assets.artlogic.net/w_1600,h_1600,c_limit,f_auto,fl_lossy,q_auto/artlogicstorage/pilevneligallery/images/view/57aed4f8d47a84d0e7985ecfbfc540a5j/p-levnel-erdo-an-z-mr-to-lu-uncanny-2023.jpg",media/bf1a0e5298c5a107b19f355c.jpg,saved,240354
"https://static-assets.artlogic.net/w_1600,h_1600,c_limit,f_auto,fl_lossy,q_auto/artlogicstorage/pilevneligallery/images/view/83bf78783d95f2b1de1a6f67a6c5a936j/p-levnel-banu-anka-seven-steps-2025.jpg",media/26dd0eb368340b78fbd408c7.jpg,saved,555172
"https://static-assets.artlogic.net/w_1600,h_1600,c_limit,f_auto,fl_lossy,q_auto/artlogicstorage/pilevneligallery/images/view/f752470a8d23ba649bacedec3a01cdc2j/p-levnel-banu-anka-seven-steps-2025.jpg",media/9037aaa0998b847f345cf1bb.jpg,saved,673768
"https://static-assets.artlogic.net/w_1600,h_1600,c_limit,f_auto,fl_lossy,q_auto/artlogicstorage/pilevneligallery/images/view/e3ad732c6316a7713189f77c7c7559b8p/p-levnel-lal-batman-borrowed-eyes-2026.png",media/91cec820054c3e69c394bd6d.png,saved,93134
"https://static-assets.artlogic.net/w_1600,h_1600,c_limit,f_auto,fl_lossy,q_auto/artlogicstorage/pilevneligallery/images/view/f95656d172e6c11e87078f39f1216523j/p-levnel-lal-batman-borrowed-eyes-2026.jpg",media/aa0363a042793a7b10d25033.jpg,saved,291332
"https://static-assets.artlogic.net/w_1600,h_1600,c_limit,f_auto,fl_lossy,q_auto/artlogicstorage/pilevneligallery/images/view/54e61658c439bde84928eb00cefbf3efj/p-levnel-lal-batman-borrowed-eyes-2026.jpg",media/1449a822c7b19b5670b41afd.jpg,saved,102960
"https://static-assets.artlogic.net/w_1600,h_1600,c_limit,f_auto,fl_lossy,q_auto/artlogicstorage/pilevneligallery/images/view/64e4d58452ab8425ecdaf567438c131aj/p-levnel-esra-g-lmen-uncensorable-two-2023.jpg",media/9ace5b20cbd9bd6e2f6fc16c.jpg,saved,67834
"https://static-assets.artlogic.net/w_1600,h_1600,c_limit,f_auto,fl_lossy,q_auto/artlogicstorage/pilevneligallery/images/view/36bc4922e01ad58d20c8b360cfab6475j/p-levnel-al-em-r-tapan-untitled-from-the-series-we-sleep-together-2023.jpg",media/5ca60a241ff12dd87e781018.jpg,saved,45012
"https://static-assets.artlogic.net/w_1600,h_1600,c_limit,f_auto,fl_lossy,q_auto/artlogicstorage/pilevneligallery/images/view/e98850d7687ad18ab3812ee492ac756cj/p-levnel-al-em-r-tapan-untitled-from-the-series-we-sleep-together-2023.jpg",media/b6d1d33dd3116cf85cd0d11d.jpg,saved,48166
"https://static-assets.artlogic.net/w_1600,h_1600,c_limit,f_auto,fl_lossy,q_auto/artlogicstorage/pilevneligallery/images/view/28bc0226c74a881caef0e35cde85ac5dj/p-levnel-al-em-r-tapan-untitled-from-the-series-we-sleep-together-2023.jpg",media/984df478f02c3b23e7cd93ab.jpg,saved,47040
"https://static-assets.artlogic.net/w_1600,h_1600,c_limit,f_auto,fl_lossy,q_auto/artlogicstorage/pilevneligallery/images/view/a1f6ad640e742dd3d268e9d6e90b22ddj/p-levnel-esra-g-lmen-as-if-i-won-t-die-2022.jpg",media/747b501702667bb8c5fde461.jpg,saved,132597
"https://static-assets.artlogic.net/w_1600,h_1600,c_limit,f_auto,fl_lossy,q_auto/artlogicstorage/pilevneligallery/images/view/02873faa379bded16ec3a6c9cb03af24j/p-levnel-frank-nitsche-bcm-07-2022-2022.jpg",media/9729136f8c70afff4125a2d8.jpg,saved,101594
"https://static-assets.artlogic.net/w_1600,h_1600,c_limit,f_auto,fl_lossy,q_auto/artlogicstorage/pilevneligallery/images/view/04f23e17ced6fcfcb9d9a613d151acdcj/p-levnel-frank-nitsche-bon-17-2022-2022.jpg",media/dd00d922926c746c36acf377.jpg,saved,103208
"https://static-assets.artlogic.net/w_1600,h_1600,c_limit,f_auto,fl_lossy,q_auto/artlogicstorage/pilevneligallery/images/view/d818b11411f5f7a4a2a0ff19a8c4067aj/p-levnel-frank-nitsche-bon-27-2022-2022.jpg",media/c4974db956efa55f3cb03eb2.jpg,saved,54340
"https://static-assets.artlogic.net/w_1600,h_1600,c_limit,f_auto,fl_lossy,q_auto/artlogicstorage/pilevneligallery/images/view/2fcfd1bf7bc41982ea7ef71e443f3492j/p-levnel-sucuk-bratwurst-cool-portraits-cool-bunny-3d-rendering-2022.jpg",media/f2581cb1da9638e44ddeacef.jpg,saved,91616
"https://static-assets.artlogic.net/w_1600,h_1600,c_limit,f_auto,fl_lossy,q_auto/artlogicstorage/pilevneligallery/images/view/b192c80b4a977e67fe3eccf215274fc5j/p-levnel-sucuk-bratwurst-cool-portraits-cool-chick-3d-rendering-2022.jpg",media/91ee80db4a631adaaa925be5.jpg,saved,101740
"https://static-assets.artlogic.net/w_1600,h_1600,c_limit,f_auto,fl_lossy,q_auto/artlogicstorage/pilevneligallery/images/view/4566e398c680bb5ef30c97d8022071d0j/p-levnel-sucuk-bratwurst-cool-portraits-cool-dalmi-3d-rendering-2022.jpg",media/2f5106a80103e48fd7ba2d44.jpg,saved,154410
"https://static-assets.artlogic.net/w_1600,h_1600,c_limit,f_auto,fl_lossy,q_auto/artlogicstorage/pilevneligallery/images/view/da34326d34079d89f3d7e3d064082c15j/p-levnel-sucuk-bratwurst-cool-portraits-cool-pingu-3d-rendering-2022.jpg",media/574fea0a4191a18253c4a2a6.jpg,saved,89364
"https://static-assets.artlogic.net/w_1600,h_1600,c_limit,f_auto,fl_lossy,q_auto/artlogicstorage/pilevneligallery/images/view/c5e926770c696468696dcdfbf039bac1j/p-levnel-sucuk-bratwurst-cool-portraits-cool-teddy-3d-rendering-2022.jpg",media/fbc91746817441ec530a4117.jpg,saved,164162
"https://static-assets.artlogic.net/w_1600,h_1600,c_limit,f_auto,fl_lossy,q_auto/artlogicstorage/pilevneligallery/images/view/169b340aea72491e3943d37ed272d751j/p-levnel-esra-g-lmen-do-you-know-what-i-mean-2022.jpg",media/0f7e1504ff61a847a087ba7d.jpg,saved,49466
"https://static-assets.artlogic.net/w_1600,h_1600,c_limit,f_auto,fl_lossy,q_auto/artlogicstorage/pilevneligallery/images/view/eddc0e6718a38a517661e25e36a593a4j/p-levnel-esra-g-lmen-don-t-play-with-my-emotions-2022.jpg",media/1d10151c20fd357b374b16e8.jpg,saved,46596
"https://static-assets.artlogic.net/w_1600,h_1600,c_limit,f_auto,fl_lossy,q_auto/artlogicstorage/pilevneligallery/images/view/89c4ee68e022426552aef092214d9a08p/p-levnel-frank-nitsche-dyk-06-2022-2022.png",media/6c0099b91824983b249900f6.png,saved,67098
"https://static-assets.artlogic.net/w_1600,h_1600,c_limit,f_auto,fl_lossy,q_auto/artlogicstorage/pilevneligallery/images/view/9b7e39b078e5eeb11a6d91e080e5b2a9j/p-levnel-esra-g-lmen-ego-2022.jpg",media/a8baba0be1679145ddb1f209.jpg,saved,13196
"https://static-assets.artlogic.net/w_1600,h_1600,c_limit,f_auto,fl_lossy,q_auto/artlogicstorage/pilevneligallery/images/view/fbb4da2a389318b6c5637a1c40ac20b6p/p-levnel-frank-nitsche-htb-01-2022-2022.png",media/087f83aed95c477f20933c47.png,saved,22650
"https://static-assets.artlogic.net/w_1600,h_1600,c_limit,f_auto,fl_lossy,q_auto/artlogicstorage/pilevneligallery/images/view/390a532d558560e0e94e5ebe894f14f6j/p-levnel-esra-g-lmen-i-am-very-happy-for-you.-2022.jpg",media/8e5aa7624aac1a486acfb9cb.jpg,saved,32152
"https://static-assets.artlogic.net/w_1600,h_1600,c_limit,f_auto,fl_lossy,q_auto/artlogicstorage/pilevneligallery/images/view/eaaaa339c66f2e8a121ccfe510535d9aj/p-levnel-defne-tesal-k-p-rt-lar-1-2022.jpg",media/5522ebb3f9082df62538e6c9.jpg,saved,764126
"https://static-assets.artlogic.net/w_1600,h_1600,c_limit,f_auto,fl_lossy,q_auto/artlogicstorage/pilevneligallery/images/view/c7968f57b977f0de263f84b716bbc86ap/p-levnel-defne-tesal-k-p-rtlar-1-2022.png",media/d56781f18d01e4f6e27624f9.png,saved,282610
"https://static-assets.artlogic.net/w_1600,h_1600,c_limit,f_auto,fl_lossy,q_auto/ws-pilevneli/usr/images/events/main_image_override/31/59dde2c162d24e4c8866dbc79a30e2cf.jpg",media/dc923b73e378b380ae586231.jpg,saved,23100
"https://static-assets.artlogic.net/w_1600,h_1600,c_limit,f_auto,fl_lossy,q_auto/ws-pilevneli/usr/images/events/main_image_override/28/1e9a9238-1.jpg",media/5a5ef9a845ec19973997159c.jpg,saved,45532
"https://static-assets.artlogic.net/w_1600,h_1600,c_limit,f_auto,fl_lossy,q_auto/ws-pilevneli/usr/images/events/main_image/items/68/68be19a134a94e70afb1bcb024fa680d/tar-k_enter_both.jpg",media/16e6ffd98daeb77391ec2c57.jpg,saved,241768
"https://static-assets.artlogic.net/w_1600,h_1600,c_limit,f_auto,fl_lossy,q_auto/ws-pilevneli/usr/library/images/main/events/10/20220311_193917.gif",media/20c7447b1b2bc8c4a568cd9b.gif,saved,128730
"https://static-assets.artlogic.net/w_1600,h_1600,c_limit,f_auto,fl_lossy,q_auto/ws-pilevneli/usr/library/images/main/events/10/20220311_201829.gif",media/1f7754ba0946fa7b748c399a.gif,saved,51116
"https://static-assets.artlogic.net/w_1600,h_1600,c_limit,f_auto,fl_lossy,q_auto/ws-pilevneli/usr/library/images/main/events/10/20220312_142029.gif",media/86bd2d8005e2ba93b19a1959.gif,saved,95350
"https://static-assets.artlogic.net/w_1600,h_1600,c_limit,f_auto,fl_lossy,q_auto/ws-pilevneli/usr/library/images/main/events/10/20220313_122036.gif",media/22475751da6eb10dcb748850.gif,saved,63152
"https://static-assets.artlogic.net/w_1600,h_1600,c_limit,f_auto,fl_lossy,q_auto/ws-pilevneli/usr/library/images/main/events/10/20220312_142148.gif",media/2866de2b9f62db5a099456b8.gif,saved,240804
"https://static-assets.artlogic.net/w_1600,h_1600,c_limit,f_auto,fl_lossy,q_auto/ws-pilevneli/usr/library/images/main/events/10/20220312_142205.gif",media/fb24d783d98b46d397c92070.gif,saved,157692
"https://static-assets.artlogic.net/w_1600,h_1600,c_limit,f_auto,fl_lossy,q_auto/ws-pilevneli/usr/library/images/main/events/10/20220311_194532.gif",media/c1688044c3f36d4b2569ba90.gif,saved,117732
"https://static-assets.artlogic.net/w_1600,h_1600,c_limit,f_auto,fl_lossy,q_auto/ws-pilevneli/usr/library/images/main/events/10/20220312_155646.gif",media/9025b74e808fc2e16f522fa7.gif,saved,92406
"https://static-assets.artlogic.net/w_1600,h_1600,c_limit,f_auto,fl_lossy,q_auto/ws-pilevneli/usr/library/images/main/events/10/20220311_202815.gif",media/8716f0422b530673744dc2c0.gif,saved,237446
"https://static-assets.artlogic.net/w_1600,h_1600,c_limit,f_auto,fl_lossy,q_auto/ws-pilevneli/usr/library/images/main/events/10/20220311_210029.gif",media/1ffb50f5a94210b4397605c2.gif,saved,182931
"https://static-assets.artlogic.net/w_1600,h_1600,c_limit,f_auto,fl_lossy,q_auto/ws-pilevneli/usr/library/images/main/events/12/_19397.jpg",media/e48ff6bc6368277af5f50a6e.jpg,saved,228363
"https://static-assets.artlogic.net/w_1600,h_1600,c_limit,f_auto,fl_lossy,q_auto/ws-pilevneli/usr/library/images/main/events/12/_19400.jpg",media/01c8767196eee676448d0bf2.jpg,saved,243825
"https://static-assets.artlogic.net/w_1600,h_1600,c_limit,f_auto,fl_lossy,q_auto/ws-pilevneli/usr/library/images/main/events/12/_19401.jpg",media/ceec587b3dc4c172f507df57.jpg,saved,235187
"https://static-assets.artlogic.net/w_1600,h_1600,c_limit,f_auto,fl_lossy,q_auto/ws-pilevneli/usr/library/images/main/events/12/_19409.jpg",media/29360031b496f9d1bfb8be85.jpg,saved,275157
"https://static-assets.artlogic.net/w_1600,h_1600,c_limit,f_auto,fl_lossy,q_auto/ws-pilevneli/usr/library/images/main/events/12/_19403.jpg",media/e2d3d276de3a78302de6759f.jpg,saved,310081
"https://static-assets.artlogic.net/w_1600,h_1600,c_limit,f_auto,fl_lossy,q_auto/ws-pilevneli/usr/library/images/main/events/12/_19422.jpg",media/34c69ef151460e152081f3fd.jpg,saved,303709
"https://static-assets.artlogic.net/w_1600,h_1600,c_limit,f_auto,fl_lossy,q_auto/ws-pilevneli/usr/library/images/main/events/12/_19396.jpg",media/3ff3eddb3b804e49a60a69c3.jpg,saved,225487
"https://static-assets.artlogic.net/w_1600,h_1600,c_limit,f_auto,fl_lossy,q_auto/ws-pilevneli/usr/library/images/main/events/12/_19402.jpg",media/e476d80c2b414d31cdac09fd.jpg,saved,307874
"https://static-assets.artlogic.net/w_1600,h_1600,c_limit,f_auto,fl_lossy,q_auto/ws-pilevneli/usr/library/images/main/events/12/_19421.jpg",media/bb26d0e16ccebcbae43a2b96.jpg,saved,305814
"https://static-assets.artlogic.net/w_1600,h_1600,c_limit,f_auto,fl_lossy,q_auto/ws-pilevneli/usr/library/images/main/events/12/_19437.jpg",media/95ab1edf1c0c3a8fcb3c9d15.jpg,saved,300938
"https://static-assets.artlogic.net/w_1600,h_1600,c_limit,f_auto,fl_lossy,q_auto/ws-pilevneli/usr/library/images/main/events/12/_19431.jpg",media/854d458a5da3010777289735.jpg,saved,260781
"https://static-assets.artlogic.net/w_1600,h_1600,c_limit,f_auto,fl_lossy,q_auto/ws-pilevneli/usr/library/images/main/events/12/_19435.jpg",media/f3e708686d87d62e2d7bdfdf.jpg,saved,240650
"https://static-assets.artlogic.net/w_1600,h_1600,c_limit,f_auto,fl_lossy,q_auto/ws-pilevneli/usr/library/images/main/events/12/_19436.jpg",media/d2949ebc6568366ddf0df8c7.jpg,saved,308917
"https://static-assets.artlogic.net/w_1600,h_1600,c_limit,f_auto,fl_lossy,q_auto/ws-pilevneli/usr/library/images/main/events/12/_19426.jpg",media/32979ce80c42112f766092d4.jpg,saved,263811
"https://static-assets.artlogic.net/w_1600,h_1600,c_limit,f_auto,fl_lossy,q_auto/ws-pilevneli/usr/library/images/main/events/12/_19460.jpg",media/d6ff351aba8a3eb79697283f.jpg,saved,236838
"https://static-assets.artlogic.net/w_1600,h_1600,c_limit,f_auto,fl_lossy,q_auto/ws-pilevneli/usr/library/images/main/events/12/_19468.jpg",media/3b78f8d051b4bad02034759c.jpg,saved,249401
"https://static-assets.artlogic.net/w_1600,h_1600,c_limit,f_auto,fl_lossy,q_auto/ws-pilevneli/usr/library/images/main/events/12/_19471.jpg",media/b50991c3c738bc39e89404f1.jpg,saved,278046
"https://static-assets.artlogic.net/w_1600,h_1600,c_limit,f_auto,fl_lossy,q_auto/ws-pilevneli/usr/library/images/main/events/12/_19462.jpg",media/52c97acc2d759b7973e3ddfc.jpg,saved,241885
"https://static-assets.artlogic.net/w_1600,h_1600,c_limit,f_auto,fl_lossy,q_auto/ws-pilevneli/usr/library/images/main/events/12/_19474-yeni.jpg",media/0bb83a53865e3e1901bf9010.jpg,saved,280300
"https://static-assets.artlogic.net/w_1600,h_1600,c_limit,f_auto,fl_lossy,q_auto/ws-pilevneli/usr/library/images/main/events/12/_19416.jpg",media/e6de07de6ca1bec6abfe1031.jpg,saved,320342
"https://static-assets.artlogic.net/w_1600,h_1600,c_limit,f_auto,fl_lossy,q_auto/ws-pilevneli/usr/library/images/main/events/12/_19410.jpg",media/b1f605eae8e0456025b3e71e.jpg,saved,265514
"https://static-assets.artlogic.net/w_1600,h_1600,c_limit,f_auto,fl_lossy,q_auto/ws-pilevneli/usr/library/images/main/events/12/_19439.jpg",media/99e0c31b2001ae5f4e916445.jpg,saved,242110
"https://static-assets.artlogic.net/w_1600,h_1600,c_limit,f_auto,fl_lossy,q_auto/ws-pilevneli/usr/library/images/main/events/12/_19454-yeni.jpg",media/e0da6b9649bb9cac8c7aff30.jpg,saved,279163
"https://static-assets.artlogic.net/w_1600,h_1600,c_limit,f_auto,fl_lossy,q_auto/ws-pilevneli/usr/library/images/main/events/12/_19457-yeni.jpg",media/ddd9054341529e9ae21ba87b.jpg,saved,286715
"https://static-assets.artlogic.net/w_1600,h_1600,c_limit,f_auto,fl_lossy,q_auto/ws-pilevneli/usr/library/images/main/events/12/_19444-.jpg",media/abcdfcb0a9645b0c322774d9.jpg,saved,223110
"https://static-assets.artlogic.net/w_1600,h_1600,c_limit,f_auto,fl_lossy,q_auto/ws-pilevneli/usr/library/images/main/events/12/_19458-yeni.jpg",media/332636d7f7a1a7daa22c4a57.jpg,saved,240625
"https://static-assets.artlogic.net/w_1600,h_1600,c_limit,f_auto,fl_lossy,q_auto/ws-pilevneli/usr/library/images/main/events/12/_19452.jpg",media/32a8fdaa7a752be28c0e493c.jpg,saved,264024
"https://static-assets.artlogic.net/w_1600,h_1600,c_limit,f_auto,fl_lossy,q_auto/ws-pilevneli/usr/library/images/main/events/12/_19513-yeni.jpg",media/41a434ab286395f711a77b70.jpg,saved,191903
"https://static-assets.artlogic.net/w_1600,h_1600,c_limit,f_auto,fl_lossy,q_auto/ws-pilevneli/usr/library/images/main/events/12/_19509.jpg",media/a6986263527bcf679e00dcbb.jpg,saved,194601
"https://static-assets.artlogic.net/w_1600,h_1600,c_limit,f_auto,fl_lossy,q_auto/ws-pilevneli/usr/library/images/main/events/12/_19442-yeni.jpg",media/5ae6e705f87ef6ccaad33e85.jpg,saved,144292
"https://static-assets.artlogic.net/w_1600,h_1600,c_limit,f_auto,fl_lossy,q_auto/ws-pilevneli/usr/library/images/main/events/12/_19476.jpg",media/131520606b36840d5f91c1bb.jpg,saved,433018
"https://static-assets.artlogic.net/w_1600,h_1600,c_limit,f_auto,fl_lossy,q_auto/ws-pilevneli/usr/library/images/main/events/12/_19481.jpg",media/415580b0ac66069e6e33b362.jpg,saved,430682
"https://static-assets.artlogic.net/w_1600,h_1600,c_limit,f_auto,fl_lossy,q_auto/ws-pilevneli/usr/library/images/main/events/12/_19490.jpg",media/037cf0ca0ba1b361a02b6363.jpg,saved,356004
"https://static-assets.artlogic.net/w_1600,h_1600,c_limit,f_auto,fl_lossy,q_auto/ws-pilevneli/usr/library/images/main/events/12/_19482.jpg",media/a77146d0698430787dc23527.jpg,saved,375746
"https://static-assets.artlogic.net/w_1600,h_1600,c_limit,f_auto,fl_lossy,q_auto/ws-pilevneli/usr/library/images/main/events/12/_19486.jpg",media/3a1f187aea17fee009ee39ee.jpg,saved,226272
"https://static-assets.artlogic.net/w_1600,h_1600,c_limit,f_auto,fl_lossy,q_auto/ws-pilevneli/usr/library/images/main/events/12/_19495.jpg",media/273d23e82e9467ea2f3e5ff7.jpg,saved,265475
"https://static-assets.artlogic.net/w_1600,h_1600,c_limit,f_auto,fl_lossy,q_auto/ws-pilevneli/usr/library/images/main/events/12/_19503.jpg",media/288a526aa93e60260308f667.jpg,saved,342763
"https://static-assets.artlogic.net/w_1600,h_1600,c_limit,f_auto,fl_lossy,q_auto/ws-pilevneli/usr/library/images/main/events/12/_19505.jpg",media/ee50df8dd720e6fc79e3394b.jpg,saved,304066
"https://static-assets.artlogic.net/w_1600,h_1600,c_limit,f_auto,fl_lossy,q_auto/ws-pilevneli/usr/library/images/main/events/12/_19501.jpg",media/3ae253bb2beaaa7681003d6e.jpg,saved,411542
"https://static-assets.artlogic.net/w_1600,h_1600,c_limit,f_auto,fl_lossy,q_auto/ws-pilevneli/usr/library/images/main/events/12/_19504.jpg",media/46466a436fb6a306b7826b9f.jpg,saved,380485
"https://static-assets.artlogic.net/w_1600,h_1600,c_limit,f_auto,fl_lossy,q_auto/ws-pilevneli/usr/library/images/main/events/12/_19506.jpg",media/633f03c0912620dc482a162b.jpg,saved,541071
"https://static-assets.artlogic.net/w_1600,h_1600,c_limit,f_auto,fl_lossy,q_auto/ws-pilevneli/usr/library/images/main/events/12/_19508.jpg",media/925aa5f7b6860f6db0212d64.jpg,saved,532083
"https://static-assets.artlogic.net/w_1600,h_1600,c_limit,f_auto,fl_lossy,q_auto/ws-pilevneli/usr/library/images/main/events/13/img_1141-1-.jpg",media/61c11df24d297f9059fd99d2.jpg,saved,53858
"https://static-assets.artlogic.net/w_1600,h_1600,c_limit,f_auto,fl_lossy,q_auto/ws-pilevneli/usr/library/images/main/events/13/img_1140.jpg",media/f120d08bd7dc253fbc1b7399.jpg,saved,55132
"https://static-assets.artlogic.net/w_1600,h_1600,c_limit,f_auto,fl_lossy,q_auto/ws-pilevneli/usr/library/images/main/events/16/100_1353.jpg",media/d81b89601ed2bdf51e7e1d21.jpg,saved,72328
"https://static-assets.artlogic.net/w_1600,h_1600,c_limit,f_auto,fl_lossy,q_auto/ws-pilevneli/usr/library/images/main/events/16/100_1356.jpg",media/e4f9650f81fd324e2bb0e7bb.jpg,saved,123662
"https://static-assets.artlogic.net/w_1600,h_1600,c_limit,f_auto,fl_lossy,q_auto/ws-pilevneli/usr/library/images/main/events/16/100_1334.jpg",media/f05bb18d084df66bc15504ba.jpg,saved,115258
"https://static-assets.artlogic.net/w_1600,h_1600,c_limit,f_auto,fl_lossy,q_auto/ws-pilevneli/usr/library/images/main/events/16/100_1316.jpg",media/e590eea9b5e97fc6063139ab.jpg,saved,91184
"https://static-assets.artlogic.net/w_1600,h_1600,c_limit,f_auto,fl_lossy,q_auto/ws-pilevneli/usr/library/images/main/events/16/100_1317.jpg",media/ca3a7f8dd02f2287a306ce45.jpg,saved,181664
"https://static-assets.artlogic.net/w_1600,h_1600,c_limit,f_auto,fl_lossy,q_auto/ws-pilevneli/usr/library/images/main/events/16/100_1318.jpg",media/5af00216d75fb626e21de15e.jpg,saved,143624
"https://static-assets.artlogic.net/w_1600,h_1600,c_limit,f_auto,fl_lossy,q_auto/ws-pilevneli/usr/library/images/main/events/16/100_1363.jpg",media/12cc335db92ef801daf8f8fd.jpg,saved,141868
"https://static-assets.artlogic.net/w_1600,h_1600,c_limit,f_auto,fl_lossy,q_auto/ws-pilevneli/usr/library/images/main/events/16/100_1365.jpg",media/ad03ddbc7a65350652103123.jpg,saved,101394
"https://static-assets.artlogic.net/w_1600,h_1600,c_limit,f_auto,fl_lossy,q_auto/ws-pilevneli/usr/library/images/main/events/16/100_1369.jpg",media/34d7b5eec9668bbeafa6d992.jpg,saved,88910
"https://static-assets.artlogic.net/w_1600,h_1600,c_limit,f_auto,fl_lossy,q_auto/ws-pilevneli/usr/library/images/main/events/16/100_1314.jpg",media/c15b6afca2fd528e6a29747a.jpg,saved,111296
"https://static-assets.artlogic.net/w_1600,h_1600,c_limit,f_auto,fl_lossy,q_auto/ws-pilevneli/usr/library/images/main/events/16/100_1350.jpg",media/f464d592d369481686b6753d.jpg,saved,144748
"https://static-assets.artlogic.net/w_1600,h_1600,c_limit,f_auto,fl_lossy,q_auto/ws-pilevneli/usr/library/images/main/events/16/100_1332.jpg",media/70d290a8eb2f6f427b2c2db0.jpg,saved,92782
"https://static-assets.artlogic.net/w_1600,h_1600,c_limit,f_auto,fl_lossy,q_auto/ws-pilevneli/usr/library/images/main/events/16/100_1328.jpg",media/8fd5f2c2a1cc4b8cca749e9c.jpg,saved,110370
"https://static-assets.artlogic.net/w_1600,h_1600,c_limit,f_auto,fl_lossy,q_auto/ws-pilevneli/usr/library/images/main/events/16/100_1320.jpg",media/3392b0dc9fd5f3c6940dcbc7.jpg,saved,94664
"https://static-assets.artlogic.net/w_1600,h_1600,c_limit,f_auto,fl_lossy,q_auto/ws-pilevneli/usr/library/images/main/events/18/p_1426.jpg",media/d5adbb4901f4007b4eaf571c.jpg,saved,308999
"https://static-assets.artlogic.net/w_1600,h_1600,c_limit,f_auto,fl_lossy,q_auto/ws-pilevneli/usr/library/images/main/events/18/p_1483-ic-1.jpg",media/38d612529c3424ef98bff148.jpg,saved,163558
"https://static-assets.artlogic.net/w_1600,h_1600,c_limit,f_auto,fl_lossy,q_auto/ws-pilevneli/usr/library/images/main/events/18/p_1421.jpg",media/d068e73743dd3fe10313b315.jpg,saved,121306
"https://static-assets.artlogic.net/w_1600,h_1600,c_limit,f_auto,fl_lossy,q_auto/ws-pilevneli/usr/library/images/main/events/18/p_1430.jpg",media/726aae6224cd20ba31e6e56b.jpg,saved,270613
"https://static-assets.artlogic.net/w_1600,h_1600,c_limit,f_auto,fl_lossy,q_auto/ws-pilevneli/usr/library/images/main/events/18/p_1369.jpg",media/90b7afcdb27528b52aaf2156.jpg,saved,215771
"https://static-assets.artlogic.net/w_1600,h_1600,c_limit,f_auto,fl_lossy,q_auto/ws-pilevneli/usr/library/images/main/events/18/p_1403-.jpg",media/7c25b8e64730115379c266ca.jpg,saved,360888
"https://static-assets.artlogic.net/w_1600,h_1600,c_limit,f_auto,fl_lossy,q_auto/ws-pilevneli/usr/library/images/main/events/19/spark1.jpg",media/ac9d9d99618c864415485851.jpg,saved,98892
"https://static-assets.artlogic.net/w_1600,h_1600,c_limit,f_auto,fl_lossy,q_auto/ws-pilevneli/usr/library/images/main/events/19/spark2.jpg",media/601045cc4c0109c284a88625.jpg,saved,109596
"https://static-assets.artlogic.net/w_1600,h_1600,c_limit,f_auto,fl_lossy,q_auto/ws-pilevneli/usr/library/images/main/events/19/27072-rafik-anadol-photo-arterritory-com.jpg",media/c223d9ed13160a6a28954f7f.jpg,saved,253012
"https://static-assets.artlogic.net/w_1600,h_1600,c_limit,f_auto,fl_lossy,q_auto/ws-pilevneli/usr/images/events/images/19/4.png",media/f8dd30843f19a8e9a33a9f10.png,saved,64406
"https://static-assets.artlogic.net/w_1600,h_1600,c_limit,f_auto,fl_lossy,q_auto/ws-pilevneli/usr/images/events/images/19/2.png",media/72efe674cabdd3152b3ac73d.png,saved,195404
"https://static-assets.artlogic.net/w_1600,h_1600,c_limit,f_auto,fl_lossy,q_auto/ws-pilevneli/usr/images/events/images/19/1.png",media/fd18841594aabba6a85d3b4e.png,saved,170410
"https://static-assets.artlogic.net/w_1600,h_1600,c_limit,f_auto,fl_lossy,q_auto/ws-pilevneli/usr/images/events/images/19/3.png",media/4238023fb75c8acfb1ba5fdc.png,saved,57536
"https://static-assets.artlogic.net/w_1600,h_1600,c_limit,f_auto,fl_lossy,q_auto/ws-pilevneli/usr/images/events/images/19/5.png",media/7bc51c5ddd97b864505ed91f.png,saved,33290
"https://static-assets.artlogic.net/w_1600,h_1600,c_limit,f_auto,fl_lossy,q_auto/ws-pilevneli/usr/images/events/images/19/6.png",media/4e408ff27b753a6bf4dce68c.png,saved,179128
"https://static-assets.artlogic.net/w_1600,h_1600,c_limit,f_auto,fl_lossy,q_auto/ws-pilevneli/usr/library/images/main/events/20/pilevneli_artshow_003.jpg",media/ef470ddd46ac54b484b81875.jpg,saved,59456
"https://static-assets.artlogic.net/w_1600,h_1600,c_limit,f_auto,fl_lossy,q_auto/ws-pilevneli/usr/library/images/main/events/20/pilevneli_artshow_004.jpg",media/72138cd55ea1f1c6bf6ec148.jpg,saved,73848
"https://static-assets.artlogic.net/w_1600,h_1600,c_limit,f_auto,fl_lossy,q_auto/ws-pilevneli/usr/library/images/main/events/20/pilevneli_artshow_010.jpg",media/53c2c974327787b13d392142.jpg,saved,73334
"https://static-assets.artlogic.net/w_1600,h_1600,c_limit,f_auto,fl_lossy,q_auto/ws-pilevneli/usr/library/images/main/events/20/pilevneli_artshow_018.jpg",media/97003a8ed5f0629581a2afcf.jpg,saved,75804
"https://static-assets.artlogic.net/w_1600,h_1600,c_limit,f_auto,fl_lossy,q_auto/ws-pilevneli/usr/library/images/main/events/20/pilevneli_artshow_011.jpg",media/e7743eb469762acd97422694.jpg,saved,100630
"https://static-assets.artlogic.net/w_1600,h_1600,c_limit,f_auto,fl_lossy,q_auto/ws-pilevneli/usr/library/images/main/events/20/pilevneli_artshow_005.jpg",media/5354df154bb2332681cf074d.jpg,saved,162634
"https://static-assets.artlogic.net/w_1600,h_1600,c_limit,f_auto,fl_lossy,q_auto/ws-pilevneli/usr/library/images/main/events/20/pilevneli_artshow_017.jpg",media/50878c299b1942c815043ec4.jpg,saved,82184
"https://static-assets.artlogic.net/w_1600,h_1600,c_limit,f_auto,fl_lossy,q_auto/ws-pilevneli/usr/library/images/main/events/20/pilevneli_artshow_009.jpg",media/5f5f9ae7cc026dce8374ac89.jpg,saved,79230
"https://static-assets.artlogic.net/w_1600,h_1600,c_limit,f_auto,fl_lossy,q_auto/ws-pilevneli/usr/library/images/main/events/20/pilevneli_artshow_006.jpg",media/3b487f79cb987d3c9dac3dab.jpg,saved,168530
"https://static-assets.artlogic.net/w_1600,h_1600,c_limit,f_auto,fl_lossy,q_auto/ws-pilevneli/usr/library/images/main/events/21/_dsf0155.jpg",media/f80c98afda40a6163989ef33.jpg,saved,65218
"https://static-assets.artlogic.net/w_1600,h_1600,c_limit,f_auto,fl_lossy,q_auto/ws-pilevneli/usr/library/images/main/events/21/_dsf0228.jpg",media/318177e10e2918e75dfee899.jpg,saved,99874
"https://static-assets.artlogic.net/w_1600,h_1600,c_limit,f_auto,fl_lossy,q_auto/ws-pilevneli/usr/library/images/main/events/21/_dsf0170.jpg",media/6da4465021ca94c22b86358c.jpg,saved,113238
"https://static-assets.artlogic.net/w_1600,h_1600,c_limit,f_auto,fl_lossy,q_auto/ws-pilevneli/usr/library/images/main/events/21/_dsf0264.jpg",media/a0273194708e7274a19497a2.jpg,saved,105030
"https://static-assets.artlogic.net/w_1600,h_1600,c_limit,f_auto,fl_lossy,q_auto/ws-pilevneli/usr/library/images/main/events/21/_dsf0225.jpg",media/f0889129640b94b00fb48c54.jpg,saved,98092
"https://static-assets.artlogic.net/w_1600,h_1600,c_limit,f_auto,fl_lossy,q_auto/ws-pilevneli/usr/library/images/main/events/21/_dsf0251.jpg",media/7977683d64ef425686232fc5.jpg,saved,78716
"https://static-assets.artlogic.net/w_1600,h_1600,c_limit,f_auto,fl_lossy,q_auto/ws-pilevneli/usr/library/images/main/events/21/_dsf0253.jpg",media/aea5de34bdb13b21d86d9ccf.jpg,saved,144320
"https://static-assets.artlogic.net/w_1600,h_1600,c_limit,f_auto,fl_lossy,q_auto/ws-pilevneli/usr/library/images/main/events/21/_dsf0222.jpg",media/599732b802b57f8dd77096a7.jpg,saved,100756
"https://static-assets.artlogic.net/w_1600,h_1600,c_limit,f_auto,fl_lossy,q_auto/ws-pilevneli/usr/library/images/main/events/21/_dsf0235.jpg",media/445b464118c4a7ec1a077e3b.jpg,saved,100638
"https://static-assets.artlogic.net/w_1600,h_1600,c_limit,f_auto,fl_lossy,q_auto/ws-pilevneli/usr/library/images/main/events/21/_dsf0158.jpg",media/2285d112c36c505ab15c08d9.jpg,saved,95396
"https://static-assets.artlogic.net/w_1600,h_1600,c_limit,f_auto,fl_lossy,q_auto/ws-pilevneli/usr/library/images/main/events/21/_dsf0312.jpg",media/6e4aa6ee8c34ea419454070e.jpg,saved,23110
"https://static-assets.artlogic.net/w_1600,h_1600,c_limit,f_auto,fl_lossy,q_auto/ws-pilevneli/usr/library/images/main/events/21/_dsf0241.jpg",media/4c3a86ac8aed07cb447e991a.jpg,saved,92974
"https://static-assets.artlogic.net/w_1600,h_1600,c_limit,f_auto,fl_lossy,q_auto/ws-pilevneli/usr/library/images/main/events/21/_dsf0232.jpg",media/521eb49c656a637427dfd8d5.jpg,saved,78810
"https://static-assets.artlogic.net/w_1600,h_1600,c_limit,f_auto,fl_lossy,q_auto/ws-pilevneli/usr/library/images/main/events/21/_dsf0311.jpg",media/74e994c7beac333e92f47fd9.jpg,saved,71982
"https://static-assets.artlogic.net/w_1600,h_1600,c_limit,f_auto,fl_lossy,q_auto/ws-pilevneli/usr/library/images/main/events/21/_dsf0160.jpg",media/35ce65ed0e90f575821581f2.jpg,saved,43020
"https://static-assets.artlogic.net/w_1600,h_1600,c_limit,f_auto,fl_lossy,q_auto/ws-pilevneli/usr/library/images/main/events/21/_dsf0176.jpg",media/05a4718e737545a6ae0f3fe1.jpg,saved,56824
"https://static-assets.artlogic.net/w_1600,h_1600,c_limit,f_auto,fl_lossy,q_auto/ws-pilevneli/usr/library/images/main/events/21/_dsf0171.jpg",media/780fd2a368cf6b62ccb297aa.jpg,saved,87942
"https://static-assets.artlogic.net/w_1600,h_1600,c_limit,f_auto,fl_lossy,q_auto/ws-pilevneli/usr/library/images/main/events/21/_dsf0163.jpg",media/725b7ec612a8f025b710e1b0.jpg,saved,89786
"https://static-assets.artlogic.net/w_1600,h_1600,c_limit,f_auto,fl_lossy,q_auto/ws-pilevneli/usr/library/images/main/events/21/_dsf0200.jpg",media/f50895105eb8e88e4ffa9b4a.jpg,saved,83742
"https://static-assets.artlogic.net/w_1600,h_1600,c_limit,f_auto,fl_lossy,q_auto/ws-pilevneli/usr/library/images/main/events/21/_dsf0319.jpg",media/ad7e67f782452b05695c2aea.jpg,saved,62624
"https://static-assets.artlogic.net/w_1600,h_1600,c_limit,f_auto,fl_lossy,q_auto/ws-pilevneli/usr/library/images/main/events/21/_dsf0314.jpg",media/10c134974cedb23eb2d66245.jpg,saved,121776
"https://static-assets.artlogic.net/w_1600,h_1600,c_limit,f_auto,fl_lossy,q_auto/ws-pilevneli/usr/library/images/main/events/21/_dsf0283.jpg",media/96fddca1c468633ba4063490.jpg,saved,47858
"https://static-assets.artlogic.net/w_1600,h_1600,c_limit,f_auto,fl_lossy,q_auto/ws-pilevneli/usr/library/images/main/events/21/_dsf0239.jpg",media/fb9db51c9160b9c26478a46e.jpg,saved,119326
"https://static-assets.artlogic.net/w_1600,h_1600,c_limit,f_auto,fl_lossy,q_auto/ws-pilevneli/usr/library/images/main/events/21/_dsf0199.jpg",media/5e7a65788417fe29d5d9a0ca.jpg,saved,93236
"https://static-assets.artlogic.net/w_1600,h_1600,c_limit,f_auto,fl_lossy,q_auto/ws-pilevneli/usr/library/images/main/events/21/_dsf0178.jpg",media/1ecc35c5e1d03e8373bc40c6.jpg,saved,66626
"https://static-assets.artlogic.net/w_1600,h_1600,c_limit,f_auto,fl_lossy,q_auto/ws-pilevneli/usr/library/images/main/events/21/_dsf0310.jpg",media/5fe0b57677fd844ac9939c4e.jpg,saved,93236
"https://static-assets.artlogic.net/w_1600,h_1600,c_limit,f_auto,fl_lossy,q_auto/ws-pilevneli/usr/library/images/main/events/21/_dsf0230.jpg",media/e81c6c5072ff33548944cac8.jpg,saved,57062
"https://static-assets.artlogic.net/w_1600,h_1600,c_limit,f_auto,fl_lossy,q_auto/ws-pilevneli/usr/library/images/main/events/21/_dsf0205.jpg",media/bb8b081b48f17d22c5aaa9f0.jpg,saved,91462
"https://static-assets.artlogic.net/w_1600,h_1600,c_limit,f_auto,fl_lossy,q_auto/ws-pilevneli/usr/library/images/main/events/21/_dsf0173.jpg",media/848492ff8ea3d9262319d4da.jpg,saved,49718
"https://static-assets.artlogic.net/w_1600,h_1600,c_limit,f_auto,fl_lossy,q_auto/ws-pilevneli/usr/library/images/main/events/21/_dsf0203.jpg",media/6c16e19a523aec2c8ce1ad7d.jpg,saved,88192
"https://static-assets.artlogic.net/w_1600,h_1600,c_limit,f_auto,fl_lossy,q_auto/ws-pilevneli/usr/library/images/main/events/21/_dsf0298.jpg",media/e4eed4a9901a96bb0e4b6813.jpg,saved,94946
"https://static-assets.artlogic.net/w_1600,h_1600,c_limit,f_auto,fl_lossy,q_auto/ws-pilevneli/usr/library/images/main/events/21/_dsf0293.jpg",media/ec8a2fda8fb2f247811f9be0.jpg,saved,118844
"https://static-assets.artlogic.net/w_1600,h_1600,c_limit,f_auto,fl_lossy,q_auto/ws-pilevneli/usr/library/images/main/events/21/_dsf0149.jpg",media/ab819be58db96aec83c7d99c.jpg,saved,86328
"https://static-assets.artlogic.net/w_1600,h_1600,c_limit,f_auto,fl_lossy,q_auto/ws-pilevneli/usr/library/images/main/events/22/pilevneli-gallery-1-copy.jpg",media/7a789ff3a3b0782d842f8d7b.jpg,saved,172622
"https://static-assets.artlogic.net/w_1600,h_1600,c_limit,f_auto,fl_lossy,q_auto/ws-pilevneli/usr/library/images/main/events/22/pilevneli-gallery-2.jpg",media/967bbdacbec3fd35c77ff41c.jpg,saved,114144
"https://static-assets.artlogic.net/w_1600,h_1600,c_limit,f_auto,fl_lossy,q_auto/ws-pilevneli/usr/library/images/main/events/22/pilevneli-gallery-3.jpg",media/00ed393e403b783431e27889.jpg,saved,122832
"https://static-assets.artlogic.net/w_1600,h_1600,c_limit,f_auto,fl_lossy,q_auto/ws-pilevneli/usr/library/images/main/events/22/pilevneli-gallery-4.jpg",media/1f33cf90a47d897561ee8b16.jpg,saved,88288
"https://static-assets.artlogic.net/w_1600,h_1600,c_limit,f_auto,fl_lossy,q_auto/ws-pilevneli/usr/library/images/main/events/22/pilevneli-gallery-5.jpg",media/c65d2fb406a2aa69849ee62f.jpg,saved,81170
"https://static-assets.artlogic.net/w_1600,h_1600,c_limit,f_auto,fl_lossy,q_auto/ws-pilevneli/usr/images/events/images/22/pilevneli-gallery-6_refik.jpg",media/ae45494a3fa29918be8e9449.jpg,saved,129228
"https://static-assets.artlogic.net/w_1600,h_1600,c_limit,f_auto,fl_lossy,q_auto/ws-pilevneli/usr/library/images/main/events/22/pilevneli-gallery-7.jpg",media/159fe85364e2547b8dfba8df.jpg,saved,90568
"https://static-assets.artlogic.net/w_1600,h_1600,c_limit,f_auto,fl_lossy,q_auto/ws-pilevneli/usr/library/images/main/events/22/pilevneli-gallery-8.jpg",media/4f1349bd37ec1fa56e132380.jpg,saved,109972
"https://static-assets.artlogic.net/w_1600,h_1600,c_limit,f_auto,fl_lossy,q_auto/ws-pilevneli/usr/library/images/main/events/22/pilevneli-gallery-9-1-.jpg",media/569f8a55db636d2a49f9ebe9.jpg,saved,85948
"https://static-assets.artlogic.net/w_1600,h_1600,c_limit,f_auto,fl_lossy,q_auto/ws-pilevneli/usr/library/images/main/events/24/taipei-booth-02-kare.jpg",media/7b40b4c7b96847802ba314ed.jpg,saved,84640
"https://static-assets.artlogic.net/w_1600,h_1600,c_limit,f_auto,fl_lossy,q_auto/ws-pilevneli/usr/library/images/main/events/24/taipei-booth-03-kare.jpg",media/69400a298f9ad57a7aa631d2.jpg,saved,114008
"https://static-assets.artlogic.net/w_1600,h_1600,c_limit,f_auto,fl_lossy,q_auto/ws-pilevneli/usr/library/images/main/events/24/taipei-booth-04-kare.jpg",media/42e9e97ea31b1d9f0f750b86.jpg,saved,67014
"https://static-assets.artlogic.net/w_1600,h_1600,c_limit,f_auto,fl_lossy,q_auto/ws-pilevneli/usr/library/images/main/events/24/taipei-booth-05-kare.jpg",media/398628839caaad7d4f253bbf.jpg,saved,84144
"https://static-assets.artlogic.net/w_1600,h_1600,c_limit,f_auto,fl_lossy,q_auto/ws-pilevneli/usr/library/images/main/events/24/taipei-booth-06-kare.jpg",media/e7aab5a321eb39b44b7814c9.jpg,saved,78564
"https://static-assets.artlogic.net/w_1600,h_1600,c_limit,f_auto,fl_lossy,q_auto/ws-pilevneli/usr/library/images/main/events/24/taipei-booth-07-kare.jpg",media/6da97efd8767dfab4dcc38bd.jpg,saved,51896
"https://static-assets.artlogic.net/w_1600,h_1600,c_limit,f_auto,fl_lossy,q_auto/ws-pilevneli/usr/library/images/main/events/24/taipei-booth-08-kare.jpg",media/b1e858c636ac5038f3ccc8f6.jpg,saved,56880
"https://static-assets.artlogic.net/w_1600,h_1600,c_limit,f_auto,fl_lossy,q_auto/ws-pilevneli/usr/library/images/main/events/25/25graysc_baselsocialclub_pilevneli_web_1.jpg",media/6a158b1f4b05fab95bace68b.jpg,saved,50894
"https://static-assets.artlogic.net/w_1600,h_1600,c_limit,f_auto,fl_lossy,q_auto/ws-pilevneli/usr/library/images/main/events/25/25graysc_baselsocialclub_pilevneli_web.jpg",media/ccaf1222129e56ffe5a3a68e.jpg,saved,71354
"https://static-assets.artlogic.net/w_1600,h_1600,c_limit,f_auto,fl_lossy,q_auto/ws-pilevneli/usr/library/images/main/events/25/25graysc_baselsocialclub_pilevneli_web_2.jpg",media/da23601925972a7678cd3bab.jpg,saved,124778
"https://static-assets.artlogic.net/w_1600,h_1600,c_limit,f_auto,fl_lossy,q_auto/ws-pilevneli/usr/library/images/main/events/25/25graysc_baselsocialclub_pivneli_web_1.jpg",media/25d87d42ebc5ca32e04b12ae.jpg,saved,48124
"https://static-assets.artlogic.net/w_1600,h_1600,c_limit,f_auto,fl_lossy,q_auto/ws-pilevneli/usr/library/images/main/events/25/25graysc_baselsocialclub_pivneli_web_3.jpg",media/c0c6e8ff915d0814c11de6d1.jpg,saved,217158
"https://static-assets.artlogic.net/w_1600,h_1600,c_limit,f_auto,fl_lossy,q_auto/ws-pilevneli/usr/library/images/main/events/26/014a7126.jpg",media/4e0524e9e6cef59c98b219c5.jpg,saved,26348
"https://static-assets.artlogic.net/w_1600,h_1600,c_limit,f_auto,fl_lossy,q_auto/ws-pilevneli/usr/library/images/main/events/26/014a7413.jpg",media/17ae66cca004d091445be454.jpg,saved,117958
"https://static-assets.artlogic.net/w_1600,h_1600,c_limit,f_auto,fl_lossy,q_auto/ws-pilevneli/usr/library/images/main/events/26/087a5031.jpg",media/ef49f9ee1fc0992b8f9e936c.jpg,saved,183830
"https://static-assets.artlogic.net/w_1600,h_1600,c_limit,f_auto,fl_lossy,q_auto/ws-pilevneli/usr/library/images/main/events/26/087a5034.jpg",media/2881d40fc205005c795debd6.jpg,saved,260348
"https://static-assets.artlogic.net/w_1600,h_1600,c_limit,f_auto,fl_lossy,q_auto/ws-pilevneli/usr/library/images/main/events/28/1e9a9273-1.jpg",media/da5548dc5345dc4f0e69652d.jpg,saved,104696
"https://static-assets.artlogic.net/w_1600,h_1600,c_limit,f_auto,fl_lossy,q_auto/ws-pilevneli/usr/library/images/main/events/28/1e9a9268-1.jpg",media/26017a5c7984633eb4fe25b9.jpg,saved,133564
"https://static-assets.artlogic.net/w_1600,h_1600,c_limit,f_auto,fl_lossy,q_auto/ws-pilevneli/usr/library/images/main/events/28/1e9a9264-1.jpg",media/762d87c3186363a1a18c4678.jpg,saved,97152
"https://static-assets.artlogic.net/w_1600,h_1600,c_limit,f_auto,fl_lossy,q_auto/ws-pilevneli/usr/library/images/main/events/28/1e9a9238-1.jpg",media/7450db11b45622d46fa4e8f4.jpg,saved,45532
"https://static-assets.artlogic.net/w_1600,h_1600,c_limit,f_auto,fl_lossy,q_auto/ws-pilevneli/usr/library/images/main/events/28/1e9a9206-1-copy.jpg",media/967d6101d2f052e4aab65003.jpg,saved,25594
"https://static-assets.artlogic.net/w_1600,h_1600,c_limit,f_auto,fl_lossy,q_auto/ws-pilevneli/usr/library/images/main/events/28/whatsapp-image-2025-11-01-at-17.00.25.jpeg",media/60d9819cddb1cc13a623cffc.jpeg,saved,65852
"https://static-assets.artlogic.net/w_1600,h_1600,c_limit,f_auto,fl_lossy,q_auto/ws-pilevneli/usr/library/images/main/events/28/whatsapp-image-2025-11-01-at-17.01.36.jpeg",media/7d45bdd09a393bbf38d0519f.jpeg,saved,31908
"https://static-assets.artlogic.net/w_1600,h_1600,c_limit,f_auto,fl_lossy,q_auto/ws-pilevneli/usr/library/images/main/events/28/whatsapp-image-2025-11-01-at-17.09.30.jpeg",media/8a15692aff1bc8b894655e18.jpeg,saved,68772
"https://static-assets.artlogic.net/w_1600,h_1600,c_limit,f_auto,fl_lossy,q_auto/ws-pilevneli/usr/library/images/main/events/29/pilevneligallery_tersaneistanbul_110743.jpg",media/c1996ae4a0a029d8c840c89b.jpg,saved,271862
"https://static-assets.artlogic.net/w_1600,h_1600,c_limit,f_auto,fl_lossy,q_auto/ws-pilevneli/usr/library/images/main/events/29/pilevneligallery_tersaneistanbul_110754.jpg",media/ee9c964af2b308aad0df14f3.jpg,saved,323126
"https://static-assets.artlogic.net/w_1600,h_1600,c_limit,f_auto,fl_lossy,q_auto/ws-pilevneli/usr/library/images/main/events/29/pilevneligallery_tersaneistanbul_110767.jpg",media/d5f4154693471bcf4482d2ac.jpg,saved,253863
"https://static-assets.artlogic.net/w_1600,h_1600,c_limit,f_auto,fl_lossy,q_auto/ws-pilevneli/usr/library/images/main/events/29/pilevneligallery_tersaneistanbul_110772.jpg",media/8ad42ef1951f458ab98107e1.jpg,saved,281309
"https://static-assets.artlogic.net/w_1600,h_1600,c_limit,f_auto,fl_lossy,q_auto/ws-pilevneli/usr/library/images/main/events/29/pilevneligallery_tersaneistanbul_110760.jpg",media/51ce759ddcae11bde3de220d.jpg,saved,340826
"https://static-assets.artlogic.net/w_1600,h_1600,c_limit,f_auto,fl_lossy,q_auto/ws-pilevneli/usr/library/images/main/events/29/pilevneligallery_tersaneistanbul_110829.jpg",media/83102fde15d8413b36768cd5.jpg,saved,185111
"https://static-assets.artlogic.net/w_1600,h_1600,c_limit,f_auto,fl_lossy,q_auto/ws-pilevneli/usr/library/images/main/events/29/pilevneligallery_tersaneistanbul_110791.jpg",media/4227e1d77daafde90674433d.jpg,saved,227972
"https://static-assets.artlogic.net/w_1600,h_1600,c_limit,f_auto,fl_lossy,q_auto/ws-pilevneli/usr/library/images/main/events/29/pilevneligallery_tersaneistanbul_110809.jpg",media/739dd684cf70a61f5f1cc1fd.jpg,saved,138201
"https://static-assets.artlogic.net/w_1600,h_1600,c_limit,f_auto,fl_lossy,q_auto/ws-pilevneli/usr/library/images/main/events/29/pilevneligallery_tersaneistanbul_110771.jpg",media/f8f17d9a49b13d80467972ba.jpg,saved,303963
"https://static-assets.artlogic.net/w_1600,h_1600,c_limit,f_auto,fl_lossy,q_auto/ws-pilevneli/usr/library/images/main/events/29/pilevneligallery_tersaneistanbul_110821.jpg",media/e08366b23f88a36c5ea48e5b.jpg,saved,294097
"https://static-assets.artlogic.net/w_1600,h_1600,c_limit,f_auto,fl_lossy,q_auto/ws-pilevneli/usr/library/images/main/events/29/pilevneligallery_tersaneistanbul_110784.jpg",media/0383d5f43a4cce76cd7995a9.jpg,saved,356114
"https://static-assets.artlogic.net/w_1600,h_1600,c_limit,f_auto,fl_lossy,q_auto/ws-pilevneli/usr/library/images/main/events/29/pilevneligallery_tersaneistanbul_110796.jpg",media/9d7e8dfbc114276b3e62b698.jpg,saved,375030
"https://static-assets.artlogic.net/w_1600,h_1600,c_limit,f_auto,fl_lossy,q_auto/ws-pilevneli/usr/library/images/main/events/29/pilevneligallery_tersaneistanbul_110816.jpg",media/6f66a9acc64e9bebcbd23a46.jpg,saved,164830
"https://static-assets.artlogic.net/w_1600,h_1600,c_limit,f_auto,fl_lossy,q_auto/ws-pilevneli/usr/library/images/main/events/29/pilevneligallery_tersaneistanbul_110833.jpg",media/ba55dac7531f8bc776292590.jpg,saved,283841
"https://static-assets.artlogic.net/w_1600,h_1600,c_limit,f_auto,fl_lossy,q_auto/ws-pilevneli/usr/library/images/main/events/29/pilevneligallery_tersaneistanbul_110838.jpg",media/15dbbd932c8ba95a3db27d36.jpg,saved,314915
"https://static-assets.artlogic.net/w_1600,h_1600,c_limit,f_auto,fl_lossy,q_auto/ws-pilevneli/usr/library/images/main/events/29/pilevneligallery_tersaneistanbul_110894.jpg",media/898ede44e7a66a6505732d51.jpg,saved,180205
"https://static-assets.artlogic.net/w_1600,h_1600,c_limit,f_auto,fl_lossy,q_auto/ws-pilevneli/usr/library/images/main/events/29/pilevneligallery_tersaneistanbul_110898.jpg",media/ffdd8abedf7388b4c431c3bb.jpg,saved,299127
"https://static-assets.artlogic.net/w_1600,h_1600,c_limit,f_auto,fl_lossy,q_auto/ws-pilevneli/usr/library/images/main/events/29/pilevneligallery_tersaneistanbul_110908.jpg",media/2a49398de592b6073cfcba64.jpg,saved,150700
"https://static-assets.artlogic.net/w_1600,h_1600,c_limit,f_auto,fl_lossy,q_auto/ws-pilevneli/usr/library/images/main/events/29/pilevneligallery_tersaneistanbul_110844.jpg",media/910b69536bb0adf758a747f9.jpg,saved,192231
"https://static-assets.artlogic.net/w_1600,h_1600,c_limit,f_auto,fl_lossy,q_auto/ws-pilevneli/usr/library/images/main/events/29/pilevneligallery_tersaneistanbul_110886.jpg",media/fc6f4efd3878bae7bc87bd43.jpg,saved,125981
"https://static-assets.artlogic.net/w_1600,h_1600,c_limit,f_auto,fl_lossy,q_auto/ws-pilevneli/usr/library/images/main/events/29/pilevneligallery_tersaneistanbul_110905.jpg",media/ed0ac95d2e3a2c029b5003b7.jpg,saved,110763
"https://static-assets.artlogic.net/w_1600,h_1600,c_limit,f_auto,fl_lossy,q_auto/ws-pilevneli/usr/library/images/main/events/29/pilevneligallery_tersaneistanbul_110738.jpg",media/8cef514b48015e6f616a3a07.jpg,saved,313750
"https://static-assets.artlogic.net/w_1600,h_1600,c_limit,f_auto,fl_lossy,q_auto/ws-pilevneli/usr/library/images/main/events/29/pilevneligallery_tersaneistanbul_110739.jpg",media/e9bea57c3e068456fde28a9b.jpg,saved,295644
"https://static-assets.artlogic.net/w_1600,h_1600,c_limit,f_auto,fl_lossy,q_auto/ws-pilevneli/usr/images/artists/artwork_image_for_artists_page/items/ab/abd2e0d7824148169cd8b28594c540ce/live-a-life-you-will-remember-2022-colored-pencil-and-acrylic-airbrush-on-paper.jpg",media/a8c0ca227009fb512a16a0b4.jpg,saved,691210
"https://static-assets.artlogic.net/w_1600,h_1600,c_limit,f_auto,fl_lossy,q_auto/ws-pilevneli/usr/images/artists/artwork_image_for_artists_page/items/4c/4cecbcdcde3e4299a902a819fdf2043a/erdog-an_zu-mru-tog-lu_banner.jpg",media/99d2d9763efe6e5dde3c0c9e.jpg,saved,191638
"https://static-assets.artlogic.net/w_1600,h_1600,c_limit,f_auto,fl_lossy,q_auto/ws-pilevneli/usr/library/images/main/events/3/img_0029.gif",media/a9f56932b8f1d815a6a79cc8.gif,saved,221341
"https://static-assets.artlogic.net/w_1600,h_1600,c_limit,f_auto,fl_lossy,q_auto/ws-pilevneli/usr/library/images/main/events/3/img_9927.gif",media/33596c82caff34b7df45bdda.gif,saved,99698
"https://static-assets.artlogic.net/w_1600,h_1600,c_limit,f_auto,fl_lossy,q_auto/ws-pilevneli/usr/library/images/main/events/3/img_9928.jpg",media/5c7c6792067ce77de2eccb59.jpg,saved,231705
"https://static-assets.artlogic.net/w_1600,h_1600,c_limit,f_auto,fl_lossy,q_auto/ws-pilevneli/usr/library/images/main/events/3/img_0040.jpg",media/3d0bec845e551453ceeeeeaa.jpg,saved,123430
"https://static-assets.artlogic.net/w_1600,h_1600,c_limit,f_auto,fl_lossy,q_auto/ws-pilevneli/usr/library/images/main/events/3/img_0038.gif",media/653627eda714753889778542.gif,saved,127033
"https://static-assets.artlogic.net/w_1600,h_1600,c_limit,f_auto,fl_lossy,q_auto/ws-pilevneli/usr/library/images/main/events/3/img_0020.gif",media/615705a672604486276a5be0.gif,saved,92039
"https://static-assets.artlogic.net/w_1600,h_1600,c_limit,f_auto,fl_lossy,q_auto/ws-pilevneli/usr/library/images/main/events/3/img_0042.gif",media/cac9b62f381d2fdeca484628.gif,saved,179283
"https://static-assets.artlogic.net/w_1600,h_1600,c_limit,f_auto,fl_lossy,q_auto/ws-pilevneli/usr/library/images/main/events/3/img_0043.jpg",media/654b8ed4eab548309107d4fa.jpg,saved,111949
"https://static-assets.artlogic.net/w_1600,h_1600,c_limit,f_auto,fl_lossy,q_auto/ws-pilevneli/usr/library/images/main/events/3/img_0026.gif",media/51772a9c2930b0503a92b820.gif,saved,109384
"https://static-assets.artlogic.net/w_1600,h_1600,c_limit,f_auto,fl_lossy,q_auto/ws-pilevneli/usr/library/images/main/events/3/img_9959.jpg",media/48ab894868f98c521bbb166e.jpg,saved,413253
"https://static-assets.artlogic.net/w_1600,h_1600,c_limit,f_auto,fl_lossy,q_auto/ws-pilevneli/usr/library/images/main/events/3/img_0041.gif",media/2ba4e9db5f71c40008c7b0ab.gif,saved,162106
"https://static-assets.artlogic.net/w_1600,h_1600,c_limit,f_auto,fl_lossy,q_auto/ws-pilevneli/usr/library/images/main/events/3/img_9944.gif",media/0c8916a6a3ece28bd4925329.gif,saved,221126
"https://static-assets.artlogic.net/w_1600,h_1600,c_limit,f_auto,fl_lossy,q_auto/ws-pilevneli/usr/library/images/main/events/3/img_0041.jpg",media/f1e211bd1bc7b2abe52991da.jpg,saved,162106
"https://static-assets.artlogic.net/w_1600,h_1600,c_limit,f_auto,fl_lossy,q_auto/ws-pilevneli/usr/library/images/main/events/3/img_0032.jpg",media/4f6fbf822ab2441697b246a0.jpg,saved,185535
"https://static-assets.artlogic.net/w_1600,h_1600,c_limit,f_auto,fl_lossy,q_auto/ws-pilevneli/usr/library/images/main/events/3/img_9931.jpg",media/263f4cbdd69138ae397154ec.jpg,saved,161640
"https://static-assets.artlogic.net/w_1600,h_1600,c_limit,f_auto,fl_lossy,q_auto/ws-pilevneli/usr/library/images/main/events/3/img_0028.jpg",media/563f1904cd25ae1c06051eb1.jpg,saved,214177
"https://static-assets.artlogic.net/w_1600,h_1600,c_limit,f_auto,fl_lossy,q_auto/ws-pilevneli/usr/library/images/main/events/3/img_9936.jpg",media/4b04620275e74aa78e28ca34.jpg,saved,187522
"https://static-assets.artlogic.net/w_1600,h_1600,c_limit,f_auto,fl_lossy,q_auto/ws-pilevneli/usr/library/images/main/events/3/img_0029.jpg",media/20289da8ea17726fea1fdca3.jpg,saved,221341
"https://static-assets.artlogic.net/w_1600,h_1600,c_limit,f_auto,fl_lossy,q_auto/ws-pilevneli/usr/library/images/main/events/5/image00008.gif",media/83e3d268bf39cc1a0a47e63e.gif,saved,162104
"https://static-assets.artlogic.net/w_1600,h_1600,c_limit,f_auto,fl_lossy,q_auto/ws-pilevneli/usr/library/images/main/events/5/image00005.gif",media/0d72b4becc382b0f4072e457.gif,saved,148268
"https://static-assets.artlogic.net/w_1600,h_1600,c_limit,f_auto,fl_lossy,q_auto/ws-pilevneli/usr/library/images/main/events/5/image00006.gif",media/922fd75df95a4ee69b349d28.gif,saved,160050
"https://static-assets.artlogic.net/w_1600,h_1600,c_limit,f_auto,fl_lossy,q_auto/ws-pilevneli/usr/library/images/main/events/5/image00012.gif",media/af98205037289a026240a22d.gif,saved,127286
"https://static-assets.artlogic.net/w_1600,h_1600,c_limit,f_auto,fl_lossy,q_auto/ws-pilevneli/usr/library/images/main/events/5/image00014.gif",media/a049241ea5f318de54be4213.gif,saved,103162
"https://static-assets.artlogic.net/w_1600,h_1600,c_limit,f_auto,fl_lossy,q_auto/ws-pilevneli/usr/library/images/main/events/5/image00004.gif",media/d0ce210b29470776fa048dab.gif,saved,149732
"https://static-assets.artlogic.net/w_1600,h_1600,c_limit,f_auto,fl_lossy,q_auto/ws-pilevneli/usr/library/images/main/events/5/image00001.gif",media/316c8645640ff83e888004e5.gif,saved,99888
"https://static-assets.artlogic.net/w_1600,h_1600,c_limit,f_auto,fl_lossy,q_auto/ws-pilevneli/usr/library/images/main/events/5/image00029.gif",media/8c8a8e2265842368bb1924fc.gif,saved,88536
"https://static-assets.artlogic.net/w_1600,h_1600,c_limit,f_auto,fl_lossy,q_auto/ws-pilevneli/usr/library/images/main/events/5/image00028.gif",media/63a96065451eaa1127440079.gif,saved,66788
"https://static-assets.artlogic.net/w_1600,h_1600,c_limit,f_auto,fl_lossy,q_auto/ws-pilevneli/usr/library/images/main/events/5/image00024.gif",media/0a9e1ec249bfabb363df81b4.gif,saved,130046
"https://static-assets.artlogic.net/w_1600,h_1600,c_limit,f_auto,fl_lossy,q_auto/ws-pilevneli/usr/library/images/main/events/5/image00023.gif",media/8608b8f056500e5497dfca63.gif,saved,108706
"https://static-assets.artlogic.net/w_1600,h_1600,c_limit,f_auto,fl_lossy,q_auto/ws-pilevneli/usr/library/images/main/events/5/image00025.gif",media/8f98d878951ea42013c2bebf.gif,saved,158614
"https://static-assets.artlogic.net/w_1600,h_1600,c_limit,f_auto,fl_lossy,q_auto/ws-pilevneli/usr/library/images/main/events/5/image00026.gif",media/a784f7b8d8c140f8b3474a28.gif,saved,137344
"https://static-assets.artlogic.net/w_1600,h_1600,c_limit,f_auto,fl_lossy,q_auto/ws-pilevneli/usr/library/images/main/events/5/image00022.gif",media/1eb940f103c83a3a776c406e.gif,saved,146202
"https://static-assets.artlogic.net/w_1600,h_1600,c_limit,f_auto,fl_lossy,q_auto/ws-pilevneli/usr/library/images/main/events/5/image00018.gif",media/db7535db9f4ec4a7648f2901.gif,saved,160574
"https://static-assets.artlogic.net/w_1600,h_1600,c_limit,f_auto,fl_lossy,q_auto/ws-pilevneli/usr/library/images/main/events/5/image00019-kopya.gif",media/191dc4b230ac684c8251a25e.gif,saved,183398
"https://static-assets.artlogic.net/w_1600,h_1600,c_limit,f_auto,fl_lossy,q_auto/ws-pilevneli/usr/library/images/main/events/5/image00020.gif",media/cc447dc038b3e37e5fa2c520.gif,saved,158656
"https://static-assets.artlogic.net/w_1600,h_1600,c_limit,f_auto,fl_lossy,q_auto/ws-pilevneli/usr/library/images/main/events/5/image00017.gif",media/7ed271126f8c0095cca8ee1d.gif,saved,105444
"https://static-assets.artlogic.net/w_1600,h_1600,c_limit,f_auto,fl_lossy,q_auto/ws-pilevneli/usr/images/artists/artwork_image_for_artists_page/items/b5/b5e7770a1b934db8b9b072380970f20a/untitled-design-3-edit.jpg",media/b52ee4083ab4b90cc60e209a.jpg,saved,110438
"https://static-assets.artlogic.net/w_1600,h_1600,c_limit,f_auto,fl_lossy,q_auto/ws-pilevneli/usr/library/images/main/events/6/pilevnelli-gallery.gif",media/bc89e95ad8c4fc17a973ca72.gif,saved,276495
"https://static-assets.artlogic.net/w_1600,h_1600,c_limit,f_auto,fl_lossy,q_auto/ws-pilevneli/usr/library/images/main/events/6/pilevnelli-gallery1.gif",media/5b168eb8c1af0bf97bda08ed.gif,saved,242622
"https://static-assets.artlogic.net/w_1600,h_1600,c_limit,f_auto,fl_lossy,q_auto/ws-pilevneli/usr/library/images/main/events/6/pilevnelli-gallery4.gif",media/ace7e7ae847c99a8eba48b0a.gif,saved,229231
"https://static-assets.artlogic.net/w_1600,h_1600,c_limit,f_auto,fl_lossy,q_auto/ws-pilevneli/usr/library/images/main/events/7/p_2274.jpg",media/46f802d628a719d112a22e49.jpg,saved,230527
"https://static-assets.artlogic.net/w_1600,h_1600,c_limit,f_auto,fl_lossy,q_auto/ws-pilevneli/usr/library/images/main/events/7/p_2279.jpg",media/de6ba154e88836871576078e.jpg,saved,234760
"https://static-assets.artlogic.net/w_1600,h_1600,c_limit,f_auto,fl_lossy,q_auto/ws-pilevneli/usr/library/images/main/events/7/p_2280.jpg",media/ea23c2a5a07b5a016e9c6640.jpg,saved,115325
"https://static-assets.artlogic.net/w_1600,h_1600,c_limit,f_auto,fl_lossy,q_auto/ws-pilevneli/usr/library/images/main/events/7/p_2278.jpg",media/07b09ec4ba73f4909039fe78.jpg,saved,258529
"https://static-assets.artlogic.net/w_1600,h_1600,c_limit,f_auto,fl_lossy,q_auto/ws-pilevneli/usr/library/images/main/events/7/p_2288.jpg",media/d08457ddbde8cfd05ab78dfc.jpg,saved,186717
"https://static-assets.artlogic.net/w_1600,h_1600,c_limit,f_auto,fl_lossy,q_auto/ws-pilevneli/usr/library/images/main/events/7/p_2284.jpg",media/9fee4f9294426a6d6a1a46e8.jpg,saved,128848
"https://static-assets.artlogic.net/w_1600,h_1600,c_limit,f_auto,fl_lossy,q_auto/ws-pilevneli/usr/library/images/main/events/7/p_2282.jpg",media/5ad6df2200518ae245f190e6.jpg,saved,192992
"https://static-assets.artlogic.net/w_1600,h_1600,c_limit,f_auto,fl_lossy,q_auto/ws-pilevneli/usr/library/images/main/events/7/p_2289.jpg",media/5fb5ed4f8ba9785ed67df7cf.jpg,saved,212950
"https://static-assets.artlogic.net/w_1600,h_1600,c_limit,f_auto,fl_lossy,q_auto/ws-pilevneli/usr/library/images/main/events/7/p_2303.jpg",media/25c48ca26eee077b5f01e0e6.jpg,saved,191203
"https://static-assets.artlogic.net/w_1600,h_1600,c_limit,f_auto,fl_lossy,q_auto/ws-pilevneli/usr/library/images/main/events/7/p_2298.jpg",media/31a54d05a336f4e329d26a11.jpg,saved,233543
"https://static-assets.artlogic.net/w_1600,h_1600,c_limit,f_auto,fl_lossy,q_auto/ws-pilevneli/usr/library/images/main/events/7/p_2300.jpg",media/d55fea7c96e26f637b6c870c.jpg,saved,233802
"https://static-assets.artlogic.net/w_1600,h_1600,c_limit,f_auto,fl_lossy,q_auto/ws-pilevneli/usr/library/images/main/events/7/p_2302.jpg",media/6754220652c647c598a7ef01.jpg,saved,254295
"https://static-assets.artlogic.net/w_1600,h_1600,c_limit,f_auto,fl_lossy,q_auto/ws-pilevneli/usr/library/images/main/events/7/p_2292-.jpg",media/3fd32f04ded4bd27d3f2fc76.jpg,saved,332137
"https://static-assets.artlogic.net/w_1600,h_1600,c_limit,f_auto,fl_lossy,q_auto/ws-pilevneli/usr/library/images/main/events/7/p_2281.jpg",media/c36917465772dd418bb69b4c.jpg,saved,237644
"https://static-assets.artlogic.net/w_1600,h_1600,c_limit,f_auto,fl_lossy,q_auto/ws-pilevneli/usr/library/images/main/events/7/p_2293.jpg",media/2b8c61926fa6b7d34392b79d.jpg,saved,215449
"https://static-assets.artlogic.net/w_1600,h_1600,c_limit,f_auto,fl_lossy,q_auto/ws-pilevneli/usr/library/images/main/events/7/p_2306.jpg",media/5b74fbfa3da9500ce019af05.jpg,saved,110161
"https://static-assets.artlogic.net/w_1600,h_1600,c_limit,f_auto,fl_lossy,q_auto/ws-pilevneli/usr/library/images/main/events/7/p_2357.jpg",media/e7411bfc076b5ae71add0dae.jpg,saved,116951
"https://static-assets.artlogic.net/w_1600,h_1600,c_limit,f_auto,fl_lossy,q_auto/ws-pilevneli/usr/library/images/main/events/7/p_2309-.jpg",media/9e3b2faf7431f2edf17add64.jpg,saved,151223
"https://static-assets.artlogic.net/w_1600,h_1600,c_limit,f_auto,fl_lossy,q_auto/ws-pilevneli/usr/library/images/main/events/7/p_2317.jpg",media/aea72d5c6aa0588c1b33728e.jpg,saved,218021
"https://static-assets.artlogic.net/w_1600,h_1600,c_limit,f_auto,fl_lossy,q_auto/ws-pilevneli/usr/library/images/main/events/7/p_2358.jpg",media/23066fcbf79b0d3c54259562.jpg,saved,259238
"https://static-assets.artlogic.net/w_1600,h_1600,c_limit,f_auto,fl_lossy,q_auto/ws-pilevneli/usr/library/images/main/events/7/p_2338.jpg",media/11b1eed8c3e620532cb5c046.jpg,saved,227819
"https://static-assets.artlogic.net/w_1600,h_1600,c_limit,f_auto,fl_lossy,q_auto/ws-pilevneli/usr/library/images/main/events/7/p_2325.jpg",media/61efeffb8ccacc28e51f8ba8.jpg,saved,200476
"https://static-assets.artlogic.net/w_1600,h_1600,c_limit,f_auto,fl_lossy,q_auto/ws-pilevneli/usr/library/images/main/events/7/p_2321.jpg",media/adfd56be3bc31f62d032df3c.jpg,saved,214357
"https://static-assets.artlogic.net/w_1600,h_1600,c_limit,f_auto,fl_lossy,q_auto/ws-pilevneli/usr/library/images/main/events/7/p_2322.jpg",media/00760713f909fe22af3400ee.jpg,saved,212432
"https://static-assets.artlogic.net/w_1600,h_1600,c_limit,f_auto,fl_lossy,q_auto/ws-pilevneli/usr/library/images/main/events/7/p_2320.jpg",media/8494edd22b374812ba76c197.jpg,saved,170270
"https://static-assets.artlogic.net/w_1600,h_1600,c_limit,f_auto,fl_lossy,q_auto/ws-pilevneli/usr/library/images/main/events/7/p_2326.jpg",media/a6e8b260ada2bf89c327acd8.jpg,saved,153119
"https://static-assets.artlogic.net/w_1600,h_1600,c_limit,f_auto,fl_lossy,q_auto/ws-pilevneli/usr/library/images/main/events/7/p_2329.jpg",media/27b8f249b792e2ad5b942fd7.jpg,saved,221039
"https://static-assets.artlogic.net/w_1600,h_1600,c_limit,f_auto,fl_lossy,q_auto/ws-pilevneli/usr/library/images/main/events/7/p_2349.jpg",media/35889f277b6e67b9b9cee7de.jpg,saved,223419
"https://static-assets.artlogic.net/w_1600,h_1600,c_limit,f_auto,fl_lossy,q_auto/ws-pilevneli/usr/library/images/main/events/7/p_2345-.jpg",media/cad1b0c4d39de1ec10474021.jpg,saved,176649
"https://static-assets.artlogic.net/w_1600,h_1600,c_limit,f_auto,fl_lossy,q_auto/ws-pilevneli/usr/library/images/main/events/7/p_2348.jpg",media/1fc4c0719737bad2f17223fd.jpg,saved,206279
"https://static-assets.artlogic.net/w_1600,h_1600,c_limit,f_auto,fl_lossy,q_auto/ws-pilevneli/usr/library/images/main/events/7/p_2354-.jpg",media/ebcbf6ddfd42e4f5fbed0820.jpg,saved,227929
"https://static-assets.artlogic.net/w_1600,h_1600,c_limit,f_auto,fl_lossy,q_auto/ws-pilevneli/usr/library/images/main/events/7/p_2350.jpg",media/374818bf6bd9a1dc23937ad9.jpg,saved,103338
"https://static-assets.artlogic.net/w_1600,h_1600,c_limit,f_auto,fl_lossy,q_auto/ws-pilevneli/usr/library/images/main/events/8/p-ci_2970-copy.gif",media/e5f2624ab251c3a64bae4a0c.gif,saved,228000
"https://static-assets.artlogic.net/w_1600,h_1600,c_limit,f_auto,fl_lossy,q_auto/ws-pilevneli/usr/library/images/main/events/8/p-ci_2953-copy.gif",media/70354b50057a718f42e17a9d.gif,saved,222760
"https://static-assets.artlogic.net/w_1600,h_1600,c_limit,f_auto,fl_lossy,q_auto/ws-pilevneli/usr/library/images/main/events/8/p-ci_2963-copy.gif",media/27050aaed2fc6f14a2ce1dc5.gif,saved,217050
"https://static-assets.artlogic.net/w_1600,h_1600,c_limit,f_auto,fl_lossy,q_auto/ws-pilevneli/usr/library/images/main/events/8/p-ci_2945-copy.gif",media/27c6a2bd1f2acf15c5245147.gif,saved,203200
"https://static-assets.artlogic.net/w_1600,h_1600,c_limit,f_auto,fl_lossy,q_auto/ws-pilevneli/usr/library/images/main/events/8/p-ci_2967-copy.gif",media/ed493a86e4bd8a8261f11ee6.gif,saved,211530
"https://static-assets.artlogic.net/w_1600,h_1600,c_limit,f_auto,fl_lossy,q_auto/ws-pilevneli/usr/library/images/main/events/8/p-ci_2965-copy.gif",media/4d19b12237060ec402aa9e45.gif,saved,228166
"https://static-assets.artlogic.net/w_1600,h_1600,c_limit,f_auto,fl_lossy,q_auto/ws-pilevneli/usr/library/images/main/events/8/p-ci_2987-copy.gif",media/8cf8ce02a7c38830fc12e70a.gif,saved,209716
"https://static-assets.artlogic.net/w_1600,h_1600,c_limit,f_auto,fl_lossy,q_auto/ws-pilevneli/usr/library/images/main/events/8/p-ci_2990-copy.gif",media/a00e4c6ad2c784aed88e9ed6.gif,saved,322486
"https://static-assets.artlogic.net/w_1600,h_1600,c_limit,f_auto,fl_lossy,q_auto/ws-pilevneli/usr/library/images/main/events/8/p-ci_2988-copy.gif",media/0585be5250ae55c726584118.gif,saved,216594
"https://static-assets.artlogic.net/w_1600,h_1600,c_limit,f_auto,fl_lossy,q_auto/ws-pilevneli/usr/library/images/main/events/8/p-ci_2964-copy.gif",media/7529a7bddd4dd86b134433ea.gif,saved,192938
"https://static-assets.artlogic.net/w_1600,h_1600,c_limit,f_auto,fl_lossy,q_auto/ws-pilevneli/usr/library/images/main/events/8/p-ci_3010-copy.gif",media/c4e1a43ca265be5b03f39f70.gif,saved,213004
"https://static-assets.artlogic.net/w_1600,h_1600,c_limit,f_auto,fl_lossy,q_auto/ws-pilevneli/usr/library/images/main/events/8/p-ci_2957-copy.gif",media/b273fb50b1e938ec8060b1e9.gif,saved,228362
"https://static-assets.artlogic.net/w_1600,h_1600,c_limit,f_auto,fl_lossy,q_auto/ws-pilevneli/usr/library/images/main/events/8/p-ci_2961-copy.gif",media/6bddc44d8049f88b897f4420.gif,saved,229286
"https://static-assets.artlogic.net/w_1600,h_1600,c_limit,f_auto,fl_lossy,q_auto/ws-pilevneli/usr/library/images/main/events/8/p-ci_2998-copy.gif",media/dc27301a61a120cc21e00b5c.gif,saved,303316
"https://static-assets.artlogic.net/w_1600,h_1600,c_limit,f_auto,fl_lossy,q_auto/ws-pilevneli/usr/library/images/main/events/8/p-ci_3008-copy.gif",media/6063c71bf75e7649bd1a21d4.gif,saved,269280
"https://static-assets.artlogic.net/w_1600,h_1600,c_limit,f_auto,fl_lossy,q_auto/ws-pilevneli/usr/library/images/main/events/8/p-ci_3004-copy.gif",media/3d86fd9a4573bbc94eeba55e.gif,saved,225660
"https://static-assets.artlogic.net/w_1600,h_1600,c_limit,f_auto,fl_lossy,q_auto/ws-pilevneli/usr/library/images/main/events/8/p-ci_2961-copy.jpg",media/09bf3f3f2e8ab121dd8ab6f6.jpg,saved,229286
"https://static-assets.artlogic.net/w_1600,h_1600,c_limit,f_auto,fl_lossy,q_auto/ws-pilevneli/usr/library/images/main/events/8/p-ci_3007-copy.gif",media/f210c6cd1fd25a62294f8001.gif,saved,186378
"https://static-assets.artlogic.net/w_1600,h_1600,c_limit,f_auto,fl_lossy,q_auto/ws-pilevneli/usr/library/images/main/events/8/p-ci_3005-copy.gif",media/34904c7738aa9a1b632b76b1.gif,saved,156634
"https://static-assets.artlogic.net/w_1600,h_1600,c_limit,f_auto,fl_lossy,q_auto/ws-pilevneli/usr/library/images/main/events/8/p-ci_3016-copy.gif",media/50085ebb01e245df9db97b35.gif,saved,230170
"https://static-assets.artlogic.net/w_1600,h_1600,c_limit,f_auto,fl_lossy,q_auto/ws-pilevneli/usr/library/images/main/events/8/p-ci_3013-copy.gif",media/02ca753792d20c18a5340b85.gif,saved,145562
"https://static-assets.artlogic.net/w_1600,h_1600,c_limit,f_auto,fl_lossy,q_auto/ws-pilevneli/usr/library/images/main/events/8/p-ci_3014-copy.gif",media/c5791830d4cce9d004d356a3.gif,saved,43748
"https://static-assets.artlogic.net/w_1600,h_1600,c_limit,f_auto,fl_lossy,q_auto/ws-pilevneli/usr/library/images/main/events/8/p-ci_2972-copy.gif",media/5be5fb7d7a1992851b5c842a.gif,saved,221622
"https://static-assets.artlogic.net/w_1600,h_1600,c_limit,f_auto,fl_lossy,q_auto/ws-pilevneli/usr/library/images/main/events/8/p-ci_2976-copy.jpg",media/feaa00db8ab3ac9de90713b2.jpg,saved,129906
"https://static-assets.artlogic.net/w_1600,h_1600,c_limit,f_auto,fl_lossy,q_auto/ws-pilevneli/usr/library/images/main/events/8/p-ci_2978-copy.gif",media/671f61c77b6382942f50e12f.gif,saved,217968
"https://static-assets.artlogic.net/w_1600,h_1600,c_limit,f_auto,fl_lossy,q_auto/ws-pilevneli/usr/library/images/main/events/8/p-ci_2997-copy.gif",media/2af275ffd4df178e94b33ad3.gif,saved,164008
"https://static-assets.artlogic.net/w_1600,h_1600,c_limit,f_auto,fl_lossy,q_auto/ws-pilevneli/usr/library/images/main/events/8/p-ci_2994-copy.gif",media/96a31638cba968a618b7e5a5.gif,saved,210048
"https://static-assets.artlogic.net/w_1600,h_1600,c_limit,f_auto,fl_lossy,q_auto/ws-pilevneli/usr/library/images/main/events/8/p-ci_2996-copy.jpg",media/160037d27b314d0108f56998.jpg,saved,72254
"https://static-assets.artlogic.net/w_1600,h_1600,c_limit,f_auto,fl_lossy,q_auto/ws-pilevneli/usr/library/images/main/events/8/p-ci_2974-copy.gif",media/12d99b269d7fa3bc168f9c71.gif,saved,479788
"https://static-assets.artlogic.net/w_1600,h_1600,c_limit,f_auto,fl_lossy,q_auto/ws-pilevneli/usr/library/images/main/events/8/p-ci_3003-copy.gif",media/d83f4efe706f9fb66e062527.gif,saved,308474
"https://static-assets.artlogic.net/w_1600,h_1600,c_limit,f_auto,fl_lossy,q_auto/ws-pilevneli/usr/library/images/main/events/8/p-ci_3001-copy.gif",media/59e0ddbcc1be8669cc9128de.gif,saved,183196
"https://static-assets.artlogic.net/w_1600,h_1600,c_limit,f_auto,fl_lossy,q_auto/ws-pilevneli/usr/library/images/main/events/8/p-ci_2983-copy.gif",media/44917a99fcb0ba97910cfb63.gif,saved,346314
"https://static-assets.artlogic.net/w_1600,h_1600,c_limit,f_auto,fl_lossy,q_auto/ws-pilevneli/usr/library/images/main/events/9/akaretler_10023.jpg",media/0ef450e41bb326452e4a1acb.jpg,saved,136822
"https://static-assets.artlogic.net/w_1600,h_1600,c_limit,f_auto,fl_lossy,q_auto/ws-pilevneli/usr/library/images/main/events/9/akaretler_10020.jpg",media/684eb4578a25a47679ba4456.jpg,saved,222093
"https://static-assets.artlogic.net/w_1600,h_1600,c_limit,f_auto,fl_lossy,q_auto/ws-pilevneli/usr/library/images/main/events/9/akaretler_10058.jpg",media/5adec85372146d152ef71f98.jpg,saved,218180
"https://static-assets.artlogic.net/w_1600,h_1600,c_limit,f_auto,fl_lossy,q_auto/ws-pilevneli/usr/library/images/main/events/9/akaretler_10002.jpg",media/dc22374f26152bac013486e0.jpg,saved,177804
"https://static-assets.artlogic.net/w_1600,h_1600,c_limit,f_auto,fl_lossy,q_auto/ws-pilevneli/usr/library/images/main/events/9/akaretler_10033.jpg",media/34a793bc702af122a9803f7b.jpg,saved,198504
"https://static-assets.artlogic.net/w_1600,h_1600,c_limit,f_auto,fl_lossy,q_auto/ws-pilevneli/usr/library/images/main/events/9/akaretler_10029.jpg",media/8260d0c52913feff8f394d42.jpg,saved,183546
"https://static-assets.artlogic.net/w_1600,h_1600,c_limit,f_auto,fl_lossy,q_auto/ws-pilevneli/usr/library/images/main/events/9/akaretler_10027.jpg",media/8a0b689172de909cfc1ce9ce.jpg,saved,213796
"https://static-assets.artlogic.net/w_1600,h_1600,c_limit,f_auto,fl_lossy,q_auto/ws-pilevneli/usr/library/images/main/events/9/akaretler_10050.jpg",media/051356026fe279babf14e5ac.jpg,saved,221226
"https://static-assets.artlogic.net/w_1600,h_1600,c_limit,f_auto,fl_lossy,q_auto/ws-pilevneli/usr/library/images/main/events/9/akaretler_10049.jpg",media/a2cfb346a1f063b28cd87a97.jpg,saved,120774
"https://static-assets.artlogic.net/w_1600,h_1600,c_limit,f_auto,fl_lossy,q_auto/ws-pilevneli/usr/library/images/main/events/9/akaretler_10039.jpg",media/6d41216fd5e26aed79e396d5.jpg,saved,241712
"https://static-assets.artlogic.net/w_1600,h_1600,c_limit,f_auto,fl_lossy,q_auto/ws-pilevneli/usr/library/images/main/events/9/akaretler_10044.jpg",media/1f1fef08d6f46c57ca379b0b.jpg,saved,246137
"https://static-assets.artlogic.net/w_1600,h_1600,c_limit,f_auto,fl_lossy,q_auto/ws-pilevneli/usr/library/images/main/events/9/akaretler_10040.jpg",media/335ce0d3e5c984c4ea0b04a4.jpg,saved,219264
"https://static-assets.artlogic.net/w_1600,h_1600,c_limit,f_auto,fl_lossy,q_auto/ws-pilevneli/usr/library/images/main/events/9/akaretler_10048.jpg",media/4470036eb5e2002669695d26.jpg,saved,189759
"https://static-assets.artlogic.net/w_1600,h_1600,c_limit,f_auto,fl_lossy,q_auto/ws-pilevneli/usr/library/images/main/events/9/akaretler_10055.jpg",media/03e040259aee62945d5eef59.jpg,saved,171469
"https://static-assets.artlogic.net/w_1600,h_1600,c_limit,f_auto,fl_lossy,q_auto/ws-pilevneli/usr/library/images/main/events/9/akaretler_10005.jpg",media/169c9bbea2c438e43c4baa7c.jpg,saved,200748
"https://static-assets.artlogic.net/w_1600,h_1600,c_limit,f_auto,fl_lossy,q_auto/ws-pilevneli/usr/library/images/main/events/9/akaretler_10003.jpg",media/194fec2f182e983ab3631710.jpg,saved,249084
"https://static-assets.artlogic.net/w_1600,h_1600,c_limit,f_auto,fl_lossy,q_auto/ws-pilevneli/usr/library/images/main/events/9/akaretler_10011.jpg",media/91966c6889199ea87693d615.jpg,saved,205989
"https://static-assets.artlogic.net/w_1600,h_1600,c_limit,f_auto,fl_lossy,q_auto/ws-pilevneli/usr/library/images/main/events/9/akaretler_10013.jpg",media/b4b1e74722770e0251b5fd93.jpg,saved,228967
"https://static-assets.artlogic.net/w_1600,h_1600,c_limit,f_auto,fl_lossy,q_auto/ws-pilevneli/usr/library/images/main/events/9/akaretler_10008.jpg",media/3945900db0251a3f79ea329c.jpg,saved,209606
"https://static-assets.artlogic.net/w_1600,h_1600,c_limit,f_auto,fl_lossy,q_auto/ws-pilevneli/usr/library/images/main/events/9/akaretler_10009.jpg",media/221c09cdc61a4197d1cefdb0.jpg,saved,187731
"https://static-assets.artlogic.net/w_1600,h_1600,c_limit,f_auto,fl_lossy,q_auto/ws-pilevneli/usr/library/images/main/events/9/akaretler_10006.jpg",media/d47037a64ac07b162e420dba.jpg,saved,201950
"https://static-assets.artlogic.net/w_1600,h_1600,c_limit,f_auto,fl_lossy,q_auto/ws-pilevneli/usr/library/images/main/events/9/akaretler_10062-.jpg",media/eaef336f54b181d157a2c17b.jpg,saved,309851
"https://static-assets.artlogic.net/w_1600,h_1600,c_limit,f_auto,fl_lossy,q_auto/ws-pilevneli/usr/library/images/main/events/9/akaretler_10071.jpg",media/a58139f7e2ca0fe66aa7d511.jpg,saved,271613
"https://static-assets.artlogic.net/w_1600,h_1600,c_limit,f_auto,fl_lossy,q_auto/ws-pilevneli/usr/library/images/main/events/9/akaretler_10063.jpg",media/27426830e3ed6f03a781c248.jpg,saved,327611
"https://static-assets.artlogic.net/w_1600,h_1600,c_limit,f_auto,fl_lossy,q_auto/ws-pilevneli/usr/library/images/main/events/9/akaretler_10083.jpg",media/0fc05be246c01e47d8241109.jpg,saved,170278
"https://static-assets.artlogic.net/w_1600,h_1600,c_limit,f_auto,fl_lossy,q_auto/ws-pilevneli/usr/library/images/main/events/9/akaretler_10025.jpg",media/ff11acec51dd47cfb0ef09aa.jpg,saved,200261
"https://static-assets.artlogic.net/w_1600,h_1600,c_limit,f_auto,fl_lossy,q_auto/ws-pilevneli/usr/library/images/main/events/9/akaretler_10024.jpg",media/8f0badd474c98904137236a0.jpg,saved,157911
"https://static-assets.artlogic.net/w_1600,h_1600,c_limit,f_auto,fl_lossy,q_auto/ws-pilevneli/usr/library/images/main/events/9/akaretler_10019.jpg",media/046b990935e9f59552af3034.jpg,saved,146012
"https://static-assets.artlogic.net/w_1600,h_1600,c_limit,f_auto,fl_lossy,q_auto/ws-pilevneli/usr/library/images/main/events/9/akaretler_10016.jpg",media/a1943d86e55c307d32bd8610.jpg,saved,203085
"https://static-assets.artlogic.net/w_1600,h_1600,c_limit,f_auto,fl_lossy,q_auto/ws-pilevneli/usr/library/images/main/events/9/akaretler_10045.jpg",media/d525c993fd3ea41b394545c8.jpg,saved,197570
"https://static-assets.artlogic.net/w_1600,h_1600,c_limit,f_auto,fl_lossy,q_auto/ws-pilevneli/usr/library/images/main/events/9/akaretler_10030.jpg",media/3898685a3eb4a23152a0a1a6.jpg,saved,213398
"https://static-assets.artlogic.net/w_1600,h_1600,c_limit,f_auto,fl_lossy,q_auto/ws-pilevneli/usr/library/images/main/events/9/akaretler_10026.jpg",media/0b6b832f89625772749f6b4c.jpg,saved,217976
"https://static-assets.artlogic.net/w_1600,h_1600,c_limit,f_auto,fl_lossy,q_auto/ws-pilevneli/usr/library/images/main/events/9/akaretler_10036.jpg",media/428b6d2f24308863ae488e0e.jpg,saved,200169
"https://static-assets.artlogic.net/w_1600,h_1600,c_limit,f_auto,fl_lossy,q_auto/ws-pilevneli/usr/library/images/main/events/9/akaretler_10052.jpg",media/b504ff6b520c9ce35ed1fd8b.jpg,saved,163747
"https://static-assets.artlogic.net/w_1600,h_1600,c_limit,f_auto,fl_lossy,q_auto/ws-pilevneli/usr/library/images/main/events/9/akaretler_10078.jpg",media/cd4c2ff743bf6c1dc16800b5.jpg,saved,261208
"https://static-assets.artlogic.net/w_1600,h_1600,c_limit,f_auto,fl_lossy,q_auto/ws-pilevneli/usr/library/images/main/events/9/akaretler_10076.jpg",media/3b11a546c4c626c2be934103.jpg,saved,266320
"https://static-assets.artlogic.net/w_1600,h_1600,c_limit,f_auto,fl_lossy,q_auto/ws-pilevneli/usr/library/images/main/events/9/akaretler_10073.jpg",media/7682abe692df831203d211ca.jpg,saved,255181
"https://static-assets.artlogic.net/w_1600,h_1600,c_limit,f_auto,fl_lossy,q_auto/ws-pilevneli/usr/library/images/main/events/9/akaretler_10074.jpg",media/89dd22a88e93197413137c3a.jpg,saved,266926
"https://static-assets.artlogic.net/w_1600,h_1600,c_limit,f_auto,fl_lossy,q_auto/ws-pilevneli/usr/exhibitions/images/exhibitions/10/_10004.gif",media/ebc61f89848b0c94c135969b.gif,saved,517009
"https://static-assets.artlogic.net/w_1600,h_1600,c_limit,f_auto,fl_lossy,q_auto/ws-pilevneli/usr/exhibitions/images/exhibitions/10/_10006.gif",media/a3296276d23529cdd057103d.gif,saved,566550
"https://static-assets.artlogic.net/w_1600,h_1600,c_limit,f_auto,fl_lossy,q_auto/ws-pilevneli/usr/exhibitions/images/exhibitions/10/_10005.gif",media/e61e7557d85bef9b5106dfac.gif,saved,517568
"https://static-assets.artlogic.net/w_1600,h_1600,c_limit,f_auto,fl_lossy,q_auto/ws-pilevneli/usr/exhibitions/images/exhibitions/10/_10008.gif",media/b595d6600d8286314ee24b31.gif,saved,575691
"https://static-assets.artlogic.net/w_1600,h_1600,c_limit,f_auto,fl_lossy,q_auto/ws-pilevneli/usr/exhibitions/images/exhibitions/10/_10007.gif",media/a15a4aee45ead1827e385938.gif,saved,584834
"https://static-assets.artlogic.net/w_1600,h_1600,c_limit,f_auto,fl_lossy,q_auto/ws-pilevneli/usr/exhibitions/images/exhibitions/10/_10016.gif",media/f35315a660d32b503aa9bd22.gif,saved,678404
"https://static-assets.artlogic.net/w_1600,h_1600,c_limit,f_auto,fl_lossy,q_auto/ws-pilevneli/usr/exhibitions/images/exhibitions/10/_10020.gif",media/b0756be38cd1a109c9fa14f7.gif,saved,519801
"https://static-assets.artlogic.net/w_1600,h_1600,c_limit,f_auto,fl_lossy,q_auto/ws-pilevneli/usr/exhibitions/images/exhibitions/10/_10028.gif",media/b447c6b476f17da5354ae977.gif,saved,664300
"https://static-assets.artlogic.net/w_1600,h_1600,c_limit,f_auto,fl_lossy,q_auto/ws-pilevneli/usr/exhibitions/images/exhibitions/10/_10025.gif",media/313039b0442bd71c0a639cc5.gif,saved,675187
"https://static-assets.artlogic.net/w_1600,h_1600,c_limit,f_auto,fl_lossy,q_auto/ws-pilevneli/usr/exhibitions/images/exhibitions/10/_10024.gif",media/ebcf554d7bf7ca4b609cd4c0.gif,saved,576086
"https://static-assets.artlogic.net/w_1600,h_1600,c_limit,f_auto,fl_lossy,q_auto/ws-pilevneli/usr/exhibitions/images/exhibitions/10/_10021.gif",media/0096d290f7c1403478e1f2b5.gif,saved,551247
"https://static-assets.artlogic.net/w_1600,h_1600,c_limit,f_auto,fl_lossy,q_auto/ws-pilevneli/usr/exhibitions/images/exhibitions/10/_10019.gif",media/2ba7aac48225e4cd33ed2cfe.gif,saved,657684
"https://static-assets.artlogic.net/w_1600,h_1600,c_limit,f_auto,fl_lossy,q_auto/ws-pilevneli/usr/exhibitions/images/exhibitions/10/_10036.gif",media/bf31bdd50712fd883c2ee427.gif,saved,703734
"https://static-assets.artlogic.net/w_1600,h_1600,c_limit,f_auto,fl_lossy,q_auto/ws-pilevneli/usr/exhibitions/images/exhibitions/10/_10037.gif",media/cca38a04b6ecd32304e60bc0.gif,saved,532153
"https://static-assets.artlogic.net/w_1600,h_1600,c_limit,f_auto,fl_lossy,q_auto/ws-pilevneli/usr/exhibitions/images/exhibitions/10/_10046__.gif",media/9fb294bedcacfc2338a6569a.gif,saved,755218
"https://static-assets.artlogic.net/w_1600,h_1600,c_limit,f_auto,fl_lossy,q_auto/ws-pilevneli/usr/exhibitions/images/exhibitions/10/_10035.gif",media/ec960414393e2d09d811ef35.gif,saved,557367
"https://static-assets.artlogic.net/w_1600,h_1600,c_limit,f_auto,fl_lossy,q_auto/ws-pilevneli/usr/exhibitions/images/exhibitions/10/_10034.gif",media/63b022d813e84ef68e4a7c64.gif,saved,557949
"https://static-assets.artlogic.net/w_1600,h_1600,c_limit,f_auto,fl_lossy,q_auto/ws-pilevneli/usr/images/press/main_image/items/77/779a508cef7b4d16a0d75fbadaeecc76/jf_alem.jpg",media/627c7f996ab75291846fe30c.jpg,saved,98568
"https://static-assets.artlogic.net/w_1600,h_1600,c_limit,f_auto,fl_lossy,q_auto/ws-pilevneli/usr/images/press/main_image/items/25/2572ce90dd95438190ba19f761e7611d/jf_oksijen_eliftanriyar.jpg",media/66e7a6ca232db7e3f49e6b3f.jpg,saved,48022
"https://static-assets.artlogic.net/w_1600,h_1600,c_limit,f_auto,fl_lossy,q_auto/ws-pilevneli/usr/images/press/main_image/items/e4/e420dcd9af194ec9a3efc441b766f925/jf_cumhuriyet_yazgulualdogan.jpg",media/5a84a06911d81f8394f4c061.jpg,saved,144134
"https://static-assets.artlogic.net/w_1600,h_1600,c_limit,f_auto,fl_lossy,q_auto/ws-pilevneli/usr/images/press/main_image/items/b3/b336a3a8981447dfb1d8cec59c051373/jf_baharcuhadar_hurriyet.jpg",media/0c5d29fe4f8d0b4ea92be2fd.jpg,saved,62918
"https://static-assets.artlogic.net/w_1600,h_1600,c_limit,f_auto,fl_lossy,q_auto/ws-pilevneli/usr/images/press/main_image/items/39/39f8a74dcca14b96ab00f919f9cc3917/jf_aysegulsonmez.jpg",media/32a43b4aba9a786e4e69f00c.jpg,saved,21556
"https://static-assets.artlogic.net/w_1600,h_1600,c_limit,f_auto,fl_lossy,q_auto/ws-pilevneli/usr/images/press/main_image/items/ea/eaeded2eb3894450897eb0e2d0ecdcb7/jf_artfulliving.jpg",media/8d054dec975770e8b144bd93.jpg,saved,154628
"https://static-assets.artlogic.net/w_1600,h_1600,c_limit,f_auto,fl_lossy,q_auto/ws-pilevneli/usr/images/press/main_image/items/d9/d9867a68cfaf4036a3461804eb72bcb3/jf_cemerciyes.jpg",media/9ef051433869c6a9228953e2.jpg,saved,64220
"https://static-assets.artlogic.net/w_1600,h_1600,c_limit,f_auto,fl_lossy,q_auto/ws-pilevneli/usr/images/exhibitions/group_images_override/10/purity-pr-image-alt.gif",media/0c1e3e8112d63e5a8de62cba.gif,saved,58258
"https://static-assets.artlogic.net/w_1600,h_1600,c_limit,f_auto,fl_lossy,q_auto/ws-pilevneli/usr/images/exhibitions/images_and_objects/10/2011-atoombom_lh2.gif",media/7fd03663f11b65457e4f4043.gif,saved,750006
"https://static-assets.artlogic.net/w_1600,h_1600,c_limit,f_auto,fl_lossy,q_auto/ws-pilevneli/usr/images/exhibitions/images_and_objects/10/2010_whip_pv_0012.gif",media/d806a7a79caa2916aca76bd0.gif,saved,855078
"https://static-assets.artlogic.net/w_1600,h_1600,c_limit,f_auto,fl_lossy,q_auto/ws-pilevneli/usr/images/exhibitions/images_and_objects/10/2011_chopped-off_lh_00012.gif",media/f202d0ee45943f97dbc7f0a3.gif,saved,748346
"https://static-assets.artlogic.net/w_1600,h_1600,c_limit,f_auto,fl_lossy,q_auto/ws-pilevneli/usr/images/exhibitions/images_and_objects/10/2011-congo-bar_pv2.gif",media/e83d7808fcfc7f7f84550a8a.gif,saved,731252
"https://static-assets.artlogic.net/w_1600,h_1600,c_limit,f_auto,fl_lossy,q_auto/ws-pilevneli/usr/images/exhibitions/images_and_objects/10/2011-false-teeth_pv2.gif",media/da6c5523ae189c27b43dc03c.gif,saved,649922
"https://static-assets.artlogic.net/w_1600,h_1600,c_limit,f_auto,fl_lossy,q_auto/ws-pilevneli/usr/images/exhibitions/images_and_objects/10/2011_monkey-nuts_lh_000122.png",media/6a4271d8dbf7c3cd20952a32.png,saved,959986
"https://static-assets.artlogic.net/w_1600,h_1600,c_limit,f_auto,fl_lossy,q_auto/ws-pilevneli/usr/images/exhibitions/images_and_objects/10/2011-avant-grade_pv2.gif",media/0df0abbb1905b69504f832af.gif,saved,683968
"https://static-assets.artlogic.net/w_1600,h_1600,c_limit,f_auto,fl_lossy,q_auto/ws-pilevneli/usr/images/exhibitions/images_and_objects/10/2011-anonymous-black-slave_pv-final.gif",media/d693f65534caef7793794f1d.gif,saved,825746
"https://static-assets.artlogic.net/w_1600,h_1600,c_limit,f_auto,fl_lossy,q_auto/ws-pilevneli/usr/images/exhibitions/images_and_objects/10/2011-sabena_pv2.gif",media/e4ca3124b437969b4d0be542.gif,saved,742606
"https://static-assets.artlogic.net/w_1600,h_1600,c_limit,f_auto,fl_lossy,q_auto/ws-pilevneli/usr/images/exhibitions/images_and_objects/10/2011-alluminium-foil_pv2.gif",media/7561104c625e5bbcd69a712f.gif,saved,746824
"https://static-assets.artlogic.net/w_1600,h_1600,c_limit,f_auto,fl_lossy,q_auto/ws-pilevneli/usr/images/exhibitions/images_and_objects/10/2011-gold-ignots_lh2.gif",media/1b894e4f866f0651c29010da.gif,saved,749072
"https://static-assets.artlogic.net/w_1600,h_1600,c_limit,f_auto,fl_lossy,q_auto/ws-pilevneli/usr/images/exhibitions/images_and_objects/10/2010-2011-nodding-black-boy-2.gif",media/1662366f75ad254d53ed2fed.gif,saved,811980
"https://static-assets.artlogic.net/w_1600,h_1600,c_limit,f_auto,fl_lossy,q_auto/ws-pilevneli/usr/images/exhibitions/images_and_objects/10/2010_knife_lh_0001-234.png",media/11c8a3186794b7c29534201a.png,saved,863032
"https://static-assets.artlogic.net/w_1600,h_1600,c_limit,f_auto,fl_lossy,q_auto/ws-pilevneli/usr/images/exhibitions/images_and_objects/10/2011-leopard-s-claw_pv2.gif",media/366e6a8b21a6ad84b0453ebd.gif,saved,757048
"https://static-assets.artlogic.net/w_1600,h_1600,c_limit,f_auto,fl_lossy,q_auto/ws-pilevneli/usr/exhibitions/images/exhibitions/10/2013_vanity-morality_lh_002.gif",media/66244ca0cc75014c342bcf08.gif,saved,252435
"https://static-assets.artlogic.net/w_1600,h_1600,c_limit,f_auto,fl_lossy,q_auto/ws-pilevneli/usr/exhibitions/images/exhibitions/10/2015_divine-fertility_lh_001.gif",media/7dc7a115c701abffac7c6889.gif,saved,507271
"https://static-assets.artlogic.net/w_1600,h_1600,c_limit,f_auto,fl_lossy,q_auto/ws-pilevneli/usr/exhibitions/images/exhibitions/10/2013_zuiverheid-op-de-knie_lh_003.gif",media/9135270b6faa47cda17a8c8c.gif,saved,420109
"https://static-assets.artlogic.net/w_1600,h_1600,c_limit,f_auto,fl_lossy,q_auto/ws-pilevneli/usr/exhibitions/images/exhibitions/10/the-witch-on-the-tree-of-life-ii_lh.gif",media/b524a2462673c73ae7ead403.gif,saved,587762
"https://static-assets.artlogic.net/w_1600,h_1600,c_limit,f_auto,fl_lossy,q_auto/ws-pilevneli/usr/exhibitions/images/exhibitions/10/the-witch-on-the-tree-of-life-iii_lh.gif",media/339a1277de8cd966478e0209.gif,saved,715732
"https://static-assets.artlogic.net/w_1600,h_1600,c_limit,f_auto,fl_lossy,q_auto/ws-pilevneli/usr/exhibitions/images/exhibitions/10/the-witch-on-the-tree-of-life-iv_lh.gif",media/5754f148722635d293cf98f8.gif,saved,660939
"https://static-assets.artlogic.net/w_1600,h_1600,c_limit,f_auto,fl_lossy,q_auto/ws-pilevneli/usr/exhibitions/images/exhibitions/10/skull-with-bacongo-cross-green-i_pv.gif",media/c0aeb38ff86c313ba6cf3e1a.gif,saved,156929
"https://static-assets.artlogic.net/w_1600,h_1600,c_limit,f_auto,fl_lossy,q_auto/ws-pilevneli/usr/exhibitions/images/exhibitions/10/skull-with-bacongo-cross-blue-i_pv.gif",media/ff970615bf4682529b3a8fcd.gif,saved,158288
"https://static-assets.artlogic.net/w_1600,h_1600,c_limit,f_auto,fl_lossy,q_auto/ws-pilevneli/usr/exhibitions/images/exhibitions/10/skull-with-bacongo-cross-red-i_pv.gif",media/ee6c00a14ea872b2effc7d37.gif,saved,194898
"https://static-assets.artlogic.net/w_1600,h_1600,c_limit,f_auto,fl_lossy,q_auto/ws-pilevneli/usr/images/artists/artwork_image_for_artists_page/items/2a/2ab50d86aebd440889abfdf2798c1364/jan-fabre.gif",media/d322f73f3df47a5268de52b4.gif,saved,47678
"https://static-assets.artlogic.net/w_1600,h_1600,c_limit,f_auto,fl_lossy,q_auto/ws-pilevneli/usr/images/exhibitions/group_images_override/100/screen-shot-2024-01-11-at-14.57.08.jpg",media/00312a1345376b3864a1869c.jpg,saved,8334
"https://static-assets.artlogic.net/w_1600,h_1600,c_limit,f_auto,fl_lossy,q_auto/ws-pilevneli/usr/images/exhibitions/group_images_override/101/tar-k-to-re_portre-1-.jpg",media/36afdf5af2be2ce44c0995fa.jpg,saved,210140
"https://static-assets.artlogic.net/w_1600,h_1600,c_limit,f_auto,fl_lossy,q_auto/ws-pilevneli/usr/exhibitions/images/exhibitions/101/11249.jpg",media/aee21d77bacf4d3e9899c2f2.jpg,saved,65188
"https://static-assets.artlogic.net/w_1600,h_1600,c_limit,f_auto,fl_lossy,q_auto/ws-pilevneli/usr/exhibitions/images/exhibitions/101/11243.jpg",media/6fe4cc08a7d356ee3e1fed57.jpg,saved,92866
"https://static-assets.artlogic.net/w_1600,h_1600,c_limit,f_auto,fl_lossy,q_auto/ws-pilevneli/usr/exhibitions/images/exhibitions/101/11246.jpg",media/6277e5c5d8e69ba65eb3513c.jpg,saved,65550
"https://static-assets.artlogic.net/w_1600,h_1600,c_limit,f_auto,fl_lossy,q_auto/ws-pilevneli/usr/exhibitions/images/exhibitions/101/11264.jpg",media/6571c8c2dcea1e0f8634f666.jpg,saved,245206
"https://static-assets.artlogic.net/w_1600,h_1600,c_limit,f_auto,fl_lossy,q_auto/ws-pilevneli/usr/exhibitions/images/exhibitions/101/11282.jpg",media/9b3ff0c0ccd0dfabc98ecd05.jpg,saved,235282
"https://static-assets.artlogic.net/w_1600,h_1600,c_limit,f_auto,fl_lossy,q_auto/ws-pilevneli/usr/exhibitions/images/exhibitions/101/11276.jpg",media/e5f0f5340e071e699e0f1c19.jpg,saved,112712
"https://static-assets.artlogic.net/w_1600,h_1600,c_limit,f_auto,fl_lossy,q_auto/ws-pilevneli/usr/exhibitions/images/exhibitions/101/11258.jpg",media/82be5f57b8b0a23875e265d6.jpg,saved,222906
"https://static-assets.artlogic.net/w_1600,h_1600,c_limit,f_auto,fl_lossy,q_auto/ws-pilevneli/usr/exhibitions/images/exhibitions/101/11268.jpg",media/f44a87215ddb302595483228.jpg,saved,208282
"https://static-assets.artlogic.net/w_1600,h_1600,c_limit,f_auto,fl_lossy,q_auto/ws-pilevneli/usr/exhibitions/images/exhibitions/101/11256.jpg",media/3e1ff93ac2022d64b7fc2d76.jpg,saved,237926
"https://static-assets.artlogic.net/w_1600,h_1600,c_limit,f_auto,fl_lossy,q_auto/ws-pilevneli/usr/images/exhibitions/images_and_objects/101/tt104-image.jpg",media/b3a8215d89fbeb66742357ca.jpg,saved,43090
"https://static-assets.artlogic.net/w_1600,h_1600,c_limit,f_auto,fl_lossy,q_auto/ws-pilevneli/usr/exhibitions/images/exhibitions/101/tt101-image.jpg",media/4555761e1fdbb969b2fc50a1.jpg,saved,186490
"https://static-assets.artlogic.net/w_1600,h_1600,c_limit,f_auto,fl_lossy,q_auto/ws-pilevneli/usr/exhibitions/images/exhibitions/101/tt107-image.jpg",media/d9fbcfaf1e20f7e991271951.jpg,saved,62198
"https://static-assets.artlogic.net/w_1600,h_1600,c_limit,f_auto,fl_lossy,q_auto/ws-pilevneli/usr/exhibitions/images/exhibitions/101/tt102-image.jpg",media/bb88e066688aed1318ac1181.jpg,saved,57592
"https://static-assets.artlogic.net/w_1600,h_1600,c_limit,f_auto,fl_lossy,q_auto/ws-pilevneli/usr/exhibitions/images/exhibitions/101/tt105-image.png",media/7a9a9f770a3c989ad2d6b23e.png,saved,99116
"https://static-assets.artlogic.net/w_1600,h_1600,c_limit,f_auto,fl_lossy,q_auto/ws-pilevneli/usr/exhibitions/images/exhibitions/101/tt106-image.jpg",media/4ce45d511cbd98f276abdd19.jpg,saved,71664
"https://static-assets.artlogic.net/w_1600,h_1600,c_limit,f_auto,fl_lossy,q_auto/ws-pilevneli/usr/exhibitions/images/exhibitions/101/tt108-image.jpg",media/547e474c03ee9415b81fb69e.jpg,saved,32000
"https://static-assets.artlogic.net/w_1600,h_1600,c_limit,f_auto,fl_lossy,q_auto/ws-pilevneli/usr/exhibitions/images/exhibitions/101/tt099-image.png",media/3815f65b3e0562a55e30fe5f.png,saved,30480
"https://static-assets.artlogic.net/w_1600,h_1600,c_limit,f_auto,fl_lossy,q_auto/ws-pilevneli/usr/exhibitions/images/exhibitions/101/tt100-image.png",media/4ee6d62e5f375a4610c2aede.png,saved,28448
"https://static-assets.artlogic.net/w_1600,h_1600,c_limit,f_auto,fl_lossy,q_auto/ws-pilevneli/usr/exhibitions/images/exhibitions/102/f91f03a1-e72a-4410-aefd-f8a4f98235a4.jpg",media/82ad9287ea2cac481ba7f4ca.jpg,saved,57234
"https://static-assets.artlogic.net/w_1600,h_1600,c_limit,f_auto,fl_lossy,q_auto/ws-pilevneli/usr/exhibitions/images/exhibitions/102/2677a75d-6e88-4d89-9587-bfe16a29c30b.jpg",media/19f9dab6c3bb5bee4d5ea476.jpg,saved,74060
"https://static-assets.artlogic.net/w_1600,h_1600,c_limit,f_auto,fl_lossy,q_auto/ws-pilevneli/usr/exhibitions/images/exhibitions/102/3392e33b-0d36-4a86-bdae-66d8fb63d80c.jpg",media/2c0b8793886ed7a1fe031b4f.jpg,saved,71870
"https://static-assets.artlogic.net/w_1600,h_1600,c_limit,f_auto,fl_lossy,q_auto/ws-pilevneli/usr/exhibitions/images/exhibitions/102/95db2bdc-52d8-45d0-879c-aea17158057c.jpg",media/26f71c5cf25b4e31d640869b.jpg,saved,30338
"https://static-assets.artlogic.net/w_1600,h_1600,c_limit,f_auto,fl_lossy,q_auto/ws-pilevneli/usr/exhibitions/images/exhibitions/102/a48bfcfd-b4ff-49bb-8359-fa7890b052b8.jpg",media/027b9165f3db5707dddd0aba.jpg,saved,49252
"https://static-assets.artlogic.net/w_1600,h_1600,c_limit,f_auto,fl_lossy,q_auto/ws-pilevneli/usr/exhibitions/images/exhibitions/102/img_6879.jpg",media/7b71bc0c6c8a42adec7b1d0c.jpg,saved,76000
"https://static-assets.artlogic.net/w_1600,h_1600,c_limit,f_auto,fl_lossy,q_auto/ws-pilevneli/usr/exhibitions/images/exhibitions/102/img_6876.jpg",media/618e411f7869ed1e575dbecc.jpg,saved,101156
"https://static-assets.artlogic.net/w_1600,h_1600,c_limit,f_auto,fl_lossy,q_auto/ws-pilevneli/usr/exhibitions/images/exhibitions/102/img_6880.jpg",media/87da56bdd5d7968a80eb2322.jpg,saved,99884
"https://static-assets.artlogic.net/w_1600,h_1600,c_limit,f_auto,fl_lossy,q_auto/ws-pilevneli/usr/exhibitions/images/exhibitions/102/img_6877.jpg",media/e9e48a245aa4cf53545e547a.jpg,saved,121660
"https://static-assets.artlogic.net/w_1600,h_1600,c_limit,f_auto,fl_lossy,q_auto/ws-pilevneli/usr/exhibitions/images/exhibitions/102/benbeyinsizbiraptalim_126.jpg",media/9add511a28556de69fd76ef0.jpg,saved,41576
"https://static-assets.artlogic.net/w_1600,h_1600,c_limit,f_auto,fl_lossy,q_auto/ws-pilevneli/usr/exhibitions/images/exhibitions/102/benbeyinsizbiraptalim_132.jpg",media/8f33bbb3ee0dc7bd23646626.jpg,saved,81698
"https://static-assets.artlogic.net/w_1600,h_1600,c_limit,f_auto,fl_lossy,q_auto/ws-pilevneli/usr/exhibitions/images/exhibitions/102/benbeyinsizbiraptalim_124.jpg",media/80c3bd97dbd534d646b178f8.jpg,saved,91410
"https://static-assets.artlogic.net/w_1600,h_1600,c_limit,f_auto,fl_lossy,q_auto/ws-pilevneli/usr/exhibitions/images/exhibitions/102/benbeyinsizbiraptalim_117.jpg",media/39c36a4eb433a0729295eef3.jpg,saved,62572
"https://static-assets.artlogic.net/w_1600,h_1600,c_limit,f_auto,fl_lossy,q_auto/ws-pilevneli/usr/exhibitions/images/exhibitions/102/benbeyinsizbiraptalim_122.jpg",media/9e00bec4387296de36616706.jpg,saved,44144
"https://static-assets.artlogic.net/w_1600,h_1600,c_limit,f_auto,fl_lossy,q_auto/ws-pilevneli/usr/exhibitions/images/exhibitions/102/benbeyinsizbiraptalim_031.jpg",media/c6444bcc803cf9ebdd59cabd.jpg,saved,45264
"https://static-assets.artlogic.net/w_1600,h_1600,c_limit,f_auto,fl_lossy,q_auto/ws-pilevneli/usr/exhibitions/images/exhibitions/102/benbeyinsizbiraptalim_048.jpg",media/946f297441e1b99ae241d565.jpg,saved,47872
"https://static-assets.artlogic.net/w_1600,h_1600,c_limit,f_auto,fl_lossy,q_auto/ws-pilevneli/usr/exhibitions/images/exhibitions/102/benbeyinsizbiraptalim_029.jpg",media/777fcb27ef6a187b7cdaad3c.jpg,saved,84926
"https://static-assets.artlogic.net/w_1600,h_1600,c_limit,f_auto,fl_lossy,q_auto/ws-pilevneli/usr/exhibitions/images/exhibitions/102/benbeyinsizbiraptalim_045.jpg",media/c851a7848929954f7792d41a.jpg,saved,126548
"https://static-assets.artlogic.net/w_1600,h_1600,c_limit,f_auto,fl_lossy,q_auto/ws-pilevneli/usr/exhibitions/images/exhibitions/102/benbeyinsizbiraptalim_039.jpg",media/3877ccc34baebdc9c40d7e7f.jpg,saved,68056
"https://static-assets.artlogic.net/w_1600,h_1600,c_limit,f_auto,fl_lossy,q_auto/ws-pilevneli/usr/exhibitions/images/exhibitions/102/benbeyinsizbiraptalim_052.jpg",media/01f0451e8be906a97fb041a9.jpg,saved,90088
"https://static-assets.artlogic.net/w_1600,h_1600,c_limit,f_auto,fl_lossy,q_auto/ws-pilevneli/usr/exhibitions/images/exhibitions/102/benbeyinsizbiraptalim_050.jpg",media/4bdb08269d6f5ed79a85251b.jpg,saved,60320
"https://static-assets.artlogic.net/w_1600,h_1600,c_limit,f_auto,fl_lossy,q_auto/ws-pilevneli/usr/exhibitions/images/exhibitions/102/benbeyinsizbiraptalim_043.jpg",media/cb4037f4e902d2890309d5c6.jpg,saved,79050
"https://static-assets.artlogic.net/w_1600,h_1600,c_limit,f_auto,fl_lossy,q_auto/ws-pilevneli/usr/exhibitions/images/exhibitions/102/benbeyinsizbiraptalim_040.jpg",media/f2f65c153af164b83ab28cbe.jpg,saved,119336
"https://static-assets.artlogic.net/w_1600,h_1600,c_limit,f_auto,fl_lossy,q_auto/ws-pilevneli/usr/exhibitions/images/exhibitions/102/benbeyinsizbiraptalim_051.jpg",media/0d07a0c233db86c4f126b818.jpg,saved,90584
"https://static-assets.artlogic.net/w_1600,h_1600,c_limit,f_auto,fl_lossy,q_auto/ws-pilevneli/usr/exhibitions/images/exhibitions/102/benbeyinsizbiraptalim_036.jpg",media/10f5c442469c5e19fe67601a.jpg,saved,115958
"https://static-assets.artlogic.net/w_1600,h_1600,c_limit,f_auto,fl_lossy,q_auto/ws-pilevneli/usr/exhibitions/images/exhibitions/102/benbeyinsizbiraptalim_136-1-.jpg",media/114aa24b7793f5a28f922390.jpg,saved,17912
"https://static-assets.artlogic.net/w_1600,h_1600,c_limit,f_auto,fl_lossy,q_auto/ws-pilevneli/usr/exhibitions/images/exhibitions/102/benbeyinsizbiraptalim_142.jpg",media/55b6b22e4c47d5a30e3f8abf.jpg,saved,36742
"https://static-assets.artlogic.net/w_1600,h_1600,c_limit,f_auto,fl_lossy,q_auto/ws-pilevneli/usr/exhibitions/images/exhibitions/102/benbeyinsizbiraptalim_147.jpg",media/1638f4ba8d709addbf8647c9.jpg,saved,36120
"https://static-assets.artlogic.net/w_1600,h_1600,c_limit,f_auto,fl_lossy,q_auto/ws-pilevneli/usr/exhibitions/images/exhibitions/102/benbeyinsizbiraptalim_145.jpg",media/4762fb5f174fae030aa1c0d6.jpg,saved,47402
"https://static-assets.artlogic.net/w_1600,h_1600,c_limit,f_auto,fl_lossy,q_auto/ws-pilevneli/usr/exhibitions/images/exhibitions/102/benbeyinsizbiraptalim_144.jpg",media/b1d83558ca170632ea75cac6.jpg,saved,45668
"https://static-assets.artlogic.net/w_1600,h_1600,c_limit,f_auto,fl_lossy,q_auto/ws-pilevneli/usr/exhibitions/images/exhibitions/102/benbeyinsizbiraptalim_156.jpg",media/b12f1d7e39d10df6dedfe758.jpg,saved,121190
"https://static-assets.artlogic.net/w_1600,h_1600,c_limit,f_auto,fl_lossy,q_auto/ws-pilevneli/usr/images/exhibitions/group_images_override/102/83a28e3e-8ec6-4d96-8732-4ade030de075.jpeg",media/f585df6582021da1e519097c.jpeg,saved,185890
"https://static-assets.artlogic.net/w_1600,h_1600,c_limit,f_auto,fl_lossy,q_auto/ws-pilevneli/usr/images/exhibitions/group_images_override/103/screen-shot-2024-02-06-at-10.54.07.png",media/1d47e625cf4574adcbf07c73.png,saved,27172
"https://static-assets.artlogic.net/w_1600,h_1600,c_limit,f_auto,fl_lossy,q_auto/ws-pilevneli/usr/exhibitions/images/exhibitions/105/7-2.jpg",media/acdb43e40519ee4c5ca20e85.jpg,saved,192734
"https://static-assets.artlogic.net/w_1600,h_1600,c_limit,f_auto,fl_lossy,q_auto/ws-pilevneli/usr/exhibitions/images/exhibitions/105/1-3.jpg",media/3b6e3073b3a0acbed05d48fe.jpg,saved,110348
"https://static-assets.artlogic.net/w_1600,h_1600,c_limit,f_auto,fl_lossy,q_auto/ws-pilevneli/usr/exhibitions/images/exhibitions/105/5-2.jpg",media/f6554f1a98b8cf7dd733bea1.jpg,saved,101502
"https://static-assets.artlogic.net/w_1600,h_1600,c_limit,f_auto,fl_lossy,q_auto/ws-pilevneli/usr/exhibitions/images/exhibitions/105/4-2.jpg",media/a95b6a0894590f980536a221.jpg,saved,145312
"https://static-assets.artlogic.net/w_1600,h_1600,c_limit,f_auto,fl_lossy,q_auto/ws-pilevneli/usr/exhibitions/images/exhibitions/105/2-3.jpg",media/ff071b0a5e66a071d1c3c0b4.jpg,saved,113480
"https://static-assets.artlogic.net/w_1600,h_1600,c_limit,f_auto,fl_lossy,q_auto/ws-pilevneli/usr/images/exhibitions/group_images_override/105/9-2.jpg",media/d2afdcff37bb0d6e1a90c84c.jpg,saved,131520
"https://static-assets.artlogic.net/w_1600,h_1600,c_limit,f_auto,fl_lossy,q_auto/ws-pilevneli/usr/exhibitions/images/exhibitions/106/_mg_9018-copy.jpg",media/5ea72171b1096afa5c168a37.jpg,saved,36276
"https://static-assets.artlogic.net/w_1600,h_1600,c_limit,f_auto,fl_lossy,q_auto/ws-pilevneli/usr/images/artists/artwork_image_for_artists_page/items/e9/e91b665defb24057a0d28fa0313e6fb8/_mg_8994.jpg",media/16c37ed1e4f625691bdcd3f7.jpg,saved,23404
"https://static-assets.artlogic.net/w_1600,h_1600,c_limit,f_auto,fl_lossy,q_auto/ws-pilevneli/usr/exhibitions/images/exhibitions/107/_mg_8634-copy.jpg",media/be2fbb91b1d88bc1d97cf112.jpg,saved,24858
"https://static-assets.artlogic.net/w_1600,h_1600,c_limit,f_auto,fl_lossy,q_auto/ws-pilevneli/usr/exhibitions/images/exhibitions/107/_mg_8668-copy.jpg",media/c97fc88ed2086397ab25bf8d.jpg,saved,43800
"https://static-assets.artlogic.net/w_1600,h_1600,c_limit,f_auto,fl_lossy,q_auto/ws-pilevneli/usr/exhibitions/images/exhibitions/107/_mg_8653-copy.jpg",media/b77117391a2b4a11391440ae.jpg,saved,24856
"https://static-assets.artlogic.net/w_1600,h_1600,c_limit,f_auto,fl_lossy,q_auto/ws-pilevneli/usr/exhibitions/images/exhibitions/107/_mg_8650-copy.jpg",media/64e138644a63ed35d948df64.jpg,saved,37602
"https://static-assets.artlogic.net/w_1600,h_1600,c_limit,f_auto,fl_lossy,q_auto/ws-pilevneli/usr/exhibitions/images/exhibitions/107/_mg_8631-copy.jpg",media/87ebf554349ce564f6c7406b.jpg,saved,35326
"https://static-assets.artlogic.net/w_1600,h_1600,c_limit,f_auto,fl_lossy,q_auto/ws-pilevneli/usr/exhibitions/images/exhibitions/107/_mg_8698-copy.jpg",media/400c5e0aa50374f18b7b8bb3.jpg,saved,39238
"https://static-assets.artlogic.net/w_1600,h_1600,c_limit,f_auto,fl_lossy,q_auto/ws-pilevneli/usr/exhibitions/images/exhibitions/107/_mg_8638-copy.jpg",media/8fb75888deb989158ec3a47c.jpg,saved,29376
"https://static-assets.artlogic.net/w_1600,h_1600,c_limit,f_auto,fl_lossy,q_auto/ws-pilevneli/usr/exhibitions/images/exhibitions/107/_mg_8644-copy.jpg",media/4f29e9dfc694a1cd976ca4ef.jpg,saved,17876
"https://static-assets.artlogic.net/w_1600,h_1600,c_limit,f_auto,fl_lossy,q_auto/ws-pilevneli/usr/exhibitions/images/exhibitions/107/_mg_8641-copy.jpg",media/5fe1ede178bd4f2e96a43825.jpg,saved,20058
"https://static-assets.artlogic.net/w_1600,h_1600,c_limit,f_auto,fl_lossy,q_auto/ws-pilevneli/usr/exhibitions/images/exhibitions/107/_mg_8647-copy.jpg",media/cb5702401afd47cc5f42f5d8.jpg,saved,22286
"https://static-assets.artlogic.net/w_1600,h_1600,c_limit,f_auto,fl_lossy,q_auto/ws-pilevneli/usr/exhibitions/images/exhibitions/107/_mg_8665-copy.jpg",media/916fd2806740d62a336717c9.jpg,saved,32180
"https://static-assets.artlogic.net/w_1600,h_1600,c_limit,f_auto,fl_lossy,q_auto/ws-pilevneli/usr/exhibitions/images/exhibitions/107/_mg_8704.jpg",media/f64a1b1c018273d1b1e8129e.jpg,saved,21370
"https://static-assets.artlogic.net/w_1600,h_1600,c_limit,f_auto,fl_lossy,q_auto/ws-pilevneli/usr/exhibitions/images/exhibitions/107/_mg_8695.jpg",media/ba81e587264dc6bff921299c.jpg,saved,31614
"https://static-assets.artlogic.net/w_1600,h_1600,c_limit,f_auto,fl_lossy,q_auto/ws-pilevneli/usr/exhibitions/images/exhibitions/107/_mg_8701.jpg",media/f3969822e05e1600b046c836.jpg,saved,65266
"https://static-assets.artlogic.net/w_1600,h_1600,c_limit,f_auto,fl_lossy,q_auto/ws-pilevneli/usr/exhibitions/images/exhibitions/107/_mg_8711.jpg",media/31d775ea1f309b2c6390c409.jpg,saved,24258
"https://static-assets.artlogic.net/w_1600,h_1600,c_limit,f_auto,fl_lossy,q_auto/ws-pilevneli/usr/exhibitions/images/exhibitions/107/_mg_8718.jpg",media/452e2ba8ff29f1caba2b38f7.jpg,saved,39752
"https://static-assets.artlogic.net/w_1600,h_1600,c_limit,f_auto,fl_lossy,q_auto/ws-pilevneli/usr/exhibitions/images/exhibitions/107/_mg_8749.jpg",media/f466da3533a1fb43934fed78.jpg,saved,41404
"https://static-assets.artlogic.net/w_1600,h_1600,c_limit,f_auto,fl_lossy,q_auto/ws-pilevneli/usr/exhibitions/images/exhibitions/107/_mg_8755.jpg",media/d81d68882b02f52ae532f021.jpg,saved,66124
"https://static-assets.artlogic.net/w_1600,h_1600,c_limit,f_auto,fl_lossy,q_auto/ws-pilevneli/usr/exhibitions/images/exhibitions/107/_mg_8759.jpg",media/0503b630c937bdee184e0af6.jpg,saved,52708
"https://static-assets.artlogic.net/w_1600,h_1600,c_limit,f_auto,fl_lossy,q_auto/ws-pilevneli/usr/exhibitions/images/exhibitions/107/_mg_8746.jpg",media/633aa4d335500962e5da9977.jpg,saved,29200
"https://static-assets.artlogic.net/w_1600,h_1600,c_limit,f_auto,fl_lossy,q_auto/ws-pilevneli/usr/exhibitions/images/exhibitions/107/_mg_8811.jpg",media/05a3467102bd55eec38cae53.jpg,saved,78786
"https://static-assets.artlogic.net/w_1600,h_1600,c_limit,f_auto,fl_lossy,q_auto/ws-pilevneli/usr/exhibitions/images/exhibitions/107/_mg_8844.jpg",media/2a5a4c634ea698a46bc2d639.jpg,saved,57276
"https://static-assets.artlogic.net/w_1600,h_1600,c_limit,f_auto,fl_lossy,q_auto/ws-pilevneli/usr/exhibitions/images/exhibitions/107/_mg_8835.jpg",media/456acf6ccd34f08b3b9425ec.jpg,saved,52460
"https://static-assets.artlogic.net/w_1600,h_1600,c_limit,f_auto,fl_lossy,q_auto/ws-pilevneli/usr/exhibitions/images/exhibitions/107/_mg_8817.jpg",media/d3a07a88e4476b36ddcda094.jpg,saved,30828
"https://static-assets.artlogic.net/w_1600,h_1600,c_limit,f_auto,fl_lossy,q_auto/ws-pilevneli/usr/images/exhibitions/group_images_override/107/untitled-design-1-.jpg",media/65dfac68f23f833238c3580d.jpg,saved,30388
"https://static-assets.artlogic.net/w_1600,h_1600,c_limit,f_auto,fl_lossy,q_auto/ws-pilevneli/usr/exhibitions/images/exhibitions/108/pilevneli-gallery_031024_21.jpg",media/b3c843787a4c8158c8cefe00.jpg,saved,72164
"https://static-assets.artlogic.net/w_1600,h_1600,c_limit,f_auto,fl_lossy,q_auto/ws-pilevneli/usr/exhibitions/images/exhibitions/108/pilevneli-gallery_031024_23.jpg",media/6dfc439146bc810027b973ac.jpg,saved,34266
"https://static-assets.artlogic.net/w_1600,h_1600,c_limit,f_auto,fl_lossy,q_auto/ws-pilevneli/usr/exhibitions/images/exhibitions/108/pilevneli-gallery_031024_16.jpg",media/ece431444304913e0edf0d50.jpg,saved,30014
"https://static-assets.artlogic.net/w_1600,h_1600,c_limit,f_auto,fl_lossy,q_auto/ws-pilevneli/usr/exhibitions/images/exhibitions/108/pilevneli-gallery_031024_17.jpg",media/79609444d1a36d63b8a25eb4.jpg,saved,79946
"https://static-assets.artlogic.net/w_1600,h_1600,c_limit,f_auto,fl_lossy,q_auto/ws-pilevneli/usr/exhibitions/images/exhibitions/108/pilevneli-gallery_031024_14.jpg",media/1a8267d6b3d66ecf94aaf18f.jpg,saved,36144
"https://static-assets.artlogic.net/w_1600,h_1600,c_limit,f_auto,fl_lossy,q_auto/ws-pilevneli/usr/exhibitions/images/exhibitions/108/pilevneli-gallery_031024_11.jpg",media/b91ae1a08707090ac040a7c3.jpg,saved,66786
"https://static-assets.artlogic.net/w_1600,h_1600,c_limit,f_auto,fl_lossy,q_auto/ws-pilevneli/usr/exhibitions/images/exhibitions/108/pilevneli-gallery_031024_01.jpg",media/ff21dd2c852ca234ad27250f.jpg,saved,47902
"https://static-assets.artlogic.net/w_1600,h_1600,c_limit,f_auto,fl_lossy,q_auto/ws-pilevneli/usr/exhibitions/images/exhibitions/108/pilevneli-gallery_031024_06.jpg",media/6a0523aa140bb59a1d3fb9cf.jpg,saved,45572
"https://static-assets.artlogic.net/w_1600,h_1600,c_limit,f_auto,fl_lossy,q_auto/ws-pilevneli/usr/exhibitions/images/exhibitions/108/pilevneli-gallery_031024_05.jpg",media/bb7e5a20dfce6126df815a52.jpg,saved,44386
"https://static-assets.artlogic.net/w_1600,h_1600,c_limit,f_auto,fl_lossy,q_auto/ws-pilevneli/usr/exhibitions/images/exhibitions/108/pilevneli-gallery_031024_19.jpg",media/d2d758060d07a85239aa742a.jpg,saved,133842
"https://static-assets.artlogic.net/w_1600,h_1600,c_limit,f_auto,fl_lossy,q_auto/ws-pilevneli/usr/exhibitions/images/exhibitions/108/pilevneli-gallery_031024_32.jpg",media/908ff04f2fcf72b9d99f8ddc.jpg,saved,36964
"https://static-assets.artlogic.net/w_1600,h_1600,c_limit,f_auto,fl_lossy,q_auto/ws-pilevneli/usr/exhibitions/images/exhibitions/108/pilevneli-gallery_031024_31.jpg",media/33f946bf98319ab91b7fc2d6.jpg,saved,48992
"https://static-assets.artlogic.net/w_1600,h_1600,c_limit,f_auto,fl_lossy,q_auto/ws-pilevneli/usr/exhibitions/images/exhibitions/108/pilevneli-gallery_031024_33.jpg",media/7f6ea278124c7cd524fa0b05.jpg,saved,68562
"https://static-assets.artlogic.net/w_1600,h_1600,c_limit,f_auto,fl_lossy,q_auto/ws-pilevneli/usr/exhibitions/images/exhibitions/108/pilevneli-gallery_031024_34-1-1-.jpg",media/1a9ca9eb30d71786a6cb8ad3.jpg,saved,106238
"https://static-assets.artlogic.net/w_1600,h_1600,c_limit,f_auto,fl_lossy,q_auto/ws-pilevneli/usr/exhibitions/images/exhibitions/108/pilevneli-gallery_031024_25.jpg",media/57548a7e875d12a2dc5c95f3.jpg,saved,43038
"https://static-assets.artlogic.net/w_1600,h_1600,c_limit,f_auto,fl_lossy,q_auto/ws-pilevneli/usr/exhibitions/images/exhibitions/108/pilevneli-gallery_031024_27-1-.jpg",media/769b8049a4082799cad68fbc.jpg,saved,67058
"https://static-assets.artlogic.net/w_1600,h_1600,c_limit,f_auto,fl_lossy,q_auto/ws-pilevneli/usr/exhibitions/images/exhibitions/108/pilevneli-gallery_031024_30.jpg",media/00b12edc4a810d86ebcc2d74.jpg,saved,70946
"https://static-assets.artlogic.net/w_1600,h_1600,c_limit,f_auto,fl_lossy,q_auto/ws-pilevneli/usr/exhibitions/images/exhibitions/108/pilevneli-gallery_031024_26.jpg",media/cb3671ce5314d81897f30922.jpg,saved,52272
"https://static-assets.artlogic.net/w_1600,h_1600,c_limit,f_auto,fl_lossy,q_auto/ws-pilevneli/usr/exhibitions/images/exhibitions/108/pilevneli-gallery_031024_28.jpg",media/83538cb3211be251b01c515f.jpg,saved,37418
"https://static-assets.artlogic.net/w_1600,h_1600,c_limit,f_auto,fl_lossy,q_auto/ws-pilevneli/usr/exhibitions/images/exhibitions/108/pilevneli-gallery_031024_02_29-copy.jpg",media/1e11c653b9d9cfec23f5bb89.jpg,saved,76416
"https://static-assets.artlogic.net/w_1600,h_1600,c_limit,f_auto,fl_lossy,q_auto/ws-pilevneli/usr/images/exhibitions/group_images_override/108/serkan-sarier_hubris-v_2024_oil-on-linen-stainless-steel-frame_100-x-100-cm-copy.jpg",media/2c46a08db53f71c428b36279.jpg,saved,536390
"https://static-assets.artlogic.net/w_1600,h_1600,c_limit,f_auto,fl_lossy,q_auto/ws-pilevneli/usr/images/artists/artwork_image_for_artists_page/items/d0/d0d9b8f9c9ce43e7b939676589a9ea29/banner.jpg",media/d7e94bf62ed7a2457bfcb338.jpg,saved,810076
"https://static-assets.artlogic.net/w_1600,h_1600,c_limit,f_auto,fl_lossy,q_auto/ws-pilevneli/usr/exhibitions/images/exhibitions/108/serkan-sarier_hubris-i_2024_oil-on-linen-stainless-steel-frame_190-x-130-cm.jpg",media/69e143b1466080570a3a51be.jpg,saved,270132
"https://static-assets.artlogic.net/w_1600,h_1600,c_limit,f_auto,fl_lossy,q_auto/ws-pilevneli/usr/exhibitions/images/exhibitions/108/serkan-sarier_hubris-ii_2024_oil-on-linen-stainless-steel-frame_-70-x-50-cm.jpg",media/4eef7174d7834c7ed2b2932d.jpg,saved,397992
"https://static-assets.artlogic.net/w_1600,h_1600,c_limit,f_auto,fl_lossy,q_auto/ws-pilevneli/usr/exhibitions/images/exhibitions/108/serkan-sarier_hubris-iii_2024_oil-on-linen-stainless-steel-frame-150-x-100-cm.jpg",media/8562ebb25d41eeaf110e59ca.jpg,saved,296532
"https://static-assets.artlogic.net/w_1600,h_1600,c_limit,f_auto,fl_lossy,q_auto/ws-pilevneli/usr/exhibitions/images/exhibitions/108/serkan-sarier_hubris-iv_2024_oil-on-linen-stainless-steel-frame_60-x-60-cm.jpg",media/d5319cf32d4befc8923f937b.jpg,saved,294610
"https://static-assets.artlogic.net/w_1600,h_1600,c_limit,f_auto,fl_lossy,q_auto/ws-pilevneli/usr/exhibitions/images/exhibitions/108/serkan-sarier_hubris-v_2024_oil-on-linen-stainless-steel-frame_100-x-100-cm.jpg",media/6be33720a2090d7d73f5bec5.jpg,saved,536390
"https://static-assets.artlogic.net/w_1600,h_1600,c_limit,f_auto,fl_lossy,q_auto/ws-pilevneli/usr/exhibitions/images/exhibitions/108/serkan-sarier_hubris-vi_2024_oil-on-linen-stainless-steel-frame-75-x-70-cm.jpg",media/9417d74c7081e9a684e87376.jpg,saved,200420
"https://static-assets.artlogic.net/w_1600,h_1600,c_limit,f_auto,fl_lossy,q_auto/ws-pilevneli/usr/exhibitions/images/exhibitions/108/serkan-sarier_-hubris-vii_2024_-oil-on-linen-stainless-steel-frame_-190-x-130-cm.jpg",media/8726112cf86677f8db2c9308.jpg,saved,248464
"https://static-assets.artlogic.net/w_1600,h_1600,c_limit,f_auto,fl_lossy,q_auto/ws-pilevneli/usr/exhibitions/images/exhibitions/108/serkan-sarier_hubris-viii_2024_oil-on-linen-stainless-steel-frame_130-x-190-cm.jpg",media/db99389b3cbcada792c5f3d1.jpg,saved,337732
"https://static-assets.artlogic.net/w_1600,h_1600,c_limit,f_auto,fl_lossy,q_auto/ws-pilevneli/usr/exhibitions/images/exhibitions/108/serkan-sarier_hubris-ix_2024_oil-on-linen-stainless-steel-frame_-70-x-100-cm.jpg",media/0fea4bc46e53fc351f4ed4fb.jpg,saved,364482
"https://static-assets.artlogic.net/w_1600,h_1600,c_limit,f_auto,fl_lossy,q_auto/ws-pilevneli/usr/exhibitions/images/exhibitions/108/serkan-sarier_hubris-x_2024_oil-on-linen-stainless-steel-frame_100-x-50-cm.jpg",media/4ae6fa04f56e00c1a17b77ee.jpg,saved,221078
"https://static-assets.artlogic.net/w_1600,h_1600,c_limit,f_auto,fl_lossy,q_auto/ws-pilevneli/usr/exhibitions/images/exhibitions/108/serkan-sarier_hubris-xi_2024_oil-on-linen-stainless-steel-frame_-100-x-160-cm.jpg",media/b7748ee7fb3cdf4cbada7866.jpg,saved,245850
"https://static-assets.artlogic.net/w_1600,h_1600,c_limit,f_auto,fl_lossy,q_auto/ws-pilevneli/usr/exhibitions/images/exhibitions/108/serkan-sarier_hubris-xii_2024_oil-on-linen-stainless-steel-frame_80-x-80-cm.jpg",media/2feab8d389d76f85e877d1f0.jpg,saved,299856
"https://static-assets.artlogic.net/w_1600,h_1600,c_limit,f_auto,fl_lossy,q_auto/ws-pilevneli/usr/exhibitions/images/exhibitions/108/serkan-sarier_hubris-xiii_2024_oil-on-linen-stainless-steel-frame_75-x-70-cm.jpg",media/8905112c58da41eb9a580ac2.jpg,saved,306080
"https://static-assets.artlogic.net/w_1600,h_1600,c_limit,f_auto,fl_lossy,q_auto/ws-pilevneli/usr/exhibitions/images/exhibitions/108/serkan-sarier_hubris-xiv_2024_oil-on-linen-stainless-steel-frame_195-x-190-cm.jpg",media/db1a05a949d03b5784a140b9.jpg,saved,216180
"https://static-assets.artlogic.net/w_1600,h_1600,c_limit,f_auto,fl_lossy,q_auto/ws-pilevneli/usr/exhibitions/images/exhibitions/108/serkan-sarier_hubris-xv_2024_oil-on-linen-stainless-steel-frame_140-x-80-cm.jpg",media/d5a85b5791f5050aba7166ba.jpg,saved,231470
"https://static-assets.artlogic.net/w_1600,h_1600,c_limit,f_auto,fl_lossy,q_auto/ws-pilevneli/usr/exhibitions/images/exhibitions/108/serkan-sarier_hubris-xvi_2024_oil-on-linen-stainless-steel-frame_100-x-80-cm.jpg",media/1a1a86026802eb4eef8bbf6d.jpg,saved,195010
"https://static-assets.artlogic.net/w_1600,h_1600,c_limit,f_auto,fl_lossy,q_auto/ws-pilevneli/usr/exhibitions/images/exhibitions/108/serkan-sarier_hubris-xvii_2024_oil-on-linen-stainless-steel-frame_-120-x-80-cm.jpg",media/730a660f002c18a7d077b32c.jpg,saved,229448
"https://static-assets.artlogic.net/w_1600,h_1600,c_limit,f_auto,fl_lossy,q_auto/ws-pilevneli/usr/exhibitions/images/exhibitions/108/serkan-sarier_hubris-xviii_2024_oil-on-linen-stainless-steel-frame-190-x-130-cm.jpg",media/8bb269a1e99016cb175127d0.jpg,saved,242824
"https://static-assets.artlogic.net/w_1600,h_1600,c_limit,f_auto,fl_lossy,q_auto/ws-pilevneli/usr/exhibitions/images/exhibitions/108/serkan-sarier_hubris-xix_2024_oil-on-linen-stainless-steel-frame_190-x-130-cm.jpg",media/022b76faa85dde4ce7f70c29.jpg,saved,143188
"https://static-assets.artlogic.net/w_1600,h_1600,c_limit,f_auto,fl_lossy,q_auto/ws-pilevneli/usr/exhibitions/images/exhibitions/108/serkan-sarier_hubris-xx_2024_oil-on-linen-stainless-steel-frame_-120-x-80-cm.jpg",media/5cdea030cfd3df3acc559ddc.jpg,saved,322404
"https://static-assets.artlogic.net/w_1600,h_1600,c_limit,f_auto,fl_lossy,q_auto/ws-pilevneli/usr/exhibitions/images/exhibitions/108/ss-074-image.jpg",media/6b4d7287a59105b73abe44fd.jpg,saved,295308
"https://static-assets.artlogic.net/w_1600,h_1600,c_limit,f_auto,fl_lossy,q_auto/ws-pilevneli/usr/exhibitions/images/exhibitions/11/tayfun-serttas-_undetectable-2.gif",media/314931c7de5c91ff6eae2f98.gif,saved,585207
"https://static-assets.artlogic.net/w_1600,h_1600,c_limit,f_auto,fl_lossy,q_auto/ws-pilevneli/usr/exhibitions/images/exhibitions/11/tayfun-serttas-_undetectable-3.gif",media/52d211bd110c6e089dad6b82.gif,saved,709641
"https://static-assets.artlogic.net/w_1600,h_1600,c_limit,f_auto,fl_lossy,q_auto/ws-pilevneli/usr/exhibitions/images/exhibitions/11/_10026.gif",media/df373ed992a1364e8edafc75.gif,saved,763080
"https://static-assets.artlogic.net/w_1600,h_1600,c_limit,f_auto,fl_lossy,q_auto/ws-pilevneli/usr/exhibitions/images/exhibitions/11/_10014.gif",media/563c98acbc3bbc2611fd286f.gif,saved,796063
"https://static-assets.artlogic.net/w_1600,h_1600,c_limit,f_auto,fl_lossy,q_auto/ws-pilevneli/usr/exhibitions/images/exhibitions/11/tayfun-serttas-_undetectable-4.gif",media/9065fd0253165655a68b339b.gif,saved,667981
"https://static-assets.artlogic.net/w_1600,h_1600,c_limit,f_auto,fl_lossy,q_auto/ws-pilevneli/usr/exhibitions/images/exhibitions/11/tayfun-serttas-_undetectable-10.gif",media/06bcc0de615525759b81b81a.gif,saved,679356
"https://static-assets.artlogic.net/w_1600,h_1600,c_limit,f_auto,fl_lossy,q_auto/ws-pilevneli/usr/exhibitions/images/exhibitions/11/_10020.gif",media/acd1b6303f1ec9c3af2a40ce.gif,saved,644729
"https://static-assets.artlogic.net/w_1600,h_1600,c_limit,f_auto,fl_lossy,q_auto/ws-pilevneli/usr/exhibitions/images/exhibitions/11/tayfun-serttas-_undetectable-1.gif",media/3911db2352b09f358c598baa.gif,saved,724257
"https://static-assets.artlogic.net/w_1600,h_1600,c_limit,f_auto,fl_lossy,q_auto/ws-pilevneli/usr/exhibitions/images/exhibitions/11/tayfun-serttas-_undetectable-26.gif",media/64313b39458ee6924148f60c.gif,saved,890484
"https://static-assets.artlogic.net/w_1600,h_1600,c_limit,f_auto,fl_lossy,q_auto/ws-pilevneli/usr/exhibitions/images/exhibitions/11/tayfun-serttas-_undetectable-27.gif",media/2f102b45935b0ce40a5c37a0.gif,saved,737346
"https://static-assets.artlogic.net/w_1600,h_1600,c_limit,f_auto,fl_lossy,q_auto/ws-pilevneli/usr/exhibitions/images/exhibitions/11/tayfun-serttas-_undetectable-24.gif",media/7433bae377f2b8d698f77f5e.gif,saved,1160037
"https://static-assets.artlogic.net/w_1600,h_1600,c_limit,f_auto,fl_lossy,q_auto/ws-pilevneli/usr/exhibitions/images/exhibitions/11/tayfun-serttas-_undetectable-25.gif",media/2f56146136e53d494c8ac261.gif,saved,1189508
"https://static-assets.artlogic.net/w_1600,h_1600,c_limit,f_auto,fl_lossy,q_auto/ws-pilevneli/usr/images/exhibitions/images_and_objects/11/subliminal-son.gif",media/3695bd10e38b3ac8d1837095.gif,saved,89486
"https://static-assets.artlogic.net/w_1600,h_1600,c_limit,f_auto,fl_lossy,q_auto/ws-pilevneli/usr/images/exhibitions/images_and_objects/11/undetectable-shadow.gif",media/0568b4a3e21c2ef1c3c42197.gif,saved,243156
"https://static-assets.artlogic.net/w_1600,h_1600,c_limit,f_auto,fl_lossy,q_auto/ws-pilevneli/usr/exhibitions/images/exhibitions/11/qurantine_letters.gif",media/465001779d493d923560caf9.gif,saved,185774
"https://static-assets.artlogic.net/w_1600,h_1600,c_limit,f_auto,fl_lossy,q_auto/ws-pilevneli/usr/exhibitions/images/exhibitions/11/thecamp.gif",media/4563bbfbf4b25c0377d251a3.gif,saved,153930
"https://static-assets.artlogic.net/w_1600,h_1600,c_limit,f_auto,fl_lossy,q_auto/ws-pilevneli/usr/images/exhibitions/images_and_objects/11/spoils_shadow.gif",media/16bf894ab1cbb0ad03ac8a6e.gif,saved,34988
"https://static-assets.artlogic.net/w_1600,h_1600,c_limit,f_auto,fl_lossy,q_auto/ws-pilevneli/usr/exhibitions/images/exhibitions/11/hero_shadow.gif",media/a045f98eb7a25f4fc39b341b.gif,saved,698381
"https://static-assets.artlogic.net/w_1600,h_1600,c_limit,f_auto,fl_lossy,q_auto/ws-pilevneli/usr/exhibitions/images/exhibitions/11/sincapson.gif",media/e5a758e09e7f564ebbc4e3f7.gif,saved,703872
"https://static-assets.artlogic.net/w_1600,h_1600,c_limit,f_auto,fl_lossy,q_auto/ws-pilevneli/usr/images/exhibitions/images_and_objects/11/tayfun-serttas-_undetectable-23.gif",media/f3000248fa46b6d5447b25f2.gif,saved,19798
"https://static-assets.artlogic.net/w_1600,h_1600,c_limit,f_auto,fl_lossy,q_auto/ws-pilevneli/usr/exhibitions/images/exhibitions/11/eggs.gif",media/b3b7d2b90635207d5a65b347.gif,saved,938736
"https://static-assets.artlogic.net/w_1600,h_1600,c_limit,f_auto,fl_lossy,q_auto/ws-pilevneli/usr/exhibitions/images/exhibitions/11/untitled.gif",media/3f474b45de96257d1aaac4f5.gif,saved,214709
"https://static-assets.artlogic.net/w_1600,h_1600,c_limit,f_auto,fl_lossy,q_auto/ws-pilevneli/usr/exhibitions/images/exhibitions/11/zoonoses.gif",media/077a30aff33042987638e39d.gif,saved,959697
"https://static-assets.artlogic.net/w_1600,h_1600,c_limit,f_auto,fl_lossy,q_auto/ws-pilevneli/usr/images/exhibitions/images_and_objects/11/abanoz.gif",media/57b0565eda5e0cc0f1bccdb3.gif,saved,45576
"https://static-assets.artlogic.net/w_1600,h_1600,c_limit,f_auto,fl_lossy,q_auto/ws-pilevneli/usr/images/artists/artwork_image_for_artists_page/items/73/7339a309ea5e43eb84c4cf8e6c5fe2e3/tayfun-serttas-.gif",media/ae1e7f9c2cb705649abe4619.gif,saved,431334
"https://static-assets.artlogic.net/w_1600,h_1600,c_limit,f_auto,fl_lossy,q_auto/ws-pilevneli/usr/images/exhibitions/group_images_override/110/list.jpg",media/30606397b39b0365b39bfd2c.jpg,saved,335154
"https://static-assets.artlogic.net/w_1600,h_1600,c_limit,f_auto,fl_lossy,q_auto/ws-pilevneli/usr/images/artists/artwork_image_for_artists_page/items/b1/b1109bcd897848b3b4eed8484e67c514/zona_maco_lal_batman_2023_install_shot_high_anna_laudel_001.jpeg",media/853bac7ac4310ebb7d35d3b5.jpeg,failed,"404 Client Error: Not Found for url: https://static-assets.artlogic.net/w_1600,h_1600,c_limit,f_auto,fl_lossy,q_auto/ws-pilevneli/usr/images/artists/artwork_image_for_artists_page/"
"https://static-assets.artlogic.net/w_1600,h_1600,c_limit,f_auto,fl_lossy,q_auto/ws-pilevneli/usr/images/artists/artwork_image_for_artists_page/items/c3/c36aad4749754b24a7f2962147a17bb3/ae082-1-5-image.png",media/5096949002aa9fc7e8a94c4c.png,saved,531732
"https://static-assets.artlogic.net/w_1600,h_1600,c_limit,f_auto,fl_lossy,q_auto/ws-pilevneli/usr/images/exhibitions/group_images_override/111/jm016-image.jpg",media/1e08d115c868368387ab14b1.jpg,saved,51202
"https://static-assets.artlogic.net/w_1600,h_1600,c_limit,f_auto,fl_lossy,q_auto/artlogicstorage/pilevneligallery/images/view/d25fecb8f8c2b2ddb734b96e405221d9j/p-levnel-banu-anka-from-off-series-2023.jpg",media/16863ea03c6f9977e302b1d0.jpg,saved,130048
"https://static-assets.artlogic.net/w_1600,h_1600,c_limit,f_auto,fl_lossy,q_auto/artlogicstorage/pilevneligallery/images/view/d40cd5feed3037f10769e8c22229335cj/p-levnel-banu-anka-from-off-series-2023.jpg",media/d421f0fa62279a27ccc35776.jpg,saved,332028
"https://static-assets.artlogic.net/w_1600,h_1600,c_limit,f_auto,fl_lossy,q_auto/artlogicstorage/pilevneligallery/images/view/11fb357e877196cccc4f611dae913f0cp/p-levnel-frank-nitsche-cac-18-2015-2015.png",media/76fc7d0ff61e512d357f37e7.png,saved,49762
"https://static-assets.artlogic.net/w_1600,h_1600,c_limit,f_auto,fl_lossy,q_auto/ws-pilevneli/usr/exhibitions/images/exhibitions/112/5h2a0396-edit_rr.jpg",media/0c86645ececc7a53cd165cb2.jpg,saved,33370
"https://static-assets.artlogic.net/w_1600,h_1600,c_limit,f_auto,fl_lossy,q_auto/ws-pilevneli/usr/exhibitions/images/exhibitions/112/5h2a0457-edit_rjpg.jpg",media/a7352ec350f686502ad29443.jpg,saved,41066
"https://static-assets.artlogic.net/w_1600,h_1600,c_limit,f_auto,fl_lossy,q_auto/ws-pilevneli/usr/exhibitions/images/exhibitions/112/5h2a0372-edit-copy.jpg",media/68bb623bd59511ee255336bc.jpg,saved,29854
"https://static-assets.artlogic.net/w_1600,h_1600,c_limit,f_auto,fl_lossy,q_auto/ws-pilevneli/usr/exhibitions/images/exhibitions/112/5h2a0338-edit_r.jpg",media/1bed4b3d3f2616d5cf02e835.jpg,saved,36740
"https://static-assets.artlogic.net/w_1600,h_1600,c_limit,f_auto,fl_lossy,q_auto/ws-pilevneli/usr/exhibitions/images/exhibitions/112/5h2a0413-edit_rr.jpg",media/5ff31a49f193475087f46026.jpg,saved,56518
"https://static-assets.artlogic.net/w_1600,h_1600,c_limit,f_auto,fl_lossy,q_auto/ws-pilevneli/usr/exhibitions/images/exhibitions/112/5h2a1723-edit-copy.jpg",media/983855192f5d62038337ab15.jpg,saved,17866
"https://static-assets.artlogic.net/w_1600,h_1600,c_limit,f_auto,fl_lossy,q_auto/ws-pilevneli/usr/exhibitions/images/exhibitions/112/5h2a1617-edit-copy-1-.jpg",media/7d48a4c64e6b7001f465aeb1.jpg,saved,83366
"https://static-assets.artlogic.net/w_1600,h_1600,c_limit,f_auto,fl_lossy,q_auto/ws-pilevneli/usr/exhibitions/images/exhibitions/112/5h2a1680-edit-copy-1-.jpg",media/8e9e019340816ae932ec46c7.jpg,saved,27376
"https://static-assets.artlogic.net/w_1600,h_1600,c_limit,f_auto,fl_lossy,q_auto/ws-pilevneli/usr/exhibitions/images/exhibitions/112/5h2a1812-edit-copy.jpg",media/85265ecd42d24340a839d7b4.jpg,saved,36966
"https://static-assets.artlogic.net/w_1600,h_1600,c_limit,f_auto,fl_lossy,q_auto/ws-pilevneli/usr/exhibitions/images/exhibitions/112/5h2a0541-edit-copy.jpg",media/3cd89da96ae4375868c80f6a.jpg,saved,104254
"https://static-assets.artlogic.net/w_1600,h_1600,c_limit,f_auto,fl_lossy,q_auto/ws-pilevneli/usr/exhibitions/images/exhibitions/112/5h2a1286-edit-copy.jpg",media/18ea01fdee8c7e7ef31e6abd.jpg,saved,162104
"https://static-assets.artlogic.net/w_1600,h_1600,c_limit,f_auto,fl_lossy,q_auto/ws-pilevneli/usr/exhibitions/images/exhibitions/112/5h2a1272-edit-copy.jpg",media/55ea43f3f7f0af0575bba7ed.jpg,saved,153784
"https://static-assets.artlogic.net/w_1600,h_1600,c_limit,f_auto,fl_lossy,q_auto/ws-pilevneli/usr/exhibitions/images/exhibitions/112/5h2a0584-edit-copy.jpg",media/23b7296cc8927e18731a9464.jpg,saved,57346
"https://static-assets.artlogic.net/w_1600,h_1600,c_limit,f_auto,fl_lossy,q_auto/ws-pilevneli/usr/exhibitions/images/exhibitions/112/5h2a0661_r-copy.jpg",media/9923e298ac1c95fe43d4d478.jpg,saved,79304
"https://static-assets.artlogic.net/w_1600,h_1600,c_limit,f_auto,fl_lossy,q_auto/ws-pilevneli/usr/exhibitions/images/exhibitions/112/5h2a0702-edit_r.jpg",media/e2bfd88c9eee120f936b1c0b.jpg,saved,81262
"https://static-assets.artlogic.net/w_1600,h_1600,c_limit,f_auto,fl_lossy,q_auto/ws-pilevneli/usr/exhibitions/images/exhibitions/112/5h2a0689-edit_r.jpg",media/79b5b5a8a71b1dbe4e2ea4d0.jpg,saved,21644
"https://static-assets.artlogic.net/w_1600,h_1600,c_limit,f_auto,fl_lossy,q_auto/ws-pilevneli/usr/exhibitions/images/exhibitions/112/5h2a1405-edit-copy-1-.jpg",media/1fed15db877abd20134e0fcc.jpg,saved,96136
"https://static-assets.artlogic.net/w_1600,h_1600,c_limit,f_auto,fl_lossy,q_auto/ws-pilevneli/usr/exhibitions/images/exhibitions/112/5h2a0739-edit_r.jpg",media/58cdaf1277520101c24334c9.jpg,saved,70134
"https://static-assets.artlogic.net/w_1600,h_1600,c_limit,f_auto,fl_lossy,q_auto/ws-pilevneli/usr/exhibitions/images/exhibitions/112/5h2a1517-edit-copy.jpg",media/bbea1bc0297c6b414e614609.jpg,saved,112350
"https://static-assets.artlogic.net/w_1600,h_1600,c_limit,f_auto,fl_lossy,q_auto/ws-pilevneli/usr/exhibitions/images/exhibitions/112/5h2a1490-edit-copy-1-.jpg",media/903f68c50bb7ad6b267400fc.jpg,saved,39828
"https://static-assets.artlogic.net/w_1600,h_1600,c_limit,f_auto,fl_lossy,q_auto/ws-pilevneli/usr/exhibitions/images/exhibitions/112/5h2a1594-edit-copy.jpg",media/5455ad9b11d4881dfa1cea27.jpg,saved,114330
"https://static-assets.artlogic.net/w_1600,h_1600,c_limit,f_auto,fl_lossy,q_auto/ws-pilevneli/usr/images/exhibitions/group_images_override/112/reclining-mother-maquette-photo-camilla-maria-santini-a.jpg",media/2ee5b307e6e9c1660e33a822.jpg,saved,18368
"https://static-assets.artlogic.net/w_1600,h_1600,c_limit,f_auto,fl_lossy,q_auto/ws-pilevneli/usr/images/exhibitions/images_and_objects/112/young-god-standing-photo-camilla-santini-a-1-.jpg",media/ba6294b8d3becaca6f5efd7c.jpg,saved,78958
"https://static-assets.artlogic.net/w_1600,h_1600,c_limit,f_auto,fl_lossy,q_auto/ws-pilevneli/usr/exhibitions/images/exhibitions/112/gray_golden-teared-janus_2020_v01.jpg",media/e10554aa9206da261e8ab932.jpg,saved,38772
"https://static-assets.artlogic.net/w_1600,h_1600,c_limit,f_auto,fl_lossy,q_auto/ws-pilevneli/usr/exhibitions/images/exhibitions/112/bust-of-aoife-s-son-carrara-photo-nicola-gnesi-a.jpg",media/900a27b6c4c9a622bc2d766e.jpg,saved,106668
"https://static-assets.artlogic.net/w_1600,h_1600,c_limit,f_auto,fl_lossy,q_auto/ws-pilevneli/usr/images/exhibitions/images_and_objects/112/edit-lover-ii-photo-nicola-gnesi-a.jpg",media/e4c1cfe7166f47d1d8917e54.jpg,saved,81674
"https://static-assets.artlogic.net/w_1600,h_1600,c_limit,f_auto,fl_lossy,q_auto/ws-pilevneli/usr/exhibitions/images/exhibitions/112/rising-father-study-photo-camilla-santini-a.jpg",media/27a76f02e830ee5c594fb4d0.jpg,saved,69984
"https://static-assets.artlogic.net/w_1600,h_1600,c_limit,f_auto,fl_lossy,q_auto/ws-pilevneli/usr/exhibitions/images/exhibitions/112/kfg011-image.jpg",media/cf08fbfdac989c6d80470e59.jpg,saved,36912
"https://static-assets.artlogic.net/w_1600,h_1600,c_limit,f_auto,fl_lossy,q_auto/ws-pilevneli/usr/exhibitions/images/exhibitions/112/kfg015-image.jpg",media/86d18a3316b5a692503fb60c.jpg,saved,131154
"https://static-assets.artlogic.net/w_1600,h_1600,c_limit,f_auto,fl_lossy,q_auto/ws-pilevneli/usr/exhibitions/images/exhibitions/112/kfg020-image.jpg",media/53666ca659bef6c931bd39a5.jpg,saved,89400
"https://static-assets.artlogic.net/w_1600,h_1600,c_limit,f_auto,fl_lossy,q_auto/ws-pilevneli/usr/exhibitions/images/exhibitions/112/kfg005-image.jpg",media/c2340e317c687080315d6c60.jpg,saved,67250
"https://static-assets.artlogic.net/w_1600,h_1600,c_limit,f_auto,fl_lossy,q_auto/ws-pilevneli/usr/exhibitions/images/exhibitions/112/kfg022-image.jpg",media/1286765eb5091b6f4f008a51.jpg,saved,18186
"https://static-assets.artlogic.net/w_1600,h_1600,c_limit,f_auto,fl_lossy,q_auto/ws-pilevneli/usr/exhibitions/images/exhibitions/112/kfg023-image.jpg",media/09b4a40aa0b1bae12e656a23.jpg,saved,26018
"https://static-assets.artlogic.net/w_1600,h_1600,c_limit,f_auto,fl_lossy,q_auto/ws-pilevneli/usr/exhibitions/images/exhibitions/112/kfg007-image.jpg",media/2a8408fb5b0f96fad20743ff.jpg,saved,84132
"https://static-assets.artlogic.net/w_1600,h_1600,c_limit,f_auto,fl_lossy,q_auto/ws-pilevneli/usr/exhibitions/images/exhibitions/112/kfg024-image.jpg",media/eca8784105c6083395031fdf.jpg,saved,34604
"https://static-assets.artlogic.net/w_1600,h_1600,c_limit,f_auto,fl_lossy,q_auto/ws-pilevneli/usr/exhibitions/images/exhibitions/112/kfg025-image.jpg",media/5dbac93defd09d3f618fba44.jpg,saved,22358
"https://static-assets.artlogic.net/w_1600,h_1600,c_limit,f_auto,fl_lossy,q_auto/ws-pilevneli/usr/exhibitions/images/exhibitions/112/kfg026-image.jpg",media/ae262f4443ba94ce8bb55530.jpg,saved,22226
"https://static-assets.artlogic.net/w_1600,h_1600,c_limit,f_auto,fl_lossy,q_auto/ws-pilevneli/usr/exhibitions/images/exhibitions/112/kfg027-image.jpg",media/e8ab2809f82aa9625ccc1a53.jpg,saved,28788
"https://static-assets.artlogic.net/w_1600,h_1600,c_limit,f_auto,fl_lossy,q_auto/ws-pilevneli/usr/exhibitions/images/exhibitions/112/kfg028-image.jpg",media/42ce1172a8a7e6de66cd8b3e.jpg,saved,46252
"https://static-assets.artlogic.net/w_1600,h_1600,c_limit,f_auto,fl_lossy,q_auto/ws-pilevneli/usr/exhibitions/images/exhibitions/112/kfg006-image.jpg",media/accd398e6020585b5605624a.jpg,saved,34528
"https://static-assets.artlogic.net/w_1600,h_1600,c_limit,f_auto,fl_lossy,q_auto/ws-pilevneli/usr/images/exhibitions/images_and_objects/112/marble-panels-xxiii-photo-camilla-maria-santini-a-edit.jpg",media/47be01d94e9a97b8662c6dbd.jpg,saved,27492
"https://static-assets.artlogic.net/w_1600,h_1600,c_limit,f_auto,fl_lossy,q_auto/ws-pilevneli/usr/images/exhibitions/images_and_objects/112/marble-panels-xiv-photo-camilla-maria-santini-a-edit.jpg",media/07c178d89204cdf8d9fcbab5.jpg,saved,31070
"https://static-assets.artlogic.net/w_1600,h_1600,c_limit,f_auto,fl_lossy,q_auto/ws-pilevneli/usr/images/exhibitions/images_and_objects/112/marble-panels-xv-photo-camilla-maria-santini-a-edit.jpg",media/2947dde36881697de075c919.jpg,saved,29524
"https://static-assets.artlogic.net/w_1600,h_1600,c_limit,f_auto,fl_lossy,q_auto/ws-pilevneli/usr/images/exhibitions/group_images_override/115/markiz-mental-kesik.jpg",media/3057262b736745b759806405.jpg,saved,443480
"https://static-assets.artlogic.net/w_1600,h_1600,c_limit,f_auto,fl_lossy,q_auto/ws-pilevneli/usr/exhibitions/images/exhibitions/115/markiz_1.jpg",media/71270764a4ece247fc7d4209.jpg,saved,165422
"https://static-assets.artlogic.net/w_1600,h_1600,c_limit,f_auto,fl_lossy,q_auto/ws-pilevneli/usr/exhibitions/images/exhibitions/115/markiz_2.jpg",media/99b004a0ea521add2f87f6ea.jpg,saved,302970
"https://static-assets.artlogic.net/w_1600,h_1600,c_limit,f_auto,fl_lossy,q_auto/ws-pilevneli/usr/exhibitions/images/exhibitions/115/5h2a5704-edit-copy.jpg",media/6734dbf4f9cf25568db369df.jpg,saved,310556
"https://static-assets.artlogic.net/w_1600,h_1600,c_limit,f_auto,fl_lossy,q_auto/ws-pilevneli/usr/exhibitions/images/exhibitions/115/5h2a5794-edit.jpg",media/d1645f5d497fa5e1a4690846.jpg,saved,313318
"https://static-assets.artlogic.net/w_1600,h_1600,c_limit,f_auto,fl_lossy,q_auto/ws-pilevneli/usr/exhibitions/images/exhibitions/115/5h2a5498-edit.jpg",media/066a11be5eeb778e3adcea58.jpg,saved,376284
"https://static-assets.artlogic.net/w_1600,h_1600,c_limit,f_auto,fl_lossy,q_auto/ws-pilevneli/usr/exhibitions/images/exhibitions/115/5h2a5545-edit.jpg",media/ab3cf7afe13e70292e9cb3a7.jpg,saved,146568
"https://static-assets.artlogic.net/w_1600,h_1600,c_limit,f_auto,fl_lossy,q_auto/ws-pilevneli/usr/exhibitions/images/exhibitions/115/5h2a5930.jpg",media/48ba363bd25e2fa4f21ecbde.jpg,saved,127584
"https://static-assets.artlogic.net/w_1600,h_1600,c_limit,f_auto,fl_lossy,q_auto/ws-pilevneli/usr/exhibitions/images/exhibitions/115/5h2a5945.jpg",media/a018ca296e1e3332c13700f5.jpg,saved,110670
"https://static-assets.artlogic.net/w_1600,h_1600,c_limit,f_auto,fl_lossy,q_auto/ws-pilevneli/usr/exhibitions/images/exhibitions/115/5h2a5948.jpg",media/42c7c14fb839ecfd194912ea.jpg,saved,117804
"https://static-assets.artlogic.net/w_1600,h_1600,c_limit,f_auto,fl_lossy,q_auto/ws-pilevneli/usr/exhibitions/images/exhibitions/115/5h2a5990.jpg",media/76dc0e034f86b56061a0bb48.jpg,saved,175088
"https://static-assets.artlogic.net/w_1600,h_1600,c_limit,f_auto,fl_lossy,q_auto/ws-pilevneli/usr/exhibitions/images/exhibitions/115/5h2a5976.jpg",media/ce84b639bed673bba9246b67.jpg,saved,222796
"https://static-assets.artlogic.net/w_1600,h_1600,c_limit,f_auto,fl_lossy,q_auto/ws-pilevneli/usr/exhibitions/images/exhibitions/115/markiz_4.jpg",media/6da36ba856a131b19f910768.jpg,saved,107918
"https://static-assets.artlogic.net/w_1600,h_1600,c_limit,f_auto,fl_lossy,q_auto/ws-pilevneli/usr/exhibitions/images/exhibitions/115/5h2a5612-edit.jpg",media/1dc195c1f52273965d6d707e.jpg,saved,111020
"https://static-assets.artlogic.net/w_1600,h_1600,c_limit,f_auto,fl_lossy,q_auto/ws-pilevneli/usr/exhibitions/images/exhibitions/115/5h2a5638-edit.jpg",media/f69e1cc8a26b30d680444310.jpg,saved,90594
"https://static-assets.artlogic.net/w_1600,h_1600,c_limit,f_auto,fl_lossy,q_auto/ws-pilevneli/usr/exhibitions/images/exhibitions/115/5h2a5537-edit.jpg",media/e384c3cb33f1e2142ba979fc.jpg,saved,93436
"https://static-assets.artlogic.net/w_1600,h_1600,c_limit,f_auto,fl_lossy,q_auto/ws-pilevneli/usr/exhibitions/images/exhibitions/115/5h2a5652-edit.jpg",media/fad59ddc18c1da3ae0e33a04.jpg,saved,107136
"https://static-assets.artlogic.net/w_1600,h_1600,c_limit,f_auto,fl_lossy,q_auto/ws-pilevneli/usr/exhibitions/images/exhibitions/115/5h2a5686-edit-copy.jpg",media/bb14c748bd00039f6b0ca14f.jpg,saved,164116
"https://static-assets.artlogic.net/w_1600,h_1600,c_limit,f_auto,fl_lossy,q_auto/ws-pilevneli/usr/images/exhibitions/group_images_override/117/ali_artwork.jpg",media/9e5b1cd2cbc226a30354b92d.jpg,saved,243342
"https://static-assets.artlogic.net/w_1600,h_1600,c_limit,f_auto,fl_lossy,q_auto/ws-pilevneli/usr/exhibitions/images/exhibitions/12/the-thread12.gif",media/658221b413ac4e347c459b16.gif,saved,672844
"https://static-assets.artlogic.net/w_1600,h_1600,c_limit,f_auto,fl_lossy,q_auto/ws-pilevneli/usr/exhibitions/images/exhibitions/12/celeste-smoking-1.gif",media/e8bad2ff21346d7bfda1a79a.gif,saved,895845
"https://static-assets.artlogic.net/w_1600,h_1600,c_limit,f_auto,fl_lossy,q_auto/ws-pilevneli/usr/exhibitions/images/exhibitions/12/blackberries.gif",media/143039c2348d76aefcf60364.gif,saved,629363
"https://static-assets.artlogic.net/w_1600,h_1600,c_limit,f_auto,fl_lossy,q_auto/ws-pilevneli/usr/exhibitions/images/exhibitions/12/the-conversation-03.gif",media/f37ddc61a3f36b1725490bfd.gif,saved,742512
"https://static-assets.artlogic.net/w_1600,h_1600,c_limit,f_auto,fl_lossy,q_auto/ws-pilevneli/usr/exhibitions/images/exhibitions/12/wunderkammer-11-copy.gif",media/94cfa7437d240173780f936e.gif,saved,715897
"https://static-assets.artlogic.net/w_1600,h_1600,c_limit,f_auto,fl_lossy,q_auto/ws-pilevneli/usr/exhibitions/images/exhibitions/12/wunderkammer-12-.jpg",media/951b2683d9d169138d55e4de.jpg,saved,39178
"https://static-assets.artlogic.net/w_1600,h_1600,c_limit,f_auto,fl_lossy,q_auto/ws-pilevneli/usr/exhibitions/images/exhibitions/12/happy-birthday-1.gif",media/90cff1ddb7ace209aea27090.gif,saved,616217
"https://static-assets.artlogic.net/w_1600,h_1600,c_limit,f_auto,fl_lossy,q_auto/ws-pilevneli/usr/images/exhibitions/images_and_objects/12/vanitas-variation-30-small.gif",media/ec9bdd4184171dcd50e3beb7.gif,saved,63512
"https://static-assets.artlogic.net/w_1600,h_1600,c_limit,f_auto,fl_lossy,q_auto/ws-pilevneli/usr/exhibitions/images/exhibitions/12/3-sisters-1-small.gif",media/8a2bc6d5aed04aa220017edb.gif,saved,1034273
"https://static-assets.artlogic.net/w_1600,h_1600,c_limit,f_auto,fl_lossy,q_auto/ws-pilevneli/usr/exhibitions/images/exhibitions/12/blossom-tree-285-29.gif",media/d42a5ea8de4733a4064e6c6b.gif,saved,359000
"https://static-assets.artlogic.net/w_1600,h_1600,c_limit,f_auto,fl_lossy,q_auto/ws-pilevneli/usr/exhibitions/images/exhibitions/12/the-raft-03.gif",media/39a5ceea8f992136ab0e44e9.gif,saved,706154
"https://static-assets.artlogic.net/w_1600,h_1600,c_limit,f_auto,fl_lossy,q_auto/ws-pilevneli/usr/images/exhibitions/images_and_objects/12/01.jpg",media/c4059b99bbac380d47f71cab.jpg,saved,71320
"https://static-assets.artlogic.net/w_1600,h_1600,c_limit,f_auto,fl_lossy,q_auto/ws-pilevneli/usr/images/artists/artwork_image_for_artists_page/items/16/16dc4f6290094f26978540dc9c5775a2/hans-op-de-beeck.gif",media/9ecb0ee1360f3c6e0dd8ec6c.gif,saved,57812
"https://static-assets.artlogic.net/w_1600,h_1600,c_limit,f_auto,fl_lossy,q_auto/ws-pilevneli/usr/images/exhibitions/group_images_override/120/25graysc_baselsocialclub_pilevneli_web_1.jpg",media/95ae9a0b405ee16156053d69.jpg,saved,50894
"https://static-assets.artlogic.net/w_1600,h_1600,c_limit,f_auto,fl_lossy,q_auto/ws-pilevneli/usr/exhibitions/images/exhibitions/121/whatsapp-image-2025-06-23-at-13.39.55.jpeg",media/91e7e888bc8074e7ae8032c7.jpeg,saved,147584
"https://static-assets.artlogic.net/w_1600,h_1600,c_limit,f_auto,fl_lossy,q_auto/ws-pilevneli/usr/images/exhibitions/group_images_override/121/photo-2025-kare-2.jpg",media/a3fdfab7af8e1f26e561516a.jpg,saved,137410
"https://static-assets.artlogic.net/w_1600,h_1600,c_limit,f_auto,fl_lossy,q_auto/ws-pilevneli/usr/exhibitions/images/exhibitions/122/_fev8483_1.jpg",media/fcde22051fe798d26d9a85be.jpg,saved,48002
"https://static-assets.artlogic.net/w_1600,h_1600,c_limit,f_auto,fl_lossy,q_auto/ws-pilevneli/usr/exhibitions/images/exhibitions/122/_fev8517.jpg",media/396264110cad8b145278102a.jpg,saved,76960
"https://static-assets.artlogic.net/w_1600,h_1600,c_limit,f_auto,fl_lossy,q_auto/ws-pilevneli/usr/exhibitions/images/exhibitions/122/_fev8724.jpg",media/c8e6717fff51b28815542bcc.jpg,saved,115874
"https://static-assets.artlogic.net/w_1600,h_1600,c_limit,f_auto,fl_lossy,q_auto/ws-pilevneli/usr/exhibitions/images/exhibitions/122/25_graysc_pilevneli_mentalklinikcapture-2.jpg",media/fbec4570665d324be59139a3.jpg,saved,132418
"https://static-assets.artlogic.net/w_1600,h_1600,c_limit,f_auto,fl_lossy,q_auto/ws-pilevneli/usr/exhibitions/images/exhibitions/122/25_graysc_pilevneli_mentalklinik_dsc4727.jpg",media/63a95d70aecd6e682f376933.jpg,saved,97170
"https://static-assets.artlogic.net/w_1600,h_1600,c_limit,f_auto,fl_lossy,q_auto/ws-pilevneli/usr/exhibitions/images/exhibitions/122/25_graysc_pilevneli_mentalklinik_dsc4702.jpg",media/2b10dd8987003b0e7555ce53.jpg,saved,140954
"https://static-assets.artlogic.net/w_1600,h_1600,c_limit,f_auto,fl_lossy,q_auto/ws-pilevneli/usr/exhibitions/images/exhibitions/122/25_graysc_pilevneli_mentalklinik_dsc4737.jpg",media/f70d96aa49daa4532c715410.jpg,saved,141488
"https://static-assets.artlogic.net/w_1600,h_1600,c_limit,f_auto,fl_lossy,q_auto/ws-pilevneli/usr/exhibitions/images/exhibitions/122/_fev8650.jpg",media/e401ae883d65ceac282d79fd.jpg,saved,165938
"https://static-assets.artlogic.net/w_1600,h_1600,c_limit,f_auto,fl_lossy,q_auto/ws-pilevneli/usr/exhibitions/images/exhibitions/122/25_graysc_pilevneli_mentalklinikcapture-4.jpg",media/18536882dd33e2029995a00d.jpg,saved,131312
"https://static-assets.artlogic.net/w_1600,h_1600,c_limit,f_auto,fl_lossy,q_auto/ws-pilevneli/usr/exhibitions/images/exhibitions/122/_fev8568.jpg",media/d5e42c6a3acd3bd5c79d1f57.jpg,saved,214830
"https://static-assets.artlogic.net/w_1600,h_1600,c_limit,f_auto,fl_lossy,q_auto/ws-pilevneli/usr/exhibitions/images/exhibitions/122/25_graysc_pilevneli_mentalklinik_dsc4481.jpg",media/dc93e424750f651276dd6b6d.jpg,saved,94100
"https://static-assets.artlogic.net/w_1600,h_1600,c_limit,f_auto,fl_lossy,q_auto/ws-pilevneli/usr/exhibitions/images/exhibitions/122/_fev8546_1.jpg",media/4a518f2a90c33e9a7b7f53dd.jpg,saved,179936
"https://static-assets.artlogic.net/w_1600,h_1600,c_limit,f_auto,fl_lossy,q_auto/ws-pilevneli/usr/exhibitions/images/exhibitions/122/25_graysc_pilevneli_mentalklinikcapture-6.jpg",media/71b9a4f09cc4b0750c3b89fe.jpg,saved,134974
"https://static-assets.artlogic.net/w_1600,h_1600,c_limit,f_auto,fl_lossy,q_auto/ws-pilevneli/usr/exhibitions/images/exhibitions/122/25_graysc_pilevneli_mentalklinikcapture-8.jpg",media/a38ce53c7dfe205832af6ca2.jpg,saved,201296
"https://static-assets.artlogic.net/w_1600,h_1600,c_limit,f_auto,fl_lossy,q_auto/ws-pilevneli/usr/exhibitions/images/exhibitions/122/25_graysc_pilevneli_mentalklinikcapture-11.jpg",media/0c59f2efad8c3f4aa03d6f53.jpg,saved,137334
"https://static-assets.artlogic.net/w_1600,h_1600,c_limit,f_auto,fl_lossy,q_auto/ws-pilevneli/usr/exhibitions/images/exhibitions/122/25_graysc_pilevneli_mentalklinikcapture-7.jpg",media/1ba1f465dc7767160e5e6491.jpg,saved,207894
"https://static-assets.artlogic.net/w_1600,h_1600,c_limit,f_auto,fl_lossy,q_auto/ws-pilevneli/usr/exhibitions/images/exhibitions/122/25_graysc_pilevneli_mentalklinikcapture-9.jpg",media/82500ded950ab5694b9db730.jpg,saved,162022
"https://static-assets.artlogic.net/w_1600,h_1600,c_limit,f_auto,fl_lossy,q_auto/ws-pilevneli/usr/exhibitions/images/exhibitions/122/25_graysc_pilevneli_mentalklinikcapture-10.jpg",media/da43a4c337b73654924b9ca6.jpg,saved,118746
"https://static-assets.artlogic.net/w_1600,h_1600,c_limit,f_auto,fl_lossy,q_auto/ws-pilevneli/usr/exhibitions/images/exhibitions/122/25_graysc_pilevneli_mentalklinik_dsc4640.jpg",media/b579950e5646d6c46c5f9eb2.jpg,saved,76620
"https://static-assets.artlogic.net/w_1600,h_1600,c_limit,f_auto,fl_lossy,q_auto/ws-pilevneli/usr/exhibitions/images/exhibitions/122/_fev8570_1.jpg",media/77858d943260e60cf5e7d5cd.jpg,saved,74584
"https://static-assets.artlogic.net/w_1600,h_1600,c_limit,f_auto,fl_lossy,q_auto/ws-pilevneli/usr/images/exhibitions/group_images_override/122/mentalklinik_lunatic-poets8.jpg",media/8d343285f5e6bb6bf92c970a.jpg,saved,135752
"https://static-assets.artlogic.net/w_1600,h_1600,c_limit,f_auto,fl_lossy,q_auto/ws-pilevneli/usr/exhibitions/images/exhibitions/122/mentalklinik_lunatic-poets3-1-1-.jpg",media/e6d2b43d5276831441dcbc69.jpg,saved,215984
"https://static-assets.artlogic.net/w_1600,h_1600,c_limit,f_auto,fl_lossy,q_auto/ws-pilevneli/usr/images/exhibitions/images_and_objects/122/_fev8483_1.jpg",media/183fa82bc2a32bf9aeb11fbe.jpg,saved,48002
"https://static-assets.artlogic.net/w_1600,h_1600,c_limit,f_auto,fl_lossy,q_auto/ws-pilevneli/usr/exhibitions/images/exhibitions/122/25_graysc_pilevneli_mentalklinikcapture-3.jpg",media/d6dfa4d6a90c0f138090ef14.jpg,saved,118592
"https://static-assets.artlogic.net/w_1600,h_1600,c_limit,f_auto,fl_lossy,q_auto/ws-pilevneli/usr/images/exhibitions/images_and_objects/122/25_graysc_pilevneli_mentalklinik_dsc4727.jpg",media/954d630150103c69c9df6eb8.jpg,saved,97170
"https://static-assets.artlogic.net/w_1600,h_1600,c_limit,f_auto,fl_lossy,q_auto/ws-pilevneli/usr/images/exhibitions/images_and_objects/122/_fev8556.jpg",media/96113428b1cad72d4da1a697.jpg,saved,279326
"https://static-assets.artlogic.net/w_1600,h_1600,c_limit,f_auto,fl_lossy,q_auto/ws-pilevneli/usr/images/exhibitions/images_and_objects/122/25_graysc_pilevneli_mentalklinik_dsc4481.jpg",media/c39883085591dbbc8ea72545.jpg,saved,94100
"https://static-assets.artlogic.net/w_1600,h_1600,c_limit,f_auto,fl_lossy,q_auto/ws-pilevneli/usr/exhibitions/images/exhibitions/123/25_graysc_pilevneli_erdogan_churchcapture-1.jpg",media/ad39031f4690babc465bee53.jpg,saved,143926
"https://static-assets.artlogic.net/w_1600,h_1600,c_limit,f_auto,fl_lossy,q_auto/ws-pilevneli/usr/exhibitions/images/exhibitions/123/25_graysc_pilevneli_erdogan_churchcapture-10.jpg",media/3cd82c00107ff9da5f9b479c.jpg,saved,112676
"https://static-assets.artlogic.net/w_1600,h_1600,c_limit,f_auto,fl_lossy,q_auto/ws-pilevneli/usr/exhibitions/images/exhibitions/123/25_graysc_pilevneli_erdogan_churchcapture-5.jpg",media/a591d41e805f7338d9eb9d4b.jpg,saved,152014
"https://static-assets.artlogic.net/w_1600,h_1600,c_limit,f_auto,fl_lossy,q_auto/ws-pilevneli/usr/exhibitions/images/exhibitions/123/25_graysc_pilevneli_erdogan_churchcapture-4.jpg",media/3d744bb5c55e74388cbf621f.jpg,saved,147130
"https://static-assets.artlogic.net/w_1600,h_1600,c_limit,f_auto,fl_lossy,q_auto/ws-pilevneli/usr/exhibitions/images/exhibitions/123/25_graysc_pilevneli_erdogan_churchcapture-7.jpg",media/47d6ad761b289e763065ccb4.jpg,saved,118474
"https://static-assets.artlogic.net/w_1600,h_1600,c_limit,f_auto,fl_lossy,q_auto/ws-pilevneli/usr/exhibitions/images/exhibitions/123/25_graysc_pilevneli_erdogan_churchcapture-8.jpg",media/353eb0b0786a8eae8ed6e10f.jpg,saved,158158
"https://static-assets.artlogic.net/w_1600,h_1600,c_limit,f_auto,fl_lossy,q_auto/ws-pilevneli/usr/exhibitions/images/exhibitions/123/25_graysc_pilevneli_erdogan_churchcapture-2.jpg",media/9827d175c994af1f1761597b.jpg,saved,154380
"https://static-assets.artlogic.net/w_1600,h_1600,c_limit,f_auto,fl_lossy,q_auto/ws-pilevneli/usr/images/exhibitions/images_and_objects2/123/25_graysc_pilevneli_erdogan_churchcapture-23.33.09.jpg",media/60262efe77c06066237c9b8d.jpg,saved,150268
"https://static-assets.artlogic.net/w_1600,h_1600,c_limit,f_auto,fl_lossy,q_auto/ws-pilevneli/usr/exhibitions/images/exhibitions/123/25_graysc_pilevneli_erdogan_churchcapture-3.jpg",media/d421b013d35b7d2cdcc90337.jpg,saved,150266
"https://static-assets.artlogic.net/w_1600,h_1600,c_limit,f_auto,fl_lossy,q_auto/ws-pilevneli/usr/exhibitions/images/exhibitions/123/25_graysc_pilevneli_erdogan_churchcapture-12.jpg",media/344ebaf5e6bc66cedf68e431.jpg,saved,101256
"https://static-assets.artlogic.net/w_1600,h_1600,c_limit,f_auto,fl_lossy,q_auto/ws-pilevneli/usr/exhibitions/images/exhibitions/123/25_graysc_pilevneli_erdogan_churchcapture-9.jpg",media/66b9efeb1144531cac636b79.jpg,saved,168452
"https://static-assets.artlogic.net/w_1600,h_1600,c_limit,f_auto,fl_lossy,q_auto/ws-pilevneli/usr/exhibitions/images/exhibitions/123/25_graysc_pilevneli_erdogan_churchcapture-11.jpg",media/b47aceba4e00a053e1891dfa.jpg,saved,112682
"https://static-assets.artlogic.net/w_1600,h_1600,c_limit,f_auto,fl_lossy,q_auto/ws-pilevneli/usr/exhibitions/images/exhibitions/123/25_graysc_pilevneli_erdogan_churchcapture-13.jpg",media/dfef125d1a59cd2c0769a979.jpg,saved,105346
"https://static-assets.artlogic.net/w_1600,h_1600,c_limit,f_auto,fl_lossy,q_auto/ws-pilevneli/usr/images/exhibitions/group_images_override/123/25_graysc_pilevneli_erdogan_churchcapture-5.jpg",media/eee2798340b698fbc22206fd.jpg,saved,119170
"https://static-assets.artlogic.net/w_1600,h_1600,c_limit,f_auto,fl_lossy,q_auto/ws-pilevneli/usr/exhibitions/images/exhibitions/123/i-brahim-in-hic-mi-suc-u-yok-i-_-has-abraham-no-single-fault__2019_tuval-u-zerine-yag-l-boya-_-oil-on-canvas_450-x-330-cm.jpg",media/6f43c9c4f394ad41989a1aa6.jpg,saved,230054
"https://static-assets.artlogic.net/w_1600,h_1600,c_limit,f_auto,fl_lossy,q_auto/ws-pilevneli/usr/images/exhibitions/images_and_objects/123/sana-da-m-so-ylemediler-_-didn-t-they-tell-you-either__2017_tuval-u-zerine-yag-l-boya-_-oil-on-canvas_300-x-425-cm-1-.jpg",media/0aa0565f95fd16c85c5a2326.jpg,saved,174002
"https://static-assets.artlogic.net/w_1600,h_1600,c_limit,f_auto,fl_lossy,q_auto/ws-pilevneli/usr/exhibitions/images/exhibitions/123/bets-are-closed..-2020_oil-on-canvas_250-x-180-cm_-ez39-.jpg",media/4de8a67da187d1cfd66cb1b9.jpg,saved,86202
"https://static-assets.artlogic.net/w_1600,h_1600,c_limit,f_auto,fl_lossy,q_auto/ws-pilevneli/usr/images/exhibitions/images_and_objects/123/tarih-mele-i-_-angel-of-history_2019_tuval-zerine-ya-l-boya-_-oil-on-canvas_300-x-220-cm.jpg",media/00286076cf53f39c0b25bb8e.jpg,saved,353814
"https://static-assets.artlogic.net/w_1600,h_1600,c_limit,f_auto,fl_lossy,q_auto/ws-pilevneli/usr/exhibitions/images/exhibitions/123/tehdit-ve-mugalata-i-_-threat-and-fallacy-i_tuval-u-zerine-yag-l-boya-_-oil-on-canvas_300-x-225-cm.jpg",media/afada3e77e4490ed1c457483.jpg,saved,333166
"https://static-assets.artlogic.net/w_1600,h_1600,c_limit,f_auto,fl_lossy,q_auto/ws-pilevneli/usr/exhibitions/images/exhibitions/123/kefaret-tribi-i-_-attitudinizing-penance-i_2018_tuval-u-zerine-yag-l-boya-_-oil-on-canvas_300-x-225-cm.jpg",media/19d0286589559a7c5ac44748.jpg,saved,226506
"https://static-assets.artlogic.net/w_1600,h_1600,c_limit,f_auto,fl_lossy,q_auto/ws-pilevneli/usr/exhibitions/images/exhibitions/123/kefaret-tribi-iii_attitudinizing-penance-iii_2018_tuval-u-zerine-yag-l-boya-_-oil-on-canvas_300-x-225-cm.jpg",media/1e4083dad36285df02c38879.jpg,saved,174838
"https://static-assets.artlogic.net/w_1600,h_1600,c_limit,f_auto,fl_lossy,q_auto/ws-pilevneli/usr/exhibitions/images/exhibitions/123/modules-for-unknown-composition-i-2022_patinated-bronze_74-x-40-x-46-cm_-ez05-_01.jpg",media/2b4ce5fc89d4898bfb18e341.jpg,saved,84146
"https://static-assets.artlogic.net/w_1600,h_1600,c_limit,f_auto,fl_lossy,q_auto/ws-pilevneli/usr/exhibitions/images/exhibitions/123/mec-hul-o-g-renci-an-t-i-c-in-moduller-iii-_-modules-for-unknown-composition-iii-2022_patine-bronz-_-patinated-bronze_88-x-44-x-46-cm_ez06_06.jpg",media/3113d5fcd6b321d76f5b6da1.jpg,saved,117058
"https://static-assets.artlogic.net/w_1600,h_1600,c_limit,f_auto,fl_lossy,q_auto/ws-pilevneli/usr/exhibitions/images/exhibitions/123/erdog-an-zu-mru-tog-lu_tba-2022_patinated-bronze.jpg",media/bc38a2eb20f001a2ca4f0181.jpg,saved,85564
"https://static-assets.artlogic.net/w_1600,h_1600,c_limit,f_auto,fl_lossy,q_auto/ws-pilevneli/usr/exhibitions/images/exhibitions/123/erdog-an-zu-mru-tog-lu_expected-man-i_2023_patinated-bronze_200-x-120-x-85-cm.jpg",media/794107f1c7e4930b93411aee.jpg,saved,63448
"https://static-assets.artlogic.net/w_1600,h_1600,c_limit,f_auto,fl_lossy,q_auto/ws-pilevneli/usr/exhibitions/images/exhibitions/123/expected-man-ii-2023_patinated-bronze_200-x-120-x-85-cm.jpg",media/0f4b713191e2a5ac4a62e7ad.jpg,saved,47352
"https://static-assets.artlogic.net/w_1600,h_1600,c_limit,f_auto,fl_lossy,q_auto/ws-pilevneli/usr/images/exhibitions/group_images_override/125/almost_surprised_3.jpeg",media/a6501f7b4dfad5d3b9aa6a80.jpeg,saved,190576
"https://static-assets.artlogic.net/w_1600,h_1600,c_limit,f_auto,fl_lossy,q_auto/ws-pilevneli/usr/exhibitions/images/exhibitions/129/5.jpg",media/3751181d022341ed6c1803e9.jpg,saved,197692
"https://static-assets.artlogic.net/w_1600,h_1600,c_limit,f_auto,fl_lossy,q_auto/ws-pilevneli/usr/exhibitions/images/exhibitions/129/6.jpg",media/f8c78c324fee1de01a892199.jpg,saved,197896
"https://static-assets.artlogic.net/w_1600,h_1600,c_limit,f_auto,fl_lossy,q_auto/ws-pilevneli/usr/exhibitions/images/exhibitions/129/pilevneligallery_ryangander_113286.jpg",media/d471d91c3a983466ea8b1cee.jpg,saved,40188
"https://static-assets.artlogic.net/w_1600,h_1600,c_limit,f_auto,fl_lossy,q_auto/ws-pilevneli/usr/exhibitions/images/exhibitions/129/4.jpg",media/0f867e8fcc4886e4bc77e23b.jpg,saved,103060
"https://static-assets.artlogic.net/w_1600,h_1600,c_limit,f_auto,fl_lossy,q_auto/ws-pilevneli/usr/exhibitions/images/exhibitions/129/2.jpg",media/e29ecac2b03e0a976362e13a.jpg,saved,41478
"https://static-assets.artlogic.net/w_1600,h_1600,c_limit,f_auto,fl_lossy,q_auto/ws-pilevneli/usr/exhibitions/images/exhibitions/129/1.jpg",media/d50ee33703c96ce727c4f7a1.jpg,saved,104432
"https://static-assets.artlogic.net/w_1600,h_1600,c_limit,f_auto,fl_lossy,q_auto/ws-pilevneli/usr/exhibitions/images/exhibitions/129/3.jpg",media/a307415f9738d323db0a1e6b.jpg,saved,241976
"https://static-assets.artlogic.net/w_1600,h_1600,c_limit,f_auto,fl_lossy,q_auto/ws-pilevneli/usr/exhibitions/images/exhibitions/129/pilevneligallery_ryangander_113217.jpg",media/3140d8b041cbb521f34634eb.jpg,saved,287856
"https://static-assets.artlogic.net/w_1600,h_1600,c_limit,f_auto,fl_lossy,q_auto/ws-pilevneli/usr/exhibitions/images/exhibitions/129/14.jpg",media/65134f4c7581f94b3d5c2492.jpg,saved,243042
"https://static-assets.artlogic.net/w_1600,h_1600,c_limit,f_auto,fl_lossy,q_auto/ws-pilevneli/usr/exhibitions/images/exhibitions/129/15.jpg",media/91d5c797eeeef9c7c46c80f4.jpg,saved,139032
"https://static-assets.artlogic.net/w_1600,h_1600,c_limit,f_auto,fl_lossy,q_auto/ws-pilevneli/usr/exhibitions/images/exhibitions/129/pilevneligallery_ryangander_113228.jpg",media/6daa04fe9677be47d18152b7.jpg,saved,110990
"https://static-assets.artlogic.net/w_1600,h_1600,c_limit,f_auto,fl_lossy,q_auto/ws-pilevneli/usr/exhibitions/images/exhibitions/129/pilevneligallery_ryangander_113215.jpg",media/a3cc75116a9c336431a34a4c.jpg,saved,146292
"https://static-assets.artlogic.net/w_1600,h_1600,c_limit,f_auto,fl_lossy,q_auto/ws-pilevneli/usr/exhibitions/images/exhibitions/129/16.jpg",media/45915c3d0ef0e53cb8a2ed55.jpg,saved,148984
"https://static-assets.artlogic.net/w_1600,h_1600,c_limit,f_auto,fl_lossy,q_auto/ws-pilevneli/usr/exhibitions/images/exhibitions/129/pilevneligallery_ryangander_113232.jpg",media/2214062053d34a2d2707402f.jpg,saved,137070
"https://static-assets.artlogic.net/w_1600,h_1600,c_limit,f_auto,fl_lossy,q_auto/ws-pilevneli/usr/exhibitions/images/exhibitions/129/13.jpg",media/c9bf5282c67edc010ab6d6f2.jpg,saved,145940
"https://static-assets.artlogic.net/w_1600,h_1600,c_limit,f_auto,fl_lossy,q_auto/ws-pilevneli/usr/exhibitions/images/exhibitions/129/pilevneligallery_ryangander_113238.jpg",media/51b3b64b7bcac38ae3425ea9.jpg,saved,131230
"https://static-assets.artlogic.net/w_1600,h_1600,c_limit,f_auto,fl_lossy,q_auto/ws-pilevneli/usr/exhibitions/images/exhibitions/129/12.jpg",media/4dd18b659cdb4fdb411ba891.jpg,saved,196576
"https://static-assets.artlogic.net/w_1600,h_1600,c_limit,f_auto,fl_lossy,q_auto/ws-pilevneli/usr/exhibitions/images/exhibitions/129/pilevneligallery_ryangander_113207.jpg",media/f23607a7c7fa96d813df7a50.jpg,saved,160930
"https://static-assets.artlogic.net/w_1600,h_1600,c_limit,f_auto,fl_lossy,q_auto/ws-pilevneli/usr/exhibitions/images/exhibitions/129/11.jpg",media/cf8baf1a1b70f73e540ab986.jpg,saved,136506
"https://static-assets.artlogic.net/w_1600,h_1600,c_limit,f_auto,fl_lossy,q_auto/ws-pilevneli/usr/exhibitions/images/exhibitions/129/10.jpg",media/069eb1591a8eee11f5d444d2.jpg,saved,101738
"https://static-assets.artlogic.net/w_1600,h_1600,c_limit,f_auto,fl_lossy,q_auto/ws-pilevneli/usr/exhibitions/images/exhibitions/129/8.jpg",media/bed1d15445ca74311dd1dc2c.jpg,saved,112594
"https://static-assets.artlogic.net/w_1600,h_1600,c_limit,f_auto,fl_lossy,q_auto/ws-pilevneli/usr/exhibitions/images/exhibitions/129/9.jpg",media/75ed84d3c9a755cac40d93b2.jpg,saved,150462
"https://static-assets.artlogic.net/w_1600,h_1600,c_limit,f_auto,fl_lossy,q_auto/ws-pilevneli/usr/exhibitions/images/exhibitions/129/pilevneligallery_ryangander_113269.jpg",media/f148a1c2d494646d7001f110.jpg,saved,92850
"https://static-assets.artlogic.net/w_1600,h_1600,c_limit,f_auto,fl_lossy,q_auto/ws-pilevneli/usr/exhibitions/images/exhibitions/129/pilevneligallery_ryangander_113257.jpg",media/c80e24439127ca1ee2f7ce42.jpg,saved,80318
"https://static-assets.artlogic.net/w_1600,h_1600,c_limit,f_auto,fl_lossy,q_auto/ws-pilevneli/usr/exhibitions/images/exhibitions/129/pilevneligallery_ryangander_113259.jpg",media/5db58b10f863265280ccae23.jpg,saved,109178
"https://static-assets.artlogic.net/w_1600,h_1600,c_limit,f_auto,fl_lossy,q_auto/ws-pilevneli/usr/exhibitions/images/exhibitions/129/pilevneligallery_ryangander_113255.jpg",media/4d8cc9fb0c963da315feb585.jpg,saved,109932
"https://static-assets.artlogic.net/w_1600,h_1600,c_limit,f_auto,fl_lossy,q_auto/ws-pilevneli/usr/exhibitions/images/exhibitions/129/pilevneligallery_ryangander_113249.jpg",media/9fab6239840e2e0380d8dcba.jpg,saved,132448
"https://static-assets.artlogic.net/w_1600,h_1600,c_limit,f_auto,fl_lossy,q_auto/ws-pilevneli/usr/exhibitions/images/exhibitions/129/pilevneligallery_ryangander_113243.jpg",media/2b1107ff919b994fc5a89afc.jpg,saved,132286
"https://static-assets.artlogic.net/w_1600,h_1600,c_limit,f_auto,fl_lossy,q_auto/ws-pilevneli/usr/exhibitions/images/exhibitions/129/pilevneligallery_ryangander_113234.jpg",media/a32f00b27643a36506387cf4.jpg,saved,150976
"https://static-assets.artlogic.net/w_1600,h_1600,c_limit,f_auto,fl_lossy,q_auto/ws-pilevneli/usr/exhibitions/images/exhibitions/129/pilevneligallery_ryangander_113263.jpg",media/7798814e229032702da31942.jpg,saved,266750
"https://static-assets.artlogic.net/w_1600,h_1600,c_limit,f_auto,fl_lossy,q_auto/ws-pilevneli/usr/exhibitions/images/exhibitions/129/7.jpg",media/9755947085cd85a50ceea5d9.jpg,saved,76618
"https://static-assets.artlogic.net/w_1600,h_1600,c_limit,f_auto,fl_lossy,q_auto/ws-pilevneli/usr/images/exhibitions/group_images_override/129/istanbul_2025_ryan-gander_01.jpg",media/16013c8f9e787377684c8ccf.jpg,saved,50554
"https://static-assets.artlogic.net/w_1600,h_1600,c_limit,f_auto,fl_lossy,q_auto/ws-pilevneli/usr/exhibitions/images/exhibitions/13/_10012son.gif",media/6a4502fef4310574a56935e5.gif,saved,1347104
"https://static-assets.artlogic.net/w_1600,h_1600,c_limit,f_auto,fl_lossy,q_auto/ws-pilevneli/usr/exhibitions/images/exhibitions/13/_10005.gif",media/aa9c274de5224dbdd9d2b103.gif,saved,915174
"https://static-assets.artlogic.net/w_1600,h_1600,c_limit,f_auto,fl_lossy,q_auto/ws-pilevneli/usr/exhibitions/images/exhibitions/13/_10014.gif",media/db8618ccf3c218584e2c88c6.gif,saved,609906
"https://static-assets.artlogic.net/w_1600,h_1600,c_limit,f_auto,fl_lossy,q_auto/ws-pilevneli/usr/exhibitions/images/exhibitions/13/_10021.gif",media/5b68dac1dc8b615fda3ee5be.gif,saved,677580
"https://static-assets.artlogic.net/w_1600,h_1600,c_limit,f_auto,fl_lossy,q_auto/ws-pilevneli/usr/exhibitions/images/exhibitions/13/_10013.gif",media/28ced4dff149222add746df4.gif,saved,589436
"https://static-assets.artlogic.net/w_1600,h_1600,c_limit,f_auto,fl_lossy,q_auto/ws-pilevneli/usr/exhibitions/images/exhibitions/13/_10010.gif",media/069c85ba98f047fef03f4ec2.gif,saved,704240
"https://static-assets.artlogic.net/w_1600,h_1600,c_limit,f_auto,fl_lossy,q_auto/ws-pilevneli/usr/images/exhibitions/group_images_override/13/10_whereto_nereye.jpg",media/d46c253d972141f04aa20d93.jpg,saved,118850
"https://static-assets.artlogic.net/w_1600,h_1600,c_limit,f_auto,fl_lossy,q_auto/ws-pilevneli/usr/exhibitions/images/exhibitions/13/01_standtallandstong_dikvegucludur.gif",media/b232899139c11e3bb4647658.gif,saved,671940
"https://static-assets.artlogic.net/w_1600,h_1600,c_limit,f_auto,fl_lossy,q_auto/ws-pilevneli/usr/exhibitions/images/exhibitions/13/11_dontgofurther_ilerigitme.gif",media/826a7cbe6e947d9f42f4269a.gif,saved,334442
"https://static-assets.artlogic.net/w_1600,h_1600,c_limit,f_auto,fl_lossy,q_auto/ws-pilevneli/usr/exhibitions/images/exhibitions/13/02_passthrough_i-cindengec.gif",media/bcb7823af8a30eb8c4fe1021.gif,saved,230942
"https://static-assets.artlogic.net/w_1600,h_1600,c_limit,f_auto,fl_lossy,q_auto/ws-pilevneli/usr/exhibitions/images/exhibitions/13/03_heartbeatoftheworld_kalpatisi.gif",media/8d2277334d4ad9dbd1295726.gif,saved,255913
"https://static-assets.artlogic.net/w_1600,h_1600,c_limit,f_auto,fl_lossy,q_auto/ws-pilevneli/usr/exhibitions/images/exhibitions/13/04_throwaring_halkaoyunu.gif",media/cff79623530886e61b7e6ab8.gif,saved,777578
"https://static-assets.artlogic.net/w_1600,h_1600,c_limit,f_auto,fl_lossy,q_auto/ws-pilevneli/usr/exhibitions/images/exhibitions/13/05_followmysteps_adimlarimitakipet.gif",media/11322a9d5e21321bae89e7f6.gif,saved,662372
"https://static-assets.artlogic.net/w_1600,h_1600,c_limit,f_auto,fl_lossy,q_auto/ws-pilevneli/usr/exhibitions/images/exhibitions/13/06_destinationreached_hedefeulasildi.gif",media/5095ce52d1297f05e72d7741.gif,saved,417743
"https://static-assets.artlogic.net/w_1600,h_1600,c_limit,f_auto,fl_lossy,q_auto/ws-pilevneli/usr/exhibitions/images/exhibitions/13/08_letsgetmarriedshesaidyes_evlenelimmievet.gif",media/ec344a1abdb8e082a90d245b.gif,saved,309466
"https://static-assets.artlogic.net/w_1600,h_1600,c_limit,f_auto,fl_lossy,q_auto/ws-pilevneli/usr/exhibitions/images/exhibitions/13/10_whereto_nereye.gif",media/d16ed5edad0eeb6c07071e42.gif,saved,856219
"https://static-assets.artlogic.net/w_1600,h_1600,c_limit,f_auto,fl_lossy,q_auto/ws-pilevneli/usr/exhibitions/images/exhibitions/13/09_necklace_gerdanl-k.gif",media/83cb981dc0532e7f60ae7e78.gif,saved,809092
"https://static-assets.artlogic.net/w_1600,h_1600,c_limit,f_auto,fl_lossy,q_auto/ws-pilevneli/usr/exhibitions/images/exhibitions/13/07_aloof_yalniz.gif",media/8be3362d9c18300d2194f912.gif,saved,750632
"https://static-assets.artlogic.net/w_1600,h_1600,c_limit,f_auto,fl_lossy,q_auto/ws-pilevneli/usr/exhibitions/images/exhibitions/13/12_icantwaittoseeyou_senigormekicinsabirsizlaniyorum.gif",media/99b64ce87a15f0b497b29845.gif,saved,604801
"https://static-assets.artlogic.net/w_1600,h_1600,c_limit,f_auto,fl_lossy,q_auto/ws-pilevneli/usr/exhibitions/images/exhibitions/13/14_firstgatetoheaven_cennetkapisi.gif",media/d497fe732e0a1c0fb9986558.gif,saved,418111
"https://static-assets.artlogic.net/w_1600,h_1600,c_limit,f_auto,fl_lossy,q_auto/ws-pilevneli/usr/exhibitions/images/exhibitions/13/13_matches_kibrit.gif",media/627e1dffba030bad24490bf6.gif,saved,812962
"https://static-assets.artlogic.net/w_1600,h_1600,c_limit,f_auto,fl_lossy,q_auto/ws-pilevneli/usr/images/exhibitions/group_images_override/130/77aaccc1-993e-4cf5-b467-c72ab979d495-2.jpg",media/d1a7dbbb2200cdae17627a93.jpg,saved,439818
"https://static-assets.artlogic.net/w_1600,h_1600,c_limit,f_auto,fl_lossy,q_auto/ws-pilevneli/usr/exhibitions/images/exhibitions/132/_t7a5941.jpg",media/e55f452646546ee6bf3683d0.jpg,saved,77002
"https://static-assets.artlogic.net/w_1600,h_1600,c_limit,f_auto,fl_lossy,q_auto/ws-pilevneli/usr/exhibitions/images/exhibitions/132/_t7a6007.jpg",media/a1dcde7dca59380c0bbce09a.jpg,saved,81556
"https://static-assets.artlogic.net/w_1600,h_1600,c_limit,f_auto,fl_lossy,q_auto/ws-pilevneli/usr/exhibitions/images/exhibitions/132/_t7a6079.jpg",media/ff66736fc42e6ba8e5e79077.jpg,saved,81114
"https://static-assets.artlogic.net/w_1600,h_1600,c_limit,f_auto,fl_lossy,q_auto/ws-pilevneli/usr/exhibitions/images/exhibitions/132/_t7a6159.jpg",media/164674b9af2009acba69c1d6.jpg,saved,124938
"https://static-assets.artlogic.net/w_1600,h_1600,c_limit,f_auto,fl_lossy,q_auto/ws-pilevneli/usr/exhibitions/images/exhibitions/132/_t7a6137.jpg",media/c5af67b604b5ef4b9ca3205b.jpg,saved,90230
"https://static-assets.artlogic.net/w_1600,h_1600,c_limit,f_auto,fl_lossy,q_auto/ws-pilevneli/usr/exhibitions/images/exhibitions/132/_t7a6153.jpg",media/9a4f865842eec55735f54aac.jpg,saved,123424
"https://static-assets.artlogic.net/w_1600,h_1600,c_limit,f_auto,fl_lossy,q_auto/ws-pilevneli/usr/exhibitions/images/exhibitions/132/_t7a6140.jpg",media/82bc00a122cfcb9044750b22.jpg,saved,43650
"https://static-assets.artlogic.net/w_1600,h_1600,c_limit,f_auto,fl_lossy,q_auto/ws-pilevneli/usr/exhibitions/images/exhibitions/132/_t7a6168.jpg",media/5afbd5fc1f851c24698515f5.jpg,saved,154188
"https://static-assets.artlogic.net/w_1600,h_1600,c_limit,f_auto,fl_lossy,q_auto/ws-pilevneli/usr/exhibitions/images/exhibitions/132/_t7a6177.jpg",media/e144d255fa76d531943641cd.jpg,saved,61718
"https://static-assets.artlogic.net/w_1600,h_1600,c_limit,f_auto,fl_lossy,q_auto/ws-pilevneli/usr/exhibitions/images/exhibitions/132/_t7a6201.jpg",media/3100e8df272da67bbac6994e.jpg,saved,87276
"https://static-assets.artlogic.net/w_1600,h_1600,c_limit,f_auto,fl_lossy,q_auto/ws-pilevneli/usr/exhibitions/images/exhibitions/132/_t7a6222.jpg",media/837beb852a5420bc0cd09bd8.jpg,saved,81674
"https://static-assets.artlogic.net/w_1600,h_1600,c_limit,f_auto,fl_lossy,q_auto/ws-pilevneli/usr/exhibitions/images/exhibitions/132/_t7a6237.jpg",media/e8aa4da96569bf50a63dc867.jpg,saved,36932
"https://static-assets.artlogic.net/w_1600,h_1600,c_limit,f_auto,fl_lossy,q_auto/ws-pilevneli/usr/exhibitions/images/exhibitions/132/_t7a6240.jpg",media/24d4b642e5ac7602a3085bf7.jpg,saved,82714
"https://static-assets.artlogic.net/w_1600,h_1600,c_limit,f_auto,fl_lossy,q_auto/ws-pilevneli/usr/exhibitions/images/exhibitions/132/_t7a6311.jpg",media/3fd116502dd180198f298315.jpg,saved,22914
"https://static-assets.artlogic.net/w_1600,h_1600,c_limit,f_auto,fl_lossy,q_auto/ws-pilevneli/usr/exhibitions/images/exhibitions/132/_t7a6369.jpg",media/1be877e447df2f538295508f.jpg,saved,27342
"https://static-assets.artlogic.net/w_1600,h_1600,c_limit,f_auto,fl_lossy,q_auto/ws-pilevneli/usr/exhibitions/images/exhibitions/132/_t7a6232.jpg",media/016159be02ec77778f989adb.jpg,saved,278890
"https://static-assets.artlogic.net/w_1600,h_1600,c_limit,f_auto,fl_lossy,q_auto/ws-pilevneli/usr/exhibitions/images/exhibitions/132/_t7a6158.jpg",media/cfe164e32d1ec3a0a9a6148d.jpg,saved,120312
"https://static-assets.artlogic.net/w_1600,h_1600,c_limit,f_auto,fl_lossy,q_auto/ws-pilevneli/usr/exhibitions/images/exhibitions/132/_t7a6139.jpg",media/95c83f43f2fb6a7141520d8f.jpg,saved,116834
"https://static-assets.artlogic.net/w_1600,h_1600,c_limit,f_auto,fl_lossy,q_auto/ws-pilevneli/usr/exhibitions/images/exhibitions/132/whatsapp-image-2026-04-22-at-16.18.58-copy.jpeg",media/456e4cdcefd97907391a17e3.jpeg,saved,100772
"https://static-assets.artlogic.net/w_1600,h_1600,c_limit,f_auto,fl_lossy,q_auto/ws-pilevneli/usr/images/exhibitions/group_images_override/132/the_dead_fly.jpeg",media/235d6fa86eb883484712cafe.jpeg,saved,422386
"https://static-assets.artlogic.net/w_1600,h_1600,c_limit,f_auto,fl_lossy,q_auto/ws-pilevneli/usr/exhibitions/images/exhibitions/132/13_dsc05943-grande.jpeg",media/525f1952e43bde2e8038c06d.jpeg,saved,28052
"https://static-assets.artlogic.net/w_1600,h_1600,c_limit,f_auto,fl_lossy,q_auto/ws-pilevneli/usr/exhibitions/images/exhibitions/132/img_5680-grande.jpeg",media/b2d46f76a8edcbb95a4a3a43.jpeg,saved,18428
"https://static-assets.artlogic.net/w_1600,h_1600,c_limit,f_auto,fl_lossy,q_auto/ws-pilevneli/usr/exhibitions/images/exhibitions/132/_dsc0562.jpg",media/2f6dac7111fbe2f49e96926b.jpg,saved,95886
"https://static-assets.artlogic.net/w_1600,h_1600,c_limit,f_auto,fl_lossy,q_auto/ws-pilevneli/usr/exhibitions/images/exhibitions/132/_dsc8919-copie-grande.jpeg",media/ce827c344c216b9e4d2d92a3.jpeg,saved,16918
"https://static-assets.artlogic.net/w_1600,h_1600,c_limit,f_auto,fl_lossy,q_auto/ws-pilevneli/usr/exhibitions/images/exhibitions/132/img_5587-grande.jpeg",media/8f9e80992d734c7fc7ceed51.jpeg,saved,71968
"https://static-assets.artlogic.net/w_1600,h_1600,c_limit,f_auto,fl_lossy,q_auto/ws-pilevneli/usr/exhibitions/images/exhibitions/132/johan-creten-la-mouche-morte-jardin-des-plantes-le-voyage-a-nantes-2023-martin-argyroglo-_-lvan-grande.jpeg",media/e7b24f33fca7b1031dac6a71.jpeg,saved,263072
"https://static-assets.artlogic.net/w_1600,h_1600,c_limit,f_auto,fl_lossy,q_auto/ws-pilevneli/usr/exhibitions/images/exhibitions/132/_dsc8967-copie.jpg",media/ece265e274d9e6b2220bcb5f.jpg,saved,21686
"https://static-assets.artlogic.net/w_1600,h_1600,c_limit,f_auto,fl_lossy,q_auto/ws-pilevneli/usr/exhibitions/images/exhibitions/132/img_6082-copie-grande.jpeg",media/ea10c3105e4e6141d76dd728.jpeg,saved,36054
"https://static-assets.artlogic.net/w_1600,h_1600,c_limit,f_auto,fl_lossy,q_auto/ws-pilevneli/usr/exhibitions/images/exhibitions/132/img_6090-copie-grande.jpeg",media/83491af7afcac5422d21cbd1.jpeg,saved,29262
"https://static-assets.artlogic.net/w_1600,h_1600,c_limit,f_auto,fl_lossy,q_auto/ws-pilevneli/usr/exhibitions/images/exhibitions/132/img_6073-copie.jpg",media/d091c7ad8eba1c0a4880dc0a.jpg,saved,52416
"https://static-assets.artlogic.net/w_1600,h_1600,c_limit,f_auto,fl_lossy,q_auto/ws-pilevneli/usr/exhibitions/images/exhibitions/132/img_560-grande.jpeg",media/1b68305c705b3bd52e7cb425.jpeg,saved,38356
"https://static-assets.artlogic.net/w_1600,h_1600,c_limit,f_auto,fl_lossy,q_auto/ws-pilevneli/usr/exhibitions/images/exhibitions/132/img_5698-grande.jpeg",media/372ad269b6fae7f3005cdcfe.jpeg,saved,41832
"https://static-assets.artlogic.net/w_1600,h_1600,c_limit,f_auto,fl_lossy,q_auto/ws-pilevneli/usr/exhibitions/images/exhibitions/132/img_6130-copie-grande.jpeg",media/b8c9e036dd7ccb2802993436.jpeg,saved,37212
"https://static-assets.artlogic.net/w_1600,h_1600,c_limit,f_auto,fl_lossy,q_auto/ws-pilevneli/usr/exhibitions/images/exhibitions/132/_dsc0535.jpg",media/b0baeaab09a04c21bbf570c5.jpg,saved,176198
"https://static-assets.artlogic.net/w_1600,h_1600,c_limit,f_auto,fl_lossy,q_auto/ws-pilevneli/usr/exhibitions/images/exhibitions/132/_dsc3960-grande.jpeg",media/7c957cfed2e12329747abb97.jpeg,saved,89284
"https://static-assets.artlogic.net/w_1600,h_1600,c_limit,f_auto,fl_lossy,q_auto/ws-pilevneli/usr/exhibitions/images/exhibitions/132/img_6138-copie-grande.jpeg",media/df018f1eec633ffda32621c6.jpeg,saved,69272
"https://static-assets.artlogic.net/w_1600,h_1600,c_limit,f_auto,fl_lossy,q_auto/ws-pilevneli/usr/exhibitions/images/exhibitions/132/img_5708.jpg",media/6b8b139c90456eb3a5d5284b.jpg,saved,59478
"https://static-assets.artlogic.net/w_1600,h_1600,c_limit,f_auto,fl_lossy,q_auto/ws-pilevneli/usr/exhibitions/images/exhibitions/132/img_5720.jpg",media/ee833e281a22b73aeec4380f.jpg,saved,40398
"https://static-assets.artlogic.net/w_1600,h_1600,c_limit,f_auto,fl_lossy,q_auto/ws-pilevneli/usr/exhibitions/images/exhibitions/132/img_5583-grande.jpeg",media/34c0de6687c2b63f75ea5489.jpeg,saved,59514
"https://static-assets.artlogic.net/w_1600,h_1600,c_limit,f_auto,fl_lossy,q_auto/ws-pilevneli/usr/exhibitions/images/exhibitions/132/img_5572-grande.jpeg",media/ab176b3e211324fdb17b3902.jpeg,saved,65210
"https://static-assets.artlogic.net/w_1600,h_1600,c_limit,f_auto,fl_lossy,q_auto/ws-pilevneli/usr/exhibitions/images/exhibitions/132/img_5662.jpg",media/48bc41f8ab06eb8f6ca642b6.jpg,saved,70990
"https://static-assets.artlogic.net/w_1600,h_1600,c_limit,f_auto,fl_lossy,q_auto/ws-pilevneli/usr/exhibitions/images/exhibitions/132/img_5692-grande.jpeg",media/9cae58b18c9dcaf5d1c50e9f.jpeg,saved,47422
"https://static-assets.artlogic.net/w_1600,h_1600,c_limit,f_auto,fl_lossy,q_auto/ws-pilevneli/usr/exhibitions/images/exhibitions/132/ac-grande.jpeg",media/091cc4952e596a8dfda3d784.jpeg,saved,44150
"https://static-assets.artlogic.net/w_1600,h_1600,c_limit,f_auto,fl_lossy,q_auto/ws-pilevneli/usr/exhibitions/images/exhibitions/132/jc0062_9951-grande.jpeg",media/cd8793646c416b71408d62f2.jpeg,saved,24096
"https://static-assets.artlogic.net/w_1600,h_1600,c_limit,f_auto,fl_lossy,q_auto/ws-pilevneli/usr/exhibitions/images/exhibitions/132/img_5650-grande.jpeg",media/28223b234844199cc11b3fcc.jpeg,saved,44470
"https://static-assets.artlogic.net/w_1600,h_1600,c_limit,f_auto,fl_lossy,q_auto/ws-pilevneli/usr/exhibitions/images/exhibitions/132/jc_glory-the-eternal-bloom-2024-2025_gold-luster-on-glazed-stoneware_unique_-h-96-x-72-x-15-cm-_-42-kg.jpg",media/7a624c662fc22822706d7d64.jpg,saved,195370
"https://static-assets.artlogic.net/w_1600,h_1600,c_limit,f_auto,fl_lossy,q_auto/ws-pilevneli/usr/images/exhibitions/group_images_override/133/still-from-the-animation-film-mask-.jpeg",media/560557034146fd89992c59ef.jpeg,saved,29498
"https://static-assets.artlogic.net/w_1600,h_1600,c_limit,f_auto,fl_lossy,q_auto/ws-pilevneli/usr/exhibitions/images/exhibitions/14/inst3.gif",media/2d8fdda3768f704378e9aa5c.gif,saved,822464
"https://static-assets.artlogic.net/w_1600,h_1600,c_limit,f_auto,fl_lossy,q_auto/ws-pilevneli/usr/exhibitions/images/exhibitions/14/inst1.1.gif",media/008a7d6732139c524e9ef99b.gif,saved,712458
"https://static-assets.artlogic.net/w_1600,h_1600,c_limit,f_auto,fl_lossy,q_auto/ws-pilevneli/usr/exhibitions/images/exhibitions/14/inst1.gif",media/de6ef33db2a81ab1bf9e45ec.gif,saved,732219
"https://static-assets.artlogic.net/w_1600,h_1600,c_limit,f_auto,fl_lossy,q_auto/ws-pilevneli/usr/exhibitions/images/exhibitions/14/inst4.gif",media/94a5a286839a3795f552ed93.gif,saved,756714
"https://static-assets.artlogic.net/w_1600,h_1600,c_limit,f_auto,fl_lossy,q_auto/ws-pilevneli/usr/exhibitions/images/exhibitions/14/inst5.gif",media/407dfe98b49f35ad5d325c69.gif,saved,792498
"https://static-assets.artlogic.net/w_1600,h_1600,c_limit,f_auto,fl_lossy,q_auto/ws-pilevneli/usr/exhibitions/images/exhibitions/14/inst6.gif",media/12d9d15f40424b4e632cb6d5.gif,saved,1170960
"https://static-assets.artlogic.net/w_1600,h_1600,c_limit,f_auto,fl_lossy,q_auto/ws-pilevneli/usr/exhibitions/images/exhibitions/14/isnt7.gif",media/5104bbf656134a1c4ec56da0.gif,saved,725219
"https://static-assets.artlogic.net/w_1600,h_1600,c_limit,f_auto,fl_lossy,q_auto/ws-pilevneli/usr/exhibitions/images/exhibitions/14/inst8.gif",media/76d6f6e4a743a29cbf14dc61.gif,saved,790292
"https://static-assets.artlogic.net/w_1600,h_1600,c_limit,f_auto,fl_lossy,q_auto/ws-pilevneli/usr/exhibitions/images/exhibitions/14/inst9.gif",media/995a3adba36aec8a5ffb6e82.gif,saved,814221
"https://static-assets.artlogic.net/w_1600,h_1600,c_limit,f_auto,fl_lossy,q_auto/ws-pilevneli/usr/exhibitions/images/exhibitions/14/inst10.gif",media/f3ac9dc640e7835ad463294b.gif,saved,894351
"https://static-assets.artlogic.net/w_1600,h_1600,c_limit,f_auto,fl_lossy,q_auto/ws-pilevneli/usr/exhibitions/images/exhibitions/14/inst11.gif",media/e25454653bdd4b158e47faf6.gif,saved,877298
"https://static-assets.artlogic.net/w_1600,h_1600,c_limit,f_auto,fl_lossy,q_auto/ws-pilevneli/usr/exhibitions/images/exhibitions/14/inst12.gif",media/9ac8d3ee21bf0a930c9274da.gif,saved,899731
"https://static-assets.artlogic.net/w_1600,h_1600,c_limit,f_auto,fl_lossy,q_auto/ws-pilevneli/usr/exhibitions/images/exhibitions/14/inst13.gif",media/807c78fa3619bc22d7413baf.gif,saved,637625
"https://static-assets.artlogic.net/w_1600,h_1600,c_limit,f_auto,fl_lossy,q_auto/ws-pilevneli/usr/exhibitions/images/exhibitions/14/inst14.gif",media/77487c4495db1dcdcf5edbce.gif,saved,1053639
"https://static-assets.artlogic.net/w_1600,h_1600,c_limit,f_auto,fl_lossy,q_auto/ws-pilevneli/usr/exhibitions/images/exhibitions/14/inst14.1.gif",media/374f814fe53c2f420a503ccf.gif,saved,932638
"https://static-assets.artlogic.net/w_1600,h_1600,c_limit,f_auto,fl_lossy,q_auto/ws-pilevneli/usr/exhibitions/images/exhibitions/14/inst15.gif",media/c5517421ae5a6d8091d7f4aa.gif,saved,674442
"https://static-assets.artlogic.net/w_1600,h_1600,c_limit,f_auto,fl_lossy,q_auto/ws-pilevneli/usr/exhibitions/images/exhibitions/14/inst16.gif",media/f8d8c67059f31e1570ca5af1.gif,saved,752845
"https://static-assets.artlogic.net/w_1600,h_1600,c_limit,f_auto,fl_lossy,q_auto/ws-pilevneli/usr/exhibitions/images/exhibitions/14/inst17.gif",media/3829342909b8d1fd84fbd8a3.gif,saved,780636
"https://static-assets.artlogic.net/w_1600,h_1600,c_limit,f_auto,fl_lossy,q_auto/ws-pilevneli/usr/images/artists/artwork_image_for_artists_page/items/ec/ece8f966e6ae4bbe92df9b1ed19105e5/johan-creten.gif",media/66a554c9082bef08ec09c894.gif,failed,"404 Client Error: Not Found for url: https://static-assets.artlogic.net/w_1600,h_1600,c_limit,f_auto,fl_lossy,q_auto/ws-pilevneli/usr/images/artists/artwork_image_for_artists_page/"
"https://static-assets.artlogic.net/w_1600,h_1600,c_limit,f_auto,fl_lossy,q_auto/ws-pilevneli/usr/images/exhibitions/group_images_override/14/johancreten_glory-3a_rgb.gif",media/2ebb25500ae10586839955d4.gif,saved,171030
"https://static-assets.artlogic.net/w_1600,h_1600,c_limit,f_auto,fl_lossy,q_auto/ws-pilevneli/usr/images/exhibitions/images_and_objects/14/johancreten_glory-1a.gif",media/3a6639585242a9e66299ba36.gif,saved,178022
"https://static-assets.artlogic.net/w_1600,h_1600,c_limit,f_auto,fl_lossy,q_auto/ws-pilevneli/usr/images/exhibitions/images_and_objects/14/johancreten_glory-4a_rgbson.gif",media/631f35765ad837e3a91d420b.gif,saved,168582
"https://static-assets.artlogic.net/w_1600,h_1600,c_limit,f_auto,fl_lossy,q_auto/ws-pilevneli/usr/images/exhibitions/images_and_objects/14/johancreten_glory-3a_rgb.gif",media/fb8499632b9b73e449cbe46c.gif,saved,171030
"https://static-assets.artlogic.net/w_1600,h_1600,c_limit,f_auto,fl_lossy,q_auto/ws-pilevneli/usr/exhibitions/images/exhibitions/14/johancreten_glory-2a_rgb.jpg",media/ce3ca68d08d9e76788307893.jpg,saved,163230
"https://static-assets.artlogic.net/w_1600,h_1600,c_limit,f_auto,fl_lossy,q_auto/ws-pilevneli/usr/exhibitions/images/exhibitions/14/6-image-credit-reha-ercan-pilevneli-gallery.jpg",media/ff47561e7bc9dcf6bcf8906f.jpg,saved,135294
"https://static-assets.artlogic.net/w_1600,h_1600,c_limit,f_auto,fl_lossy,q_auto/ws-pilevneli/usr/images/exhibitions/images_and_objects/14/img_0228-son.gif",media/0b0ab7d13ff7bbd70b13bf57.gif,saved,139020
"https://static-assets.artlogic.net/w_1600,h_1600,c_limit,f_auto,fl_lossy,q_auto/ws-pilevneli/usr/exhibitions/images/exhibitions/14/johancreten_odoredifemmina-2a_rgb.jpg",media/6c4517e32d916a20cbd742c9.jpg,saved,123876
"https://static-assets.artlogic.net/w_1600,h_1600,c_limit,f_auto,fl_lossy,q_auto/ws-pilevneli/usr/exhibitions/images/exhibitions/14/johancreten_odoredifemmina-1a_rgb.jpg",media/ae55a7037000ca2cd38fe223.jpg,saved,129158
"https://static-assets.artlogic.net/w_1600,h_1600,c_limit,f_auto,fl_lossy,q_auto/ws-pilevneli/usr/exhibitions/images/exhibitions/14/johancreten_odoredifemmina-3a_rgb.jpg",media/6be00ed6c2d6d02e05aa5101.jpg,saved,152638
"https://static-assets.artlogic.net/w_1600,h_1600,c_limit,f_auto,fl_lossy,q_auto/ws-pilevneli/usr/exhibitions/images/exhibitions/14/img_0281.gif",media/5e2a7e4c372b46cae504d21e.gif,saved,681264
"https://static-assets.artlogic.net/w_1600,h_1600,c_limit,f_auto,fl_lossy,q_auto/ws-pilevneli/usr/exhibitions/images/exhibitions/14/johancreten_istanbulvulva-1a_rgb.jpg",media/f50faa42d4fb2cd868f5cca2.jpg,saved,162448
"https://static-assets.artlogic.net/w_1600,h_1600,c_limit,f_auto,fl_lossy,q_auto/ws-pilevneli/usr/exhibitions/images/exhibitions/14/img_0303.gif",media/8ed9ea74f007be72e094cd26.gif,saved,1020668
"https://static-assets.artlogic.net/w_1600,h_1600,c_limit,f_auto,fl_lossy,q_auto/ws-pilevneli/usr/exhibitions/images/exhibitions/14/johancreten_thefarmer-1a_rgb.jpg",media/2ade104ac77c20c21c717571.jpg,saved,161538
"https://static-assets.artlogic.net/w_1600,h_1600,c_limit,f_auto,fl_lossy,q_auto/ws-pilevneli/usr/exhibitions/images/exhibitions/14/johancreten_the-stranger-1a_rgb.jpg",media/1d360ddb4d492228151b4844.jpg,saved,137214
"https://static-assets.artlogic.net/w_1600,h_1600,c_limit,f_auto,fl_lossy,q_auto/ws-pilevneli/usr/exhibitions/images/exhibitions/14/img_0307.gif",media/a8b956fd8d7821f9e852987f.gif,saved,627063
"https://static-assets.artlogic.net/w_1600,h_1600,c_limit,f_auto,fl_lossy,q_auto/ws-pilevneli/usr/images/artists/artwork_image_for_artists_page/items/67/674b7bb8dfdf4f85a12fa6c95119fe90/jc-golden-god.jpg",media/caecf539f9f355aad05eb2fb.jpg,saved,71378
"https://static-assets.artlogic.net/w_1600,h_1600,c_limit,f_auto,fl_lossy,q_auto/ws-pilevneli/usr/exhibitions/images/exhibitions/15/ugo1.gif",media/5a878d65c1dd0e1472ba2f0b.gif,saved,811615
"https://static-assets.artlogic.net/w_1600,h_1600,c_limit,f_auto,fl_lossy,q_auto/ws-pilevneli/usr/exhibitions/images/exhibitions/15/ugo2.gif",media/f9714bf346b8afd4c477ca79.gif,saved,589002
"https://static-assets.artlogic.net/w_1600,h_1600,c_limit,f_auto,fl_lossy,q_auto/ws-pilevneli/usr/exhibitions/images/exhibitions/15/ugo3.gif",media/8fdb54f2331075652bc339f3.gif,saved,235113
"https://static-assets.artlogic.net/w_1600,h_1600,c_limit,f_auto,fl_lossy,q_auto/ws-pilevneli/usr/exhibitions/images/exhibitions/15/ugo4.gif",media/702ffc6038c32699719014ec.gif,saved,868327
"https://static-assets.artlogic.net/w_1600,h_1600,c_limit,f_auto,fl_lossy,q_auto/ws-pilevneli/usr/exhibitions/images/exhibitions/15/ugo5.gif",media/c6a0f87cdf52c8a874a5e972.gif,saved,748096
"https://static-assets.artlogic.net/w_1600,h_1600,c_limit,f_auto,fl_lossy,q_auto/ws-pilevneli/usr/exhibitions/images/exhibitions/15/ugo6.gif",media/63175651466de93c3bec41ab.gif,saved,395634
"https://static-assets.artlogic.net/w_1600,h_1600,c_limit,f_auto,fl_lossy,q_auto/ws-pilevneli/usr/images/exhibitions/group_images_override/15/everyone1.gif",media/f40b0ca56d545b86584bcafc.gif,saved,34026
"https://static-assets.artlogic.net/w_1600,h_1600,c_limit,f_auto,fl_lossy,q_auto/ws-pilevneli/usr/images/exhibitions/images_and_objects/15/courtesy-pi-levneli-by-is-k-kaya.jpeg",media/480765bdf27d03e257e79c34.jpeg,saved,91658
"https://static-assets.artlogic.net/w_1600,h_1600,c_limit,f_auto,fl_lossy,q_auto/ws-pilevneli/usr/exhibitions/images/exhibitions/16/ez_kutsal-pazarl-k_-installation-shot-23-1-.jpg",media/db8d19403314b20d00b6eab2.jpg,saved,65726
"https://static-assets.artlogic.net/w_1600,h_1600,c_limit,f_auto,fl_lossy,q_auto/ws-pilevneli/usr/exhibitions/images/exhibitions/16/ez_kutsal-pazarl-k_-installation-shot-18-1-.jpg",media/ea5b04f7a2dc938478afcfc8.jpg,saved,88398
"https://static-assets.artlogic.net/w_1600,h_1600,c_limit,f_auto,fl_lossy,q_auto/ws-pilevneli/usr/exhibitions/images/exhibitions/16/ez_kutsal-pazarl-k_-installation-shot-14-1-.jpg",media/3689d9ae8bf892ba8bf1e0be.jpg,saved,81564
"https://static-assets.artlogic.net/w_1600,h_1600,c_limit,f_auto,fl_lossy,q_auto/ws-pilevneli/usr/exhibitions/images/exhibitions/16/ez_kutsal-pazarl-k_-installation-shot-17-1-.jpg",media/851d6d8e175bbabb203feb69.jpg,saved,80294
"https://static-assets.artlogic.net/w_1600,h_1600,c_limit,f_auto,fl_lossy,q_auto/ws-pilevneli/usr/exhibitions/images/exhibitions/16/ez_kutsal-pazarl-k_-installation-shot-13-1-.jpg",media/1727ad74d7074f4f7ddf8533.jpg,saved,82922
"https://static-assets.artlogic.net/w_1600,h_1600,c_limit,f_auto,fl_lossy,q_auto/ws-pilevneli/usr/exhibitions/images/exhibitions/16/ez_kutsal-pazarl-k_-installation-shot-27-0-.jpg",media/dd0975387764832da0beb500.jpg,saved,186990
"https://static-assets.artlogic.net/w_1600,h_1600,c_limit,f_auto,fl_lossy,q_auto/ws-pilevneli/usr/exhibitions/images/exhibitions/16/ez_kutsal-pazarl-k_-installation-shot-25-0-.jpg",media/c96c63802baadcfc0a7caa66.jpg,saved,195864
"https://static-assets.artlogic.net/w_1600,h_1600,c_limit,f_auto,fl_lossy,q_auto/ws-pilevneli/usr/exhibitions/images/exhibitions/16/ez_kutsal-pazarl-k_-installation-shot-26-0-.jpg",media/6326b1eedec629e318475777.jpg,saved,215954
"https://static-assets.artlogic.net/w_1600,h_1600,c_limit,f_auto,fl_lossy,q_auto/ws-pilevneli/usr/exhibitions/images/exhibitions/16/ez_kutsal-pazarl-k_-installation-shot-11-0-.jpg",media/e55bd12f896b418d894249de.jpg,saved,90310
"https://static-assets.artlogic.net/w_1600,h_1600,c_limit,f_auto,fl_lossy,q_auto/ws-pilevneli/usr/exhibitions/images/exhibitions/16/ez_kutsal-pazarl-k_-installation-shot-8-0-.jpg",media/a28ea9b77e44ab4517285516.jpg,saved,75884
"https://static-assets.artlogic.net/w_1600,h_1600,c_limit,f_auto,fl_lossy,q_auto/ws-pilevneli/usr/exhibitions/images/exhibitions/16/ez_kutsal-pazarl-k_-installation-shot-9-0-.jpg",media/0304a3c3f1f56d7bca141c7f.jpg,saved,84652
"https://static-assets.artlogic.net/w_1600,h_1600,c_limit,f_auto,fl_lossy,q_auto/ws-pilevneli/usr/exhibitions/images/exhibitions/16/ez_kutsal-pazarl-k_-installation-shot-2-1-.jpg",media/3a9d4e6e5f593dfa59702fa2.jpg,saved,204140
"https://static-assets.artlogic.net/w_1600,h_1600,c_limit,f_auto,fl_lossy,q_auto/ws-pilevneli/usr/exhibitions/images/exhibitions/16/ez_kutsal-pazarl-k_-installation-shot-21-1-.jpg",media/a0a6c3342adf93e3dc817630.jpg,saved,221424
"https://static-assets.artlogic.net/w_1600,h_1600,c_limit,f_auto,fl_lossy,q_auto/ws-pilevneli/usr/exhibitions/images/exhibitions/16/ez_kutsal-pazarl-k_-installation-shot-22-1-.jpg",media/522af147474f045134854874.jpg,saved,164736
"https://static-assets.artlogic.net/w_1600,h_1600,c_limit,f_auto,fl_lossy,q_auto/ws-pilevneli/usr/exhibitions/images/exhibitions/16/ez_kutsal-pazarl-k_-installation-shot-7-1-.jpg",media/3c0b7ac2fedb2f9b86e08b14.jpg,saved,98048
"https://static-assets.artlogic.net/w_1600,h_1600,c_limit,f_auto,fl_lossy,q_auto/ws-pilevneli/usr/exhibitions/images/exhibitions/16/ez_kutsal-pazarl-k_-installation-shot-20-1-.jpg",media/3afa03c3325fb674f3d215bf.jpg,saved,59438
"https://static-assets.artlogic.net/w_1600,h_1600,c_limit,f_auto,fl_lossy,q_auto/ws-pilevneli/usr/exhibitions/images/exhibitions/16/ez_kutsal-pazarl-k_-installation-shot-5-1-.jpg",media/f3c626e4adfd861be519448e.jpg,saved,70780
"https://static-assets.artlogic.net/w_1600,h_1600,c_limit,f_auto,fl_lossy,q_auto/ws-pilevneli/usr/exhibitions/images/exhibitions/16/ez_kutsal-pazarl-k_-installation-shot-1-1-.jpg",media/afcc4c6d3c5a6a9ce8a16893.jpg,saved,82348
"https://static-assets.artlogic.net/w_1600,h_1600,c_limit,f_auto,fl_lossy,q_auto/ws-pilevneli/usr/exhibitions/images/exhibitions/16/ez_kutsal-pazarl-k_-installation-shot-19-1-.jpg",media/5940b046176f4cb9e39d4bb5.jpg,saved,78756
"https://static-assets.artlogic.net/w_1600,h_1600,c_limit,f_auto,fl_lossy,q_auto/ws-pilevneli/usr/exhibitions/images/exhibitions/16/ez_kutsal-pazarl-k_-installation-shot-6-1-.jpg",media/2bf1becc77b96368e8176f3f.jpg,saved,84432
"https://static-assets.artlogic.net/w_1600,h_1600,c_limit,f_auto,fl_lossy,q_auto/ws-pilevneli/usr/exhibitions/images/exhibitions/16/ez_kutsal-pazarl-k_-installation-shot-4-1-.jpg",media/db56e47de8a4dde312137b3d.jpg,saved,57826
"https://static-assets.artlogic.net/w_1600,h_1600,c_limit,f_auto,fl_lossy,q_auto/ws-pilevneli/usr/images/exhibitions/group_images_override/16/kutsal-pazarl-k-arshile-gorky-e-sayg-2017-tuval-u-zerine-yag-l-boya-280x235.jpg",media/461eb302e88822ceaaea9833.jpg,saved,188078
"https://static-assets.artlogic.net/w_1600,h_1600,c_limit,f_auto,fl_lossy,q_auto/ws-pilevneli/usr/images/publications/main_image/4/_10078.gif",media/9e780123f9146629aaaa9526.gif,saved,457256
"https://static-assets.artlogic.net/w_1600,h_1600,c_limit,f_auto,fl_lossy,q_auto/ws-pilevneli/usr/images/exhibitions/images_and_objects/16/k-rk-sat-r-2017-tuval-u-zerine-yag-l-boya-280x235cm.gif",media/78cffb8b851dccb48620c4f4.gif,saved,215460
"https://static-assets.artlogic.net/w_1600,h_1600,c_limit,f_auto,fl_lossy,q_auto/ws-pilevneli/usr/images/exhibitions/images_and_objects/16/deg-il2-2017-tuval-u-zerine-yag-l-boya-280x235cm.gif",media/e48c91040eee3255dd561bb7.gif,saved,247646
"https://static-assets.artlogic.net/w_1600,h_1600,c_limit,f_auto,fl_lossy,q_auto/ws-pilevneli/usr/exhibitions/images/exhibitions/16/s-u-phe-2017-tuval-u-zerine-yag-l-boya-280x235cm.gif",media/b458bf54cfd4b96c41826437.gif,saved,908812
"https://static-assets.artlogic.net/w_1600,h_1600,c_limit,f_auto,fl_lossy,q_auto/ws-pilevneli/usr/exhibitions/images/exhibitions/16/kutsal-pazarl-k-arshile-gorky-e-sayg-2017-tuval-u-zerine-yag-l-boya-280x235cm.gif",media/2c8ca61eaad27d008acbcaf3.gif,saved,1063050
"https://static-assets.artlogic.net/w_1600,h_1600,c_limit,f_auto,fl_lossy,q_auto/ws-pilevneli/usr/exhibitions/images/exhibitions/16/kay-p-k-y-lar-2017-tuval-u-zerine-yag-l-boya-380x300cm.gif",media/bc6b170f21b9625efd05d4af.gif,saved,1136306
"https://static-assets.artlogic.net/w_1600,h_1600,c_limit,f_auto,fl_lossy,q_auto/ws-pilevneli/usr/exhibitions/images/exhibitions/16/kendi-kendinin-korbay-2017-tuval-u-zerine-yag-l-boya-225x175cm.gif",media/986e351d9e7317665d13790b.gif,saved,1325523
"https://static-assets.artlogic.net/w_1600,h_1600,c_limit,f_auto,fl_lossy,q_auto/ws-pilevneli/usr/exhibitions/images/exhibitions/16/bas-2017-tuval-u-zerine-yag-l-boya-215x164cm.gif",media/92300262cb3b4356bb73843c.gif,saved,1471646
"https://static-assets.artlogic.net/w_1600,h_1600,c_limit,f_auto,fl_lossy,q_auto/ws-pilevneli/usr/exhibitions/images/exhibitions/16/i-c-tima-i-2017-tuval-u-zerine-yag-l-boya-225x175cm.gif",media/20996d4eb666d75fff4445a4.gif,saved,1204621
"https://static-assets.artlogic.net/w_1600,h_1600,c_limit,f_auto,fl_lossy,q_auto/ws-pilevneli/usr/exhibitions/images/exhibitions/16/i-c-tima-ii-2017-tuval-u-zerine-yag-l-boya-225x175cm.gif",media/57ff668bb8247573605333cd.gif,saved,1198236
"https://static-assets.artlogic.net/w_1600,h_1600,c_limit,f_auto,fl_lossy,q_auto/ws-pilevneli/usr/exhibitions/images/exhibitions/16/i-c-tima-iii-2017-tuval-u-zerine-yag-l-boya-225x175cm.gif",media/7f3141e5afa52dc3f78508e3.gif,saved,1078436
"https://static-assets.artlogic.net/w_1600,h_1600,c_limit,f_auto,fl_lossy,q_auto/ws-pilevneli/usr/exhibitions/images/exhibitions/16/sana-da-m-so-ylemediler-2017-tuval-u-zerine-yag-l-boya-300x425cm.gif",media/a08c11b1b9e1b9d774996df2.gif,saved,985522
"https://static-assets.artlogic.net/w_1600,h_1600,c_limit,f_auto,fl_lossy,q_auto/ws-pilevneli/usr/exhibitions/images/exhibitions/16/diyet-2017-tuval-u-zerine-yag-l-boya-300x425cm.gif",media/7816e08fe3b27f29460e15f8.gif,saved,909295
"https://static-assets.artlogic.net/w_1600,h_1600,c_limit,f_auto,fl_lossy,q_auto/ws-pilevneli/usr/exhibitions/images/exhibitions/16/c-u-ru-klu-k-kantat-i-2017-tuval-u-zerine-yag-l-boya-200x150cm.gif",media/e07b946bb97eddaf81d07bf4.gif,saved,942052
"https://static-assets.artlogic.net/w_1600,h_1600,c_limit,f_auto,fl_lossy,q_auto/ws-pilevneli/usr/exhibitions/images/exhibitions/16/c-u-ru-klu-k-kantat-ii-2017-tuval-u-zerine-yag-l-boya-200x150cm.gif",media/1f6e72273513bd54e286a325.gif,saved,1016672
"https://static-assets.artlogic.net/w_1600,h_1600,c_limit,f_auto,fl_lossy,q_auto/ws-pilevneli/usr/images/exhibitions/images_and_objects/16/c-u-ru-klu-k-kantat-iii-2017-tuval-u-zerine-yag-l-boya-200x150cmson.gif",media/d0298aaf44302496f5175382.gif,saved,199092
"https://static-assets.artlogic.net/w_1600,h_1600,c_limit,f_auto,fl_lossy,q_auto/ws-pilevneli/usr/exhibitions/images/exhibitions/16/c-u-ru-klu-k-kantat-iv-2017-tuval-u-zerine-yag-l-boya-200x150cm.gif",media/a5b26b926cfccd5a2f1aed90.gif,saved,939203
"https://static-assets.artlogic.net/w_1600,h_1600,c_limit,f_auto,fl_lossy,q_auto/ws-pilevneli/usr/exhibitions/images/exhibitions/16/c-u-ru-klu-k-kantat-v-2017-tuval-u-zerine-yag-l-boya-200x150cm.gif",media/17752c00d57c7b08371fbd21.gif,saved,966701
"https://static-assets.artlogic.net/w_1600,h_1600,c_limit,f_auto,fl_lossy,q_auto/ws-pilevneli/usr/exhibitions/images/exhibitions/16/c-u-ru-klu-k-kantat-vi-2017-tuval-u-zerine-yag-l-boya-200x150cm.gif",media/cace4b5cc63514a3f83f0d50.gif,saved,991260
"https://static-assets.artlogic.net/w_1600,h_1600,c_limit,f_auto,fl_lossy,q_auto/ws-pilevneli/usr/exhibitions/images/exhibitions/16/c-u-ru-klu-k-kantat-vii-2017-tuval-u-zerine-yag-l-boya-200x150cm.gif",media/ceca21a9f4264c75ea1b60a3.gif,saved,1002033
"https://static-assets.artlogic.net/w_1600,h_1600,c_limit,f_auto,fl_lossy,q_auto/ws-pilevneli/usr/exhibitions/images/exhibitions/16/c-u-ru-klu-k-kantat-viii-2017-tuval-u-zerine-yag-l-boya-200x150cm.gif",media/0dd56dc34c9e7ea54b7cefdc.gif,saved,1190696
"https://static-assets.artlogic.net/w_1600,h_1600,c_limit,f_auto,fl_lossy,q_auto/ws-pilevneli/usr/exhibitions/images/exhibitions/16/c-u-ru-klu-k-kantat-ix-2017-tuval-u-zerine-yag-l-boya-200x150cm.gif",media/a8101e85d3f9c1a2c9560fad.gif,saved,1067366
"https://static-assets.artlogic.net/w_1600,h_1600,c_limit,f_auto,fl_lossy,q_auto/ws-pilevneli/usr/exhibitions/images/exhibitions/16/c-u-ru-klu-k-kantat-x-2017-tuval-u-zerine-yag-l-boya-200x150cm.gif",media/63ab9fcca901760ae02b9c33.gif,saved,1245697
"https://static-assets.artlogic.net/w_1600,h_1600,c_limit,f_auto,fl_lossy,q_auto/ws-pilevneli/usr/exhibitions/images/exhibitions/16/i-simsiz-2017-mukavva-u-zerine-yag-l-boya-97x90cm.gif",media/72c0640f398fc860912f2bae.gif,saved,1229899
"https://static-assets.artlogic.net/w_1600,h_1600,c_limit,f_auto,fl_lossy,q_auto/ws-pilevneli/usr/exhibitions/images/exhibitions/16/i-simsiz-2017-tuval-u-zerine-yag-l-boya-50x40cm.gif",media/6f4b14e4a102c5af3daae664.gif,saved,1343888
"https://static-assets.artlogic.net/w_1600,h_1600,c_limit,f_auto,fl_lossy,q_auto/ws-pilevneli/usr/exhibitions/images/exhibitions/16/i-simsiz-2017-mukavva-u-zerine-yag-l-boya-108x98cm.gif",media/a6c1b0d510b2a63d9b0310c9.gif,saved,1300972
"https://static-assets.artlogic.net/w_1600,h_1600,c_limit,f_auto,fl_lossy,q_auto/ws-pilevneli/usr/images/exhibitions/images_and_objects/16/leyli-meccani-portreler.gif",media/9b66ef0c573b8c98905a4144.gif,saved,100896
"https://static-assets.artlogic.net/w_1600,h_1600,c_limit,f_auto,fl_lossy,q_auto/ws-pilevneli/usr/images/artists/artwork_image_for_artists_page/items/6d/6ddb26d0ad77414ab057dcdf9d160ada/erdogan-zumrutoglu.gif",media/06bc5a09d59042db7b7c2dd3.gif,saved,346276
"https://static-assets.artlogic.net/w_1600,h_1600,c_limit,f_auto,fl_lossy,q_auto/ws-pilevneli/usr/exhibitions/images/exhibitions/17/refik_anadol_eriyen_hat-ralar_bigumigu_2.jpg",media/c8a7c6f59f36f7c2735b92b4.jpg,saved,26040
"https://static-assets.artlogic.net/w_1600,h_1600,c_limit,f_auto,fl_lossy,q_auto/ws-pilevneli/usr/exhibitions/images/exhibitions/17/img_1742.jpg",media/3881c437a863afd0eebe2b43.jpg,saved,43054
"https://static-assets.artlogic.net/w_1600,h_1600,c_limit,f_auto,fl_lossy,q_auto/ws-pilevneli/usr/exhibitions/images/exhibitions/17/e-02.jpg",media/d46b6e1a65d00520b7d0a44f.jpg,saved,44464
"https://static-assets.artlogic.net/w_1600,h_1600,c_limit,f_auto,fl_lossy,q_auto/ws-pilevneli/usr/exhibitions/images/exhibitions/17/e-03.jpg",media/8c50439be7fb22c25c4ef5c9.jpg,saved,30180
"https://static-assets.artlogic.net/w_1600,h_1600,c_limit,f_auto,fl_lossy,q_auto/ws-pilevneli/usr/exhibitions/images/exhibitions/17/e-01.jpg",media/562fd61828d7a19e5ffc4dcc.jpg,saved,36756
"https://static-assets.artlogic.net/w_1600,h_1600,c_limit,f_auto,fl_lossy,q_auto/ws-pilevneli/usr/exhibitions/images/exhibitions/17/engram-02.jpg",media/04c0d3988a2e33988eb44a91.jpg,saved,82046
"https://static-assets.artlogic.net/w_1600,h_1600,c_limit,f_auto,fl_lossy,q_auto/ws-pilevneli/usr/exhibitions/images/exhibitions/17/img_2497.jpg",media/d4e161e6e2c8950773571e8a.jpg,saved,72882
"https://static-assets.artlogic.net/w_1600,h_1600,c_limit,f_auto,fl_lossy,q_auto/ws-pilevneli/usr/exhibitions/images/exhibitions/17/img_2509.jpg",media/3b015fbb6c12d56f43468aba.jpg,saved,45348
"https://static-assets.artlogic.net/w_1600,h_1600,c_limit,f_auto,fl_lossy,q_auto/ws-pilevneli/usr/exhibitions/images/exhibitions/17/img_2488.jpg",media/f41a9f91ebd441c6f3f173a0.jpg,saved,84352
"https://static-assets.artlogic.net/w_1600,h_1600,c_limit,f_auto,fl_lossy,q_auto/ws-pilevneli/usr/exhibitions/images/exhibitions/17/img_2478.jpg",media/8f9600de14da377b5a7c4707.jpg,saved,91192
"https://static-assets.artlogic.net/w_1600,h_1600,c_limit,f_auto,fl_lossy,q_auto/ws-pilevneli/usr/exhibitions/images/exhibitions/17/engram-09.jpg",media/5f2aab6ebe81891028f02580.jpg,saved,167232
"https://static-assets.artlogic.net/w_1600,h_1600,c_limit,f_auto,fl_lossy,q_auto/ws-pilevneli/usr/exhibitions/images/exhibitions/17/engram-05.jpg",media/a9be4dce1ca8fcc035b7410f.jpg,saved,152640
"https://static-assets.artlogic.net/w_1600,h_1600,c_limit,f_auto,fl_lossy,q_auto/ws-pilevneli/usr/exhibitions/images/exhibitions/17/engram-10.jpg",media/cf3c8047e9f22e9a875bc3e7.jpg,saved,67260
"https://static-assets.artlogic.net/w_1600,h_1600,c_limit,f_auto,fl_lossy,q_auto/ws-pilevneli/usr/exhibitions/images/exhibitions/17/img_2519.jpg",media/ce08aafdd718d259a1265f86.jpg,saved,147006
"https://static-assets.artlogic.net/w_1600,h_1600,c_limit,f_auto,fl_lossy,q_auto/ws-pilevneli/usr/exhibitions/images/exhibitions/17/img_2524-copy.jpg",media/b1dfb695d4929cda6a3d3d6a.jpg,saved,171438
"https://static-assets.artlogic.net/w_1600,h_1600,c_limit,f_auto,fl_lossy,q_auto/ws-pilevneli/usr/exhibitions/images/exhibitions/17/img_2546-copy.jpg",media/d6bf1799dd8b3b5fb71bde8b.jpg,saved,82758
"https://static-assets.artlogic.net/w_1600,h_1600,c_limit,f_auto,fl_lossy,q_auto/ws-pilevneli/usr/images/exhibitions/group_images_override/17/engram-08-pr.gif",media/5a0ff8adae978ff396c46019.gif,saved,170124
"https://static-assets.artlogic.net/w_1600,h_1600,c_limit,f_auto,fl_lossy,q_auto/ws-pilevneli/usr/exhibitions/images/exhibitions/17/img_2677.jpg",media/f95e5fd1c8f3e7567b793900.jpg,saved,26268
"https://static-assets.artlogic.net/w_1600,h_1600,c_limit,f_auto,fl_lossy,q_auto/ws-pilevneli/usr/images/exhibitions/images_and_objects/17/melting-memories.gif",media/37984fcf76a8626d2c80f774.gif,saved,23300
"https://static-assets.artlogic.net/w_1600,h_1600,c_limit,f_auto,fl_lossy,q_auto/ws-pilevneli/usr/exhibitions/images/exhibitions/17/img_2669.jpg",media/ebfbe2e00d9eba366416efcd.jpg,saved,30368
"https://static-assets.artlogic.net/w_1600,h_1600,c_limit,f_auto,fl_lossy,q_auto/ws-pilevneli/usr/exhibitions/images/exhibitions/17/melting-memories_a-wavy-05.png",media/20fd024ba98695d912bd13e1.png,saved,76498
"https://static-assets.artlogic.net/w_1600,h_1600,c_limit,f_auto,fl_lossy,q_auto/ws-pilevneli/usr/exhibitions/images/exhibitions/17/melting-memories_b-cutwave-06.png",media/315858bb10e6d73c6bd6ebd7.png,saved,39108
"https://static-assets.artlogic.net/w_1600,h_1600,c_limit,f_auto,fl_lossy,q_auto/ws-pilevneli/usr/exhibitions/images/exhibitions/17/melting-memories_c-softcut-04.png",media/8b3fe72f5a76f481fe6d70c8.png,saved,52966
"https://static-assets.artlogic.net/w_1600,h_1600,c_limit,f_auto,fl_lossy,q_auto/ws-pilevneli/usr/exhibitions/images/exhibitions/17/melting-memories_f-whirldwind-01.png",media/c334480dfd98e0c52e34b35d.png,saved,133588
"https://static-assets.artlogic.net/w_1600,h_1600,c_limit,f_auto,fl_lossy,q_auto/ws-pilevneli/usr/exhibitions/images/exhibitions/17/melting-memories_e-luka-02.png",media/f32455bf86693b4e0f1c20cb.png,saved,30266
"https://static-assets.artlogic.net/w_1600,h_1600,c_limit,f_auto,fl_lossy,q_auto/ws-pilevneli/usr/exhibitions/images/exhibitions/17/melting-memories_d-fbm-03.png",media/d8b6d2cd1aac3e36b1e27f0a.png,saved,112768
"https://static-assets.artlogic.net/w_1600,h_1600,c_limit,f_auto,fl_lossy,q_auto/ws-pilevneli/usr/exhibitions/images/exhibitions/17/engram-final_edit_10099sonuncu.png",media/41d06fb5a5fd3b9df883d857.png,saved,455436
"https://static-assets.artlogic.net/w_1600,h_1600,c_limit,f_auto,fl_lossy,q_auto/ws-pilevneli/usr/images/artists/artwork_image_for_artists_page/items/13/13c0695660ed4ec7897bf67768d768d2/refik-anadol.gif",media/47369c9e094c04a07aca243b.gif,saved,25204
"https://static-assets.artlogic.net/w_1600,h_1600,c_limit,f_auto,fl_lossy,q_auto/ws-pilevneli/usr/exhibitions/images/exhibitions/18/vanitastable-plant-.jpg",media/314da708a3fac93f08a93638.jpg,saved,37878
"https://static-assets.artlogic.net/w_1600,h_1600,c_limit,f_auto,fl_lossy,q_auto/ws-pilevneli/usr/images/exhibitions/images_and_objects/18/horizon-gm-.jpg",media/df4832fb813a8e1dca1b65ca.jpg,saved,88176
"https://static-assets.artlogic.net/w_1600,h_1600,c_limit,f_auto,fl_lossy,q_auto/ws-pilevneli/usr/images/exhibitions/images_and_objects/18/gesture-tree-gm-.jpg",media/5542ef1325c475b34d7d56d0.jpg,saved,42530
"https://static-assets.artlogic.net/w_1600,h_1600,c_limit,f_auto,fl_lossy,q_auto/ws-pilevneli/usr/images/exhibitions/images_and_objects/18/lounge-gm-.jpg",media/3f1de8525b2cf93016423871.jpg,saved,56850
"https://static-assets.artlogic.net/w_1600,h_1600,c_limit,f_auto,fl_lossy,q_auto/ws-pilevneli/usr/images/exhibitions/images_and_objects/18/silent-piano-gm-.jpg",media/2d03b5979ea9985369db1a4b.jpg,saved,86872
"https://static-assets.artlogic.net/w_1600,h_1600,c_limit,f_auto,fl_lossy,q_auto/ws-pilevneli/usr/images/exhibitions/images_and_objects/18/fatima2-gm-.jpg",media/c5c7592d81ed3994dff58862.jpg,saved,42908
"https://static-assets.artlogic.net/w_1600,h_1600,c_limit,f_auto,fl_lossy,q_auto/ws-pilevneli/usr/images/exhibitions/images_and_objects/18/pond-gm-.jpg",media/ebf70469792cacabc0cb56d6.jpg,saved,42456
"https://static-assets.artlogic.net/w_1600,h_1600,c_limit,f_auto,fl_lossy,q_auto/ws-pilevneli/usr/images/exhibitions/images_and_objects/18/night-gathering-gm-.jpg",media/f9bcb84a0a420d87e08bcd97.jpg,saved,142424
"https://static-assets.artlogic.net/w_1600,h_1600,c_limit,f_auto,fl_lossy,q_auto/ws-pilevneli/usr/images/exhibitions/images_and_objects/18/sleeping-girl-gm-.jpg",media/71c2eb8df8fc1d511d12fe59.jpg,saved,127174
"https://static-assets.artlogic.net/w_1600,h_1600,c_limit,f_auto,fl_lossy,q_auto/ws-pilevneli/usr/images/exhibitions/images_and_objects/18/snow-landscape-7-gm-.jpg",media/5dc55d41eb250cf0a960a492.jpg,saved,162406
"https://static-assets.artlogic.net/w_1600,h_1600,c_limit,f_auto,fl_lossy,q_auto/ws-pilevneli/usr/images/exhibitions/images_and_objects/18/sleeping_girl-2-gm-.jpg",media/4453886dd712a84d151d0b7d.jpg,saved,77724
"https://static-assets.artlogic.net/w_1600,h_1600,c_limit,f_auto,fl_lossy,q_auto/ws-pilevneli/usr/images/exhibitions/images_and_objects/18/tatiana-gm-.jpg",media/8c748f61089ab415b8ff3744.jpg,saved,22468
"https://static-assets.artlogic.net/w_1600,h_1600,c_limit,f_auto,fl_lossy,q_auto/ws-pilevneli/usr/images/exhibitions/images_and_objects/18/734156082_1280x720.jpg",media/d574d9b0c6470dfb407dc215.jpg,saved,25760
"https://static-assets.artlogic.net/w_1600,h_1600,c_limit,f_auto,fl_lossy,q_auto/ws-pilevneli/usr/exhibitions/images/exhibitions/18/peacock-vanitas.gif",media/e4385a67edb87e1448f587cb.gif,saved,1278460
"https://static-assets.artlogic.net/w_1600,h_1600,c_limit,f_auto,fl_lossy,q_auto/ws-pilevneli/usr/images/exhibitions/images_and_objects/18/vanitas-variation-15-gm-.jpg",media/75ad6937ed87e31cacecd3d1.jpg,saved,45868
"https://static-assets.artlogic.net/w_1600,h_1600,c_limit,f_auto,fl_lossy,q_auto/ws-pilevneli/usr/images/exhibitions/images_and_objects/18/vanitas-variation-16-gm-.jpg",media/70f027e05301f0f302c6c432.jpg,saved,28794
"https://static-assets.artlogic.net/w_1600,h_1600,c_limit,f_auto,fl_lossy,q_auto/ws-pilevneli/usr/images/exhibitions/images_and_objects/18/gesture-paper-plane-gm-.jpg",media/f14409579ec98fb76c11a659.jpg,saved,14436
"https://static-assets.artlogic.net/w_1600,h_1600,c_limit,f_auto,fl_lossy,q_auto/ws-pilevneli/usr/images/exhibitions/images_and_objects/18/gesture-blackberries-gm-.jpg",media/bb270cfc271ffd1d4c3963d0.jpg,saved,12530
"https://static-assets.artlogic.net/w_1600,h_1600,c_limit,f_auto,fl_lossy,q_auto/ws-pilevneli/usr/exhibitions/images/exhibitions/19/cowboys.gif",media/af37c61d3649a700bb38d500.gif,saved,418513
"https://static-assets.artlogic.net/w_1600,h_1600,c_limit,f_auto,fl_lossy,q_auto/ws-pilevneli/usr/exhibitions/images/exhibitions/19/dogs.gif",media/3114409d93a5a9ad73cf17a7.gif,saved,705123
"https://static-assets.artlogic.net/w_1600,h_1600,c_limit,f_auto,fl_lossy,q_auto/ws-pilevneli/usr/images/exhibitions/images_and_objects/19/boxers.gif",media/d9aaa9dc8fa72397c0e768b4.gif,saved,110660
"https://static-assets.artlogic.net/w_1600,h_1600,c_limit,f_auto,fl_lossy,q_auto/ws-pilevneli/usr/images/exhibitions/images_and_objects/19/dsd_9548.jpg",media/bfa92e9810338ab238f20f25.jpg,saved,69088
"https://static-assets.artlogic.net/w_1600,h_1600,c_limit,f_auto,fl_lossy,q_auto/ws-pilevneli/usr/images/exhibitions/images_and_objects/19/untitled-drags.gif",media/fae7c71bb30034fa8436829d.gif,saved,132218
"https://static-assets.artlogic.net/w_1600,h_1600,c_limit,f_auto,fl_lossy,q_auto/ws-pilevneli/usr/images/exhibitions/images_and_objects/19/twist.gif",media/4b6939e2227338060fe3695b.gif,saved,168382
"https://static-assets.artlogic.net/w_1600,h_1600,c_limit,f_auto,fl_lossy,q_auto/ws-pilevneli/usr/images/exhibitions/images_and_objects/19/aglayan-kadinlar.gif",media/bd1f5c34b2faec85a830a8c5.gif,saved,83064
"https://static-assets.artlogic.net/w_1600,h_1600,c_limit,f_auto,fl_lossy,q_auto/ws-pilevneli/usr/images/exhibitions/images_and_objects/19/acrobats-low.jpg",media/7e0101051d6a1b2b44ec0fb2.jpg,saved,51278
"https://static-assets.artlogic.net/w_1600,h_1600,c_limit,f_auto,fl_lossy,q_auto/ws-pilevneli/usr/exhibitions/images/exhibitions/19/dsd_9565.jpg",media/3cacb78b7b8265ea827da0f2.jpg,saved,147248
"https://static-assets.artlogic.net/w_1600,h_1600,c_limit,f_auto,fl_lossy,q_auto/ws-pilevneli/usr/exhibitions/images/exhibitions/19/img_3365-2.jpg",media/fdf333a4311d7aa9fe592ee1.jpg,saved,144362
"https://static-assets.artlogic.net/w_1600,h_1600,c_limit,f_auto,fl_lossy,q_auto/ws-pilevneli/usr/exhibitions/images/exhibitions/19/image.jpg",media/43cdc814ee6db06ad9e9caf9.jpg,saved,93278
"https://static-assets.artlogic.net/w_1600,h_1600,c_limit,f_auto,fl_lossy,q_auto/ws-pilevneli/usr/images/exhibitions/images_and_objects/19/untitled-tekkiz.gif",media/a57a8d65e8606d55ce7f45aa.gif,saved,66784
"https://static-assets.artlogic.net/w_1600,h_1600,c_limit,f_auto,fl_lossy,q_auto/ws-pilevneli/usr/images/exhibitions/images_and_objects/19/untitled-masa.gif",media/97fddf8df20d2df95e83bc87.gif,saved,93856
"https://static-assets.artlogic.net/w_1600,h_1600,c_limit,f_auto,fl_lossy,q_auto/ws-pilevneli/usr/images/exhibitions/images_and_objects/19/untitled-tekkiz2.gif",media/03e51085da8be8f4481506a4.gif,saved,214468
"https://static-assets.artlogic.net/w_1600,h_1600,c_limit,f_auto,fl_lossy,q_auto/ws-pilevneli/usr/images/exhibitions/images_and_objects/19/untitled-kucukkiz.gif",media/a0281df245b02595c3bf6d27.gif,saved,170454
"https://static-assets.artlogic.net/w_1600,h_1600,c_limit,f_auto,fl_lossy,q_auto/ws-pilevneli/usr/images/exhibitions/images_and_objects/19/untitled-skull.gif",media/181ee3450b059a0585695c2b.gif,saved,115722
"https://static-assets.artlogic.net/w_1600,h_1600,c_limit,f_auto,fl_lossy,q_auto/ws-pilevneli/usr/images/exhibitions/images_and_objects/19/untitles-costume.gif",media/6e6fb78f22c512a95a42542e.gif,saved,90012
"https://static-assets.artlogic.net/w_1600,h_1600,c_limit,f_auto,fl_lossy,q_auto/ws-pilevneli/usr/images/exhibitions/images_and_objects/19/untitled-mustache.gif",media/93d2a387a2a73dd986d21690.gif,saved,149970
"https://static-assets.artlogic.net/w_1600,h_1600,c_limit,f_auto,fl_lossy,q_auto/ws-pilevneli/usr/images/exhibitions/images_and_objects/19/untitled-vesikalik.gif",media/23c7e19d3fdf119a2cb93c13.gif,saved,129704
"https://static-assets.artlogic.net/w_1600,h_1600,c_limit,f_auto,fl_lossy,q_auto/ws-pilevneli/usr/images/exhibitions/images_and_objects/19/boxers2.gif",media/2c1cd89e336c8aabe8050850.gif,saved,78164
"https://static-assets.artlogic.net/w_1600,h_1600,c_limit,f_auto,fl_lossy,q_auto/ws-pilevneli/usr/exhibitions/images/exhibitions/19/untitled-kiss.gif",media/ae7db4c0a9873181ef6a6fc4.gif,saved,1171842
"https://static-assets.artlogic.net/w_1600,h_1600,c_limit,f_auto,fl_lossy,q_auto/ws-pilevneli/usr/exhibitions/images/exhibitions/19/untitled-oyuncak.gif",media/e6f128463b7f2ffccf0bcad0.gif,saved,1332976
"https://static-assets.artlogic.net/w_1600,h_1600,c_limit,f_auto,fl_lossy,q_auto/ws-pilevneli/usr/exhibitions/images/exhibitions/19/untitled-couple.gif",media/1b96152f9b1300a7fdd242ce.gif,saved,1036111
"https://static-assets.artlogic.net/w_1600,h_1600,c_limit,f_auto,fl_lossy,q_auto/ws-pilevneli/usr/exhibitions/images/exhibitions/19/untitled-tattoo.gif",media/b6284ee5ad51b8e117a3bf2e.gif,saved,1087014
"https://static-assets.artlogic.net/w_1600,h_1600,c_limit,f_auto,fl_lossy,q_auto/ws-pilevneli/usr/exhibitions/images/exhibitions/19/untitled-hair.gif",media/193dc32f02da7ffdb65462b9.gif,saved,992858
"https://static-assets.artlogic.net/w_1600,h_1600,c_limit,f_auto,fl_lossy,q_auto/ws-pilevneli/usr/images/exhibitions/images_and_objects/19/untitled-hair2.gif",media/5c6853127a5f9fb018d4c515.gif,saved,91014
"https://static-assets.artlogic.net/w_1600,h_1600,c_limit,f_auto,fl_lossy,q_auto/ws-pilevneli/usr/exhibitions/images/exhibitions/20/dsd_0301.jpg",media/3279db074035173e7b37fa68.jpg,saved,48736
"https://static-assets.artlogic.net/w_1600,h_1600,c_limit,f_auto,fl_lossy,q_auto/ws-pilevneli/usr/exhibitions/images/exhibitions/20/dsd_0302.jpg",media/cad2cac9823baf602b11fc76.jpg,saved,56394
"https://static-assets.artlogic.net/w_1600,h_1600,c_limit,f_auto,fl_lossy,q_auto/ws-pilevneli/usr/exhibitions/images/exhibitions/20/dsd_0294.jpg",media/40cb6875c387f51c24bddef0.jpg,saved,47252
"https://static-assets.artlogic.net/w_1600,h_1600,c_limit,f_auto,fl_lossy,q_auto/ws-pilevneli/usr/exhibitions/images/exhibitions/20/dsd_0303.jpg",media/cf00ebb462410e2382efa691.jpg,saved,57952
"https://static-assets.artlogic.net/w_1600,h_1600,c_limit,f_auto,fl_lossy,q_auto/ws-pilevneli/usr/exhibitions/images/exhibitions/20/dsd_0306.jpg",media/3536b11b144f412aadfcf720.jpg,saved,54266
"https://static-assets.artlogic.net/w_1600,h_1600,c_limit,f_auto,fl_lossy,q_auto/ws-pilevneli/usr/exhibitions/images/exhibitions/20/dsd_0307.jpg",media/4d8ec5a8cb825eb9bb840af4.jpg,saved,55724
"https://static-assets.artlogic.net/w_1600,h_1600,c_limit,f_auto,fl_lossy,q_auto/ws-pilevneli/usr/exhibitions/images/exhibitions/20/dsd_0308.jpg",media/781d167fc6f745a65b84a732.jpg,saved,50782
"https://static-assets.artlogic.net/w_1600,h_1600,c_limit,f_auto,fl_lossy,q_auto/ws-pilevneli/usr/exhibitions/images/exhibitions/20/dsd_0526.jpg",media/775433fe053f5644d5de5115.jpg,saved,66808
"https://static-assets.artlogic.net/w_1600,h_1600,c_limit,f_auto,fl_lossy,q_auto/ws-pilevneli/usr/exhibitions/images/exhibitions/20/dsd_0549.jpg",media/683432804849fcf104e4d329.jpg,saved,76452
"https://static-assets.artlogic.net/w_1600,h_1600,c_limit,f_auto,fl_lossy,q_auto/ws-pilevneli/usr/exhibitions/images/exhibitions/20/dsd_0569.jpg",media/ffb23cbdd39d214bc9781e8e.jpg,saved,45268
"https://static-assets.artlogic.net/w_1600,h_1600,c_limit,f_auto,fl_lossy,q_auto/ws-pilevneli/usr/exhibitions/images/exhibitions/20/dsd_0565.jpg",media/ebbf3d72f2f4464b2de0cd32.jpg,saved,57582
"https://static-assets.artlogic.net/w_1600,h_1600,c_limit,f_auto,fl_lossy,q_auto/ws-pilevneli/usr/exhibitions/images/exhibitions/20/dsd_0584.jpg",media/dca266c719789133dbf88a7d.jpg,saved,187326
"https://static-assets.artlogic.net/w_1600,h_1600,c_limit,f_auto,fl_lossy,q_auto/ws-pilevneli/usr/exhibitions/images/exhibitions/20/dsd_0588.jpg",media/da3affcb05c63ea70fc059dc.jpg,saved,138354
"https://static-assets.artlogic.net/w_1600,h_1600,c_limit,f_auto,fl_lossy,q_auto/ws-pilevneli/usr/exhibitions/images/exhibitions/20/dsd_0582.jpg",media/81566c18402c0dbf1d9b0af0.jpg,saved,103734
"https://static-assets.artlogic.net/w_1600,h_1600,c_limit,f_auto,fl_lossy,q_auto/ws-pilevneli/usr/exhibitions/images/exhibitions/20/dsd_0594.jpg",media/974c84f7a4eae58ac1f061d5.jpg,saved,166818
"https://static-assets.artlogic.net/w_1600,h_1600,c_limit,f_auto,fl_lossy,q_auto/ws-pilevneli/usr/exhibitions/images/exhibitions/20/dsd_0599.jpg",media/877e24fe9ce6154295f7834e.jpg,saved,147090
"https://static-assets.artlogic.net/w_1600,h_1600,c_limit,f_auto,fl_lossy,q_auto/ws-pilevneli/usr/exhibitions/images/exhibitions/20/dsd_0601.jpg",media/64854eec8869b617848a7d56.jpg,saved,235448
"https://static-assets.artlogic.net/w_1600,h_1600,c_limit,f_auto,fl_lossy,q_auto/ws-pilevneli/usr/exhibitions/images/exhibitions/20/dsd_0619.jpg",media/ff9f3ed88f9d5520999b4bc9.jpg,saved,112552
"https://static-assets.artlogic.net/w_1600,h_1600,c_limit,f_auto,fl_lossy,q_auto/ws-pilevneli/usr/exhibitions/images/exhibitions/20/dsd_0606.jpg",media/06fd1b89cf1b46a19a4fa8ac.jpg,saved,518990
"https://static-assets.artlogic.net/w_1600,h_1600,c_limit,f_auto,fl_lossy,q_auto/ws-pilevneli/usr/exhibitions/images/exhibitions/20/dsd_0605.jpg",media/b051fb4f3b0654b9b8bc515c.jpg,saved,445662
"https://static-assets.artlogic.net/w_1600,h_1600,c_limit,f_auto,fl_lossy,q_auto/ws-pilevneli/usr/exhibitions/images/exhibitions/20/dsd_0699.jpg",media/a555f722db79655e592ef567.jpg,saved,82194
"https://static-assets.artlogic.net/w_1600,h_1600,c_limit,f_auto,fl_lossy,q_auto/ws-pilevneli/usr/exhibitions/images/exhibitions/20/dsd_0648.jpg",media/cf6970af254d6b99e54f112a.jpg,saved,106836
"https://static-assets.artlogic.net/w_1600,h_1600,c_limit,f_auto,fl_lossy,q_auto/ws-pilevneli/usr/exhibitions/images/exhibitions/20/dsd_0621.jpg",media/5512f0c6d63b946fbc02cd27.jpg,saved,180422
"https://static-assets.artlogic.net/w_1600,h_1600,c_limit,f_auto,fl_lossy,q_auto/ws-pilevneli/usr/exhibitions/images/exhibitions/20/dsd_1673.jpg",media/730b307d7b13cbef4a994e71.jpg,saved,151744
"https://static-assets.artlogic.net/w_1600,h_1600,c_limit,f_auto,fl_lossy,q_auto/ws-pilevneli/usr/exhibitions/images/exhibitions/20/dsd_1678.jpg",media/4f6efb3b05652cb25d5a5539.jpg,saved,99584
"https://static-assets.artlogic.net/w_1600,h_1600,c_limit,f_auto,fl_lossy,q_auto/ws-pilevneli/usr/exhibitions/images/exhibitions/20/dsd_1676.jpg",media/5733714746bfc47ede6baeca.jpg,saved,79636
"https://static-assets.artlogic.net/w_1600,h_1600,c_limit,f_auto,fl_lossy,q_auto/ws-pilevneli/usr/exhibitions/images/exhibitions/20/dsd_1663.jpg",media/4a4e5e4456ea589c7a89913f.jpg,saved,137576
"https://static-assets.artlogic.net/w_1600,h_1600,c_limit,f_auto,fl_lossy,q_auto/ws-pilevneli/usr/exhibitions/images/exhibitions/20/dsd_0519.jpg",media/723170df0e6be92f13e90c8e.jpg,saved,56970
"https://static-assets.artlogic.net/w_1600,h_1600,c_limit,f_auto,fl_lossy,q_auto/ws-pilevneli/usr/images/artists/artwork_image_for_artists_page/items/97/97c480f5f31c415594d3f8904d0e8e45/bora-akinciturk.gif",media/f7a0d13452396b3353cc6868.gif,failed,"404 Client Error: Not Found for url: https://static-assets.artlogic.net/w_1600,h_1600,c_limit,f_auto,fl_lossy,q_auto/ws-pilevneli/usr/images/artists/artwork_image_for_artists_page/"
"https://static-assets.artlogic.net/w_1600,h_1600,c_limit,f_auto,fl_lossy,q_auto/ws-pilevneli/usr/exhibitions/images/exhibitions/21/lotus-2016-neon-motor-pleksiglas-u-zerine-akrilik-175x60x18cm.jpg",media/691133a3946b598e5d6f4ecb.jpg,saved,21990
"https://static-assets.artlogic.net/w_1600,h_1600,c_limit,f_auto,fl_lossy,q_auto/ws-pilevneli/usr/exhibitions/images/exhibitions/21/mint-2016-neon-pleksiglas-u-zerine-akrilik-175x60x18cm.jpg",media/d88cfcdb9eeafa0461d143d6.jpg,saved,42222
"https://static-assets.artlogic.net/w_1600,h_1600,c_limit,f_auto,fl_lossy,q_auto/ws-pilevneli/usr/exhibitions/images/exhibitions/21/puf-neon-pleksiglas-u-zerine-akrilik-175x60x18cm.jpg",media/74301cdc3760745ebd52f1bb.jpg,saved,40080
"https://static-assets.artlogic.net/w_1600,h_1600,c_limit,f_auto,fl_lossy,q_auto/ws-pilevneli/usr/exhibitions/images/exhibitions/21/y-lan-yag-2016-neon-pleksiglas-u-zerine-akrilik-175x60x18cm.jpg",media/e8870ded7f7875c3e2331d48.jpg,saved,34152
"https://static-assets.artlogic.net/w_1600,h_1600,c_limit,f_auto,fl_lossy,q_auto/ws-pilevneli/usr/exhibitions/images/exhibitions/21/elektra-web.gif",media/aee017d75a2962c690343523.gif,saved,306371
"https://static-assets.artlogic.net/w_1600,h_1600,c_limit,f_auto,fl_lossy,q_auto/ws-pilevneli/usr/exhibitions/images/exhibitions/22/dsd_0336.jpg",media/0848156f6e2aa032d8f1386c.jpg,saved,302450
"https://static-assets.artlogic.net/w_1600,h_1600,c_limit,f_auto,fl_lossy,q_auto/ws-pilevneli/usr/exhibitions/images/exhibitions/22/dsd_0342.jpg",media/fd9e05c0ade5bf2ce6ad26af.jpg,saved,216968
"https://static-assets.artlogic.net/w_1600,h_1600,c_limit,f_auto,fl_lossy,q_auto/ws-pilevneli/usr/exhibitions/images/exhibitions/22/dsd_0774.jpg",media/ae1c1fed2770208e30c7a349.jpg,saved,175078
"https://static-assets.artlogic.net/w_1600,h_1600,c_limit,f_auto,fl_lossy,q_auto/ws-pilevneli/usr/exhibitions/images/exhibitions/22/dsd_0352.jpg",media/b9d117a6c2c86fa9c95032eb.jpg,saved,137968
"https://static-assets.artlogic.net/w_1600,h_1600,c_limit,f_auto,fl_lossy,q_auto/ws-pilevneli/usr/exhibitions/images/exhibitions/22/dsd_0771.jpg",media/5baec91e83d1d9a7f003b11a.jpg,saved,99394
"https://static-assets.artlogic.net/w_1600,h_1600,c_limit,f_auto,fl_lossy,q_auto/ws-pilevneli/usr/exhibitions/images/exhibitions/22/dsd_0385.jpg",media/0c8bcdfb1ac577e8b9b79b74.jpg,saved,183848
"https://static-assets.artlogic.net/w_1600,h_1600,c_limit,f_auto,fl_lossy,q_auto/ws-pilevneli/usr/exhibitions/images/exhibitions/22/dsd_0772.jpg",media/51a104a4601ab68b8898647f.jpg,saved,150536
"https://static-assets.artlogic.net/w_1600,h_1600,c_limit,f_auto,fl_lossy,q_auto/ws-pilevneli/usr/exhibitions/images/exhibitions/22/dsd_0754.jpg",media/e4e5fd1bae637932482c159f.jpg,saved,119410
"https://static-assets.artlogic.net/w_1600,h_1600,c_limit,f_auto,fl_lossy,q_auto/ws-pilevneli/usr/exhibitions/images/exhibitions/22/dsd_0788.jpg",media/523db07b1764bb6c49a395e0.jpg,saved,164180
"https://static-assets.artlogic.net/w_1600,h_1600,c_limit,f_auto,fl_lossy,q_auto/ws-pilevneli/usr/exhibitions/images/exhibitions/22/dsd_0761.jpg",media/00e1a3723daac910e0e0efa4.jpg,saved,181230
"https://static-assets.artlogic.net/w_1600,h_1600,c_limit,f_auto,fl_lossy,q_auto/ws-pilevneli/usr/images/exhibitions/group_images_override/22/dsd_7638.gif",media/65de1455342e116bfe78d14d.gif,saved,691912
"https://static-assets.artlogic.net/w_1600,h_1600,c_limit,f_auto,fl_lossy,q_auto/ws-pilevneli/usr/exhibitions/images/exhibitions/22/dsd_7638.gif",media/091c60d3b9bda9a79966f618.gif,saved,1645281
"https://static-assets.artlogic.net/w_1600,h_1600,c_limit,f_auto,fl_lossy,q_auto/ws-pilevneli/usr/exhibitions/images/exhibitions/22/dsd_7645.gif",media/244f2567f6464c4457cf2855.gif,saved,1126640
"https://static-assets.artlogic.net/w_1600,h_1600,c_limit,f_auto,fl_lossy,q_auto/ws-pilevneli/usr/exhibitions/images/exhibitions/22/dsd_7648.gif",media/b711e24f7378a11ebf2444a9.gif,saved,1071532
"https://static-assets.artlogic.net/w_1600,h_1600,c_limit,f_auto,fl_lossy,q_auto/ws-pilevneli/usr/exhibitions/images/exhibitions/22/dsd_7654.gif",media/a04326d5047f65d63fbedb89.gif,saved,1282111
"https://static-assets.artlogic.net/w_1600,h_1600,c_limit,f_auto,fl_lossy,q_auto/ws-pilevneli/usr/exhibitions/images/exhibitions/22/dsd_7666.gif",media/15028050f2253d6ed7b0db05.gif,saved,1730383
"https://static-assets.artlogic.net/w_1600,h_1600,c_limit,f_auto,fl_lossy,q_auto/ws-pilevneli/usr/exhibitions/images/exhibitions/22/dsd_7672.gif",media/ee9465eff69920e7feb5b51d.gif,saved,1474161
"https://static-assets.artlogic.net/w_1600,h_1600,c_limit,f_auto,fl_lossy,q_auto/ws-pilevneli/usr/exhibitions/images/exhibitions/22/dsd_7691.gif",media/239ccf4ca5393acf89f7727a.gif,saved,930112
"https://static-assets.artlogic.net/w_1600,h_1600,c_limit,f_auto,fl_lossy,q_auto/ws-pilevneli/usr/exhibitions/images/exhibitions/22/dsd_7695.gif",media/57064dc909af8197ddb99938.gif,saved,1074269
"https://static-assets.artlogic.net/w_1600,h_1600,c_limit,f_auto,fl_lossy,q_auto/ws-pilevneli/usr/exhibitions/images/exhibitions/22/dsd_7707.gif",media/0f833e819b4665dffe68c105.gif,saved,1136056
"https://static-assets.artlogic.net/w_1600,h_1600,c_limit,f_auto,fl_lossy,q_auto/ws-pilevneli/usr/exhibitions/images/exhibitions/23/dsd_8704.jpg",media/763c10c0e95f11c0a0262562.jpg,saved,93042
"https://static-assets.artlogic.net/w_1600,h_1600,c_limit,f_auto,fl_lossy,q_auto/ws-pilevneli/usr/exhibitions/images/exhibitions/23/dsd_8695.jpg",media/d086ce20284df3dc60e6aa35.jpg,saved,70842
"https://static-assets.artlogic.net/w_1600,h_1600,c_limit,f_auto,fl_lossy,q_auto/ws-pilevneli/usr/exhibitions/images/exhibitions/23/dsd_8708.jpg",media/549ed9643cab15228716698d.jpg,saved,66074
"https://static-assets.artlogic.net/w_1600,h_1600,c_limit,f_auto,fl_lossy,q_auto/ws-pilevneli/usr/exhibitions/images/exhibitions/23/dsd_8604.jpg",media/125e67822d2a6ea8b01ef766.jpg,saved,120308
"https://static-assets.artlogic.net/w_1600,h_1600,c_limit,f_auto,fl_lossy,q_auto/ws-pilevneli/usr/exhibitions/images/exhibitions/23/dsd_8601.jpg",media/983f8318a697b712a8b353d1.jpg,saved,82700
"https://static-assets.artlogic.net/w_1600,h_1600,c_limit,f_auto,fl_lossy,q_auto/ws-pilevneli/usr/exhibitions/images/exhibitions/23/dsd_8633.jpg",media/f14babd93ba48a2296f84028.jpg,saved,48902
"https://static-assets.artlogic.net/w_1600,h_1600,c_limit,f_auto,fl_lossy,q_auto/ws-pilevneli/usr/exhibitions/images/exhibitions/23/dsd_8655.jpg",media/ff316cc8632dbde873185d9b.jpg,saved,101966
"https://static-assets.artlogic.net/w_1600,h_1600,c_limit,f_auto,fl_lossy,q_auto/ws-pilevneli/usr/exhibitions/images/exhibitions/23/dsd_8637.jpg",media/a147e209a8b7729d766af690.jpg,saved,114762
"https://static-assets.artlogic.net/w_1600,h_1600,c_limit,f_auto,fl_lossy,q_auto/ws-pilevneli/usr/exhibitions/images/exhibitions/23/dsd_8629.jpg",media/285c288741df5c13361c91d3.jpg,saved,78562
"https://static-assets.artlogic.net/w_1600,h_1600,c_limit,f_auto,fl_lossy,q_auto/ws-pilevneli/usr/exhibitions/images/exhibitions/23/dsd_8617.jpg",media/8e6d433b74ff48b34071ae2b.jpg,saved,94676
"https://static-assets.artlogic.net/w_1600,h_1600,c_limit,f_auto,fl_lossy,q_auto/ws-pilevneli/usr/exhibitions/images/exhibitions/23/dsd_8561.jpg",media/eedbc729df056dee950947f9.jpg,saved,63146
"https://static-assets.artlogic.net/w_1600,h_1600,c_limit,f_auto,fl_lossy,q_auto/ws-pilevneli/usr/exhibitions/images/exhibitions/23/dsd_8572.jpg",media/72f421c92a858ac892888584.jpg,saved,110452
"https://static-assets.artlogic.net/w_1600,h_1600,c_limit,f_auto,fl_lossy,q_auto/ws-pilevneli/usr/exhibitions/images/exhibitions/23/dsd_8574.jpg",media/8ac999152d797f98cb5a8542.jpg,saved,137522
"https://static-assets.artlogic.net/w_1600,h_1600,c_limit,f_auto,fl_lossy,q_auto/ws-pilevneli/usr/exhibitions/images/exhibitions/23/dsd_8558.jpg",media/b8306d9fa29284b9dd8ffb30.jpg,saved,62870
"https://static-assets.artlogic.net/w_1600,h_1600,c_limit,f_auto,fl_lossy,q_auto/ws-pilevneli/usr/exhibitions/images/exhibitions/23/dsd_8551.jpg",media/8e1957146faba84350138c29.jpg,saved,64466
"https://static-assets.artlogic.net/w_1600,h_1600,c_limit,f_auto,fl_lossy,q_auto/ws-pilevneli/usr/exhibitions/images/exhibitions/23/dsd_8526.jpg",media/c0fb1046c35b9f2756fa5a03.jpg,saved,233096
"https://static-assets.artlogic.net/w_1600,h_1600,c_limit,f_auto,fl_lossy,q_auto/ws-pilevneli/usr/images/exhibitions/images_and_objects2/23/dsd_8518-kopya2.gif",media/8067936d609b605442f02ada.gif,saved,383082
"https://static-assets.artlogic.net/w_1600,h_1600,c_limit,f_auto,fl_lossy,q_auto/ws-pilevneli/usr/exhibitions/images/exhibitions/23/dsd_8528.jpg",media/22c517a6ed1d46211e4bb6f0.jpg,saved,159480
"https://static-assets.artlogic.net/w_1600,h_1600,c_limit,f_auto,fl_lossy,q_auto/ws-pilevneli/usr/exhibitions/images/exhibitions/23/dsd_8536.jpg",media/113b5bd5cbe2f071445b0439.jpg,saved,161056
"https://static-assets.artlogic.net/w_1600,h_1600,c_limit,f_auto,fl_lossy,q_auto/ws-pilevneli/usr/exhibitions/images/exhibitions/23/dsd_8533.jpg",media/4948640aaf77ce8cb71bf60a.jpg,saved,148032
"https://static-assets.artlogic.net/w_1600,h_1600,c_limit,f_auto,fl_lossy,q_auto/ws-pilevneli/usr/exhibitions/images/exhibitions/23/dsd_8516.jpg",media/baf7428c374fc04e04c6e428.jpg,saved,161992
"https://static-assets.artlogic.net/w_1600,h_1600,c_limit,f_auto,fl_lossy,q_auto/ws-pilevneli/usr/images/exhibitions/group_images_override/23/pr-image2.gif",media/81d5bfac461c0dbb460bff3a.gif,saved,119696
"https://static-assets.artlogic.net/w_1600,h_1600,c_limit,f_auto,fl_lossy,q_auto/ws-pilevneli/usr/images/exhibitions/images_and_objects/23/melancholic-sunset.gif",media/2fe40fb2ddf0fe8da1e57162.gif,saved,157926
"https://static-assets.artlogic.net/w_1600,h_1600,c_limit,f_auto,fl_lossy,q_auto/ws-pilevneli/usr/exhibitions/images/exhibitions/23/flower.gif",media/2d17ed9409b65b874054b448.gif,saved,540594
"https://static-assets.artlogic.net/w_1600,h_1600,c_limit,f_auto,fl_lossy,q_auto/ws-pilevneli/usr/exhibitions/images/exhibitions/23/spotted-bettie.gif",media/d8e6e86ce0986bd3ea9f1890.gif,saved,998801
"https://static-assets.artlogic.net/w_1600,h_1600,c_limit,f_auto,fl_lossy,q_auto/ws-pilevneli/usr/images/exhibitions/images_and_objects/23/yellow-bettie-son.gif",media/45dd3fd3230f6c18dbbf5222.gif,saved,293730
"https://static-assets.artlogic.net/w_1600,h_1600,c_limit,f_auto,fl_lossy,q_auto/ws-pilevneli/usr/exhibitions/images/exhibitions/23/cloudy-bettie.gif",media/afa9dd80045f5e3f76d58166.gif,saved,968311
"https://static-assets.artlogic.net/w_1600,h_1600,c_limit,f_auto,fl_lossy,q_auto/ws-pilevneli/usr/exhibitions/images/exhibitions/23/pink-bettie.gif",media/3158d780110276ec45ba031c.gif,saved,1048877
"https://static-assets.artlogic.net/w_1600,h_1600,c_limit,f_auto,fl_lossy,q_auto/ws-pilevneli/usr/exhibitions/images/exhibitions/23/black-bettie.gif",media/c82a0f40e3c69e63dd675419.gif,saved,802056
"https://static-assets.artlogic.net/w_1600,h_1600,c_limit,f_auto,fl_lossy,q_auto/ws-pilevneli/usr/exhibitions/images/exhibitions/23/coklu.gif",media/128813b24f6c133d7cdd6e0a.gif,saved,1422813
"https://static-assets.artlogic.net/w_1600,h_1600,c_limit,f_auto,fl_lossy,q_auto/ws-pilevneli/usr/exhibitions/images/exhibitions/23/pink-landscape.gif",media/c307d36e6ebc97d3ec6f6443.gif,saved,953461
"https://static-assets.artlogic.net/w_1600,h_1600,c_limit,f_auto,fl_lossy,q_auto/ws-pilevneli/usr/exhibitions/images/exhibitions/23/landscape.gif",media/7522274f2f5a5c49615fdd2a.gif,saved,681236
"https://static-assets.artlogic.net/w_1600,h_1600,c_limit,f_auto,fl_lossy,q_auto/ws-pilevneli/usr/exhibitions/images/exhibitions/23/black-landscape.gif",media/1e057817f59b1267bbe96ff8.gif,saved,979586
"https://static-assets.artlogic.net/w_1600,h_1600,c_limit,f_auto,fl_lossy,q_auto/ws-pilevneli/usr/exhibitions/images/exhibitions/23/inek-oglan1.gif",media/5b9ce7845876d2606842aad6.gif,saved,1106276
"https://static-assets.artlogic.net/w_1600,h_1600,c_limit,f_auto,fl_lossy,q_auto/ws-pilevneli/usr/exhibitions/images/exhibitions/23/grinning-soul.gif",media/2727dd889e4a83c36d45a645.gif,saved,703688
"https://static-assets.artlogic.net/w_1600,h_1600,c_limit,f_auto,fl_lossy,q_auto/ws-pilevneli/usr/exhibitions/images/exhibitions/23/kopek.gif",media/009aa9237844fb6486d4d89b.gif,saved,657511
"https://static-assets.artlogic.net/w_1600,h_1600,c_limit,f_auto,fl_lossy,q_auto/ws-pilevneli/usr/exhibitions/images/exhibitions/23/inek-oglan2.gif",media/f6aed852e96e0d04f2b0eff8.gif,saved,1053419
"https://static-assets.artlogic.net/w_1600,h_1600,c_limit,f_auto,fl_lossy,q_auto/ws-pilevneli/usr/images/artists/artwork_image_for_artists_page/items/28/28b6d2a049364afe8841fca861118789/tursic-mille.gif",media/b10ebf258df84324b3f009cb.gif,failed,"404 Client Error: Not Found for url: https://static-assets.artlogic.net/w_1600,h_1600,c_limit,f_auto,fl_lossy,q_auto/ws-pilevneli/usr/images/artists/artwork_image_for_artists_page/"
"https://static-assets.artlogic.net/w_1600,h_1600,c_limit,f_auto,fl_lossy,q_auto/ws-pilevneli/usr/exhibitions/images/exhibitions/24/refik-anadol_dsc6186.jpg",media/bb512eede75f37ef46fcabf9.jpg,saved,70838
"https://static-assets.artlogic.net/w_1600,h_1600,c_limit,f_auto,fl_lossy,q_auto/ws-pilevneli/usr/exhibitions/images/exhibitions/24/refik-anadol_dsc6189.jpg",media/95fbada4a877a0da58471c24.jpg,saved,61316
"https://static-assets.artlogic.net/w_1600,h_1600,c_limit,f_auto,fl_lossy,q_auto/ws-pilevneli/usr/exhibitions/images/exhibitions/24/refik-anadol_dsc6192.jpg",media/61079490d20e8889a78c7834.jpg,saved,65542
"https://static-assets.artlogic.net/w_1600,h_1600,c_limit,f_auto,fl_lossy,q_auto/ws-pilevneli/usr/exhibitions/images/exhibitions/24/refik-anadol_dsc6464.jpg",media/c26b5f9d416bc4d54f52173a.jpg,saved,51066
"https://static-assets.artlogic.net/w_1600,h_1600,c_limit,f_auto,fl_lossy,q_auto/ws-pilevneli/usr/exhibitions/images/exhibitions/24/hans-op-de-beeck_dsc6146.jpg",media/90b87fc6c4fb43bde1416b4c.jpg,saved,81028
"https://static-assets.artlogic.net/w_1600,h_1600,c_limit,f_auto,fl_lossy,q_auto/ws-pilevneli/usr/exhibitions/images/exhibitions/24/hans-op-de-beeck_dsc6148.jpg",media/23292f5fa11a8f1dd467af72.jpg,saved,45806
"https://static-assets.artlogic.net/w_1600,h_1600,c_limit,f_auto,fl_lossy,q_auto/ws-pilevneli/usr/exhibitions/images/exhibitions/24/hans-op-de-beeck_dsc6150.jpg",media/1105757f87bca697a2a30bde.jpg,saved,71468
"https://static-assets.artlogic.net/w_1600,h_1600,c_limit,f_auto,fl_lossy,q_auto/ws-pilevneli/usr/exhibitions/images/exhibitions/24/hans-op-de-beeck_dsc6152.jpg",media/90476af416643b54b936d691.jpg,saved,67974
"https://static-assets.artlogic.net/w_1600,h_1600,c_limit,f_auto,fl_lossy,q_auto/ws-pilevneli/usr/exhibitions/images/exhibitions/24/hans-op-de-beeck_dsc6153.jpg",media/d611e676f55b488b6ee49e5b.jpg,saved,78412
"https://static-assets.artlogic.net/w_1600,h_1600,c_limit,f_auto,fl_lossy,q_auto/ws-pilevneli/usr/exhibitions/images/exhibitions/24/hans-op-de-beeck_dsc6156.jpg",media/1f3ca30bb2d285c6c654d853.jpg,saved,39892
"https://static-assets.artlogic.net/w_1600,h_1600,c_limit,f_auto,fl_lossy,q_auto/ws-pilevneli/usr/exhibitions/images/exhibitions/24/hans-op-de-beeck_dsc6162.jpg",media/6d5338d30b8d4a51e9709fda.jpg,saved,43410
"https://static-assets.artlogic.net/w_1600,h_1600,c_limit,f_auto,fl_lossy,q_auto/ws-pilevneli/usr/exhibitions/images/exhibitions/24/hans-op-de-beeck_dsc6164.jpg",media/68b2114dc8e6f178282153be.jpg,saved,55800
"https://static-assets.artlogic.net/w_1600,h_1600,c_limit,f_auto,fl_lossy,q_auto/ws-pilevneli/usr/exhibitions/images/exhibitions/24/daniel-firman_dsc6250.jpg",media/6a521491347d3fc217b9a052.jpg,saved,77554
"https://static-assets.artlogic.net/w_1600,h_1600,c_limit,f_auto,fl_lossy,q_auto/ws-pilevneli/usr/exhibitions/images/exhibitions/24/daniel-firman_dsc6272.jpg",media/61e56395ca7d8f2613819470.jpg,saved,78658
"https://static-assets.artlogic.net/w_1600,h_1600,c_limit,f_auto,fl_lossy,q_auto/ws-pilevneli/usr/exhibitions/images/exhibitions/24/daniel-firman_dsc6276.jpg",media/b1f2e1421fe3cec5efa51c34.jpg,saved,73802
"https://static-assets.artlogic.net/w_1600,h_1600,c_limit,f_auto,fl_lossy,q_auto/ws-pilevneli/usr/exhibitions/images/exhibitions/24/daniel-firman_dsc6280.jpg",media/423eda223d597dd125e81491.jpg,saved,81872
"https://static-assets.artlogic.net/w_1600,h_1600,c_limit,f_auto,fl_lossy,q_auto/ws-pilevneli/usr/exhibitions/images/exhibitions/24/daniel-firman_dsc6289.jpg",media/84278e2375d2d03d2c15cc51.jpg,saved,89418
"https://static-assets.artlogic.net/w_1600,h_1600,c_limit,f_auto,fl_lossy,q_auto/ws-pilevneli/usr/exhibitions/images/exhibitions/24/daniel-firman_dsc6284.jpg",media/79b693e32b11fbadf4c5ff83.jpg,saved,57498
"https://static-assets.artlogic.net/w_1600,h_1600,c_limit,f_auto,fl_lossy,q_auto/ws-pilevneli/usr/exhibitions/images/exhibitions/24/daniel-firman_dsc6306.jpg",media/3a8f503ff4df0d6cff9696ed.jpg,saved,109806
"https://static-assets.artlogic.net/w_1600,h_1600,c_limit,f_auto,fl_lossy,q_auto/ws-pilevneli/usr/exhibitions/images/exhibitions/24/daniel-firman_dsc6308.jpg",media/59d2549b65e2886d63fadc7b.jpg,saved,98108
"https://static-assets.artlogic.net/w_1600,h_1600,c_limit,f_auto,fl_lossy,q_auto/ws-pilevneli/usr/exhibitions/images/exhibitions/24/daniel-firman_dsc6319.jpg",media/b8fd89874f1dc862e3415e50.jpg,saved,68464
"https://static-assets.artlogic.net/w_1600,h_1600,c_limit,f_auto,fl_lossy,q_auto/ws-pilevneli/usr/exhibitions/images/exhibitions/24/daniel-firman_dsc6334.jpg",media/cabda38f018795bfd7869bbc.jpg,saved,115224
"https://static-assets.artlogic.net/w_1600,h_1600,c_limit,f_auto,fl_lossy,q_auto/ws-pilevneli/usr/exhibitions/images/exhibitions/24/daniel-firman_dsc6325.jpg",media/c867269deb9be419db963d3c.jpg,saved,116168
"https://static-assets.artlogic.net/w_1600,h_1600,c_limit,f_auto,fl_lossy,q_auto/ws-pilevneli/usr/exhibitions/images/exhibitions/24/daniel-firman_dsc6332.jpg",media/b4d2337bf116e6ec116ce739.jpg,saved,109974
"https://static-assets.artlogic.net/w_1600,h_1600,c_limit,f_auto,fl_lossy,q_auto/ws-pilevneli/usr/exhibitions/images/exhibitions/24/daniel-firman_dsc6354.jpg",media/01f0b0a814742aacd9ff38ab.jpg,saved,61770
"https://static-assets.artlogic.net/w_1600,h_1600,c_limit,f_auto,fl_lossy,q_auto/ws-pilevneli/usr/exhibitions/images/exhibitions/24/daniel-firman_dsc6360.jpg",media/579939c01dc2ca6e39097c2d.jpg,saved,47006
"https://static-assets.artlogic.net/w_1600,h_1600,c_limit,f_auto,fl_lossy,q_auto/ws-pilevneli/usr/exhibitions/images/exhibitions/24/daniel-firman_dsc6363.jpg",media/66205e2f0df7f5842d56f87d.jpg,saved,67308
"https://static-assets.artlogic.net/w_1600,h_1600,c_limit,f_auto,fl_lossy,q_auto/ws-pilevneli/usr/exhibitions/images/exhibitions/24/daniel-firman_dsc6365.jpg",media/9b7190a31e4f27fa06500542.jpg,saved,109060
"https://static-assets.artlogic.net/w_1600,h_1600,c_limit,f_auto,fl_lossy,q_auto/ws-pilevneli/usr/exhibitions/images/exhibitions/24/daniel-firman_dsc6368.jpg",media/8abd6620ac9e7654bf129a5f.jpg,saved,23854
"https://static-assets.artlogic.net/w_1600,h_1600,c_limit,f_auto,fl_lossy,q_auto/ws-pilevneli/usr/exhibitions/images/exhibitions/24/daniel-firman_dsc6373.jpg",media/65440b36d6124d6c8406c26e.jpg,saved,63194
"https://static-assets.artlogic.net/w_1600,h_1600,c_limit,f_auto,fl_lossy,q_auto/ws-pilevneli/usr/exhibitions/images/exhibitions/24/daniel-firman_dsc6374.jpg",media/32e6361fc78ab42cc565651b.jpg,saved,50734
"https://static-assets.artlogic.net/w_1600,h_1600,c_limit,f_auto,fl_lossy,q_auto/ws-pilevneli/usr/exhibitions/images/exhibitions/24/daniel-firman_dsc6386.jpg",media/c3ce7e626664740b036dd99f.jpg,saved,82936
"https://static-assets.artlogic.net/w_1600,h_1600,c_limit,f_auto,fl_lossy,q_auto/ws-pilevneli/usr/exhibitions/images/exhibitions/24/daniel-firman_dsc6355.jpg",media/e22a41e89550d2480cb2e894.jpg,saved,128480
"https://static-assets.artlogic.net/w_1600,h_1600,c_limit,f_auto,fl_lossy,q_auto/ws-pilevneli/usr/exhibitions/images/exhibitions/24/daniel-firman_dsc6522.jpg",media/77c212a9b8c1630f0e13dc39.jpg,saved,126160
"https://static-assets.artlogic.net/w_1600,h_1600,c_limit,f_auto,fl_lossy,q_auto/ws-pilevneli/usr/exhibitions/images/exhibitions/24/daniel-firman_dsc6517.jpg",media/51cc314f8e90bf2866b00655.jpg,saved,125204
"https://static-assets.artlogic.net/w_1600,h_1600,c_limit,f_auto,fl_lossy,q_auto/ws-pilevneli/usr/exhibitions/images/exhibitions/24/daniel-firman_dsc6503.jpg",media/b98563c09225ecfda9bd8014.jpg,saved,143694
"https://static-assets.artlogic.net/w_1600,h_1600,c_limit,f_auto,fl_lossy,q_auto/ws-pilevneli/usr/exhibitions/images/exhibitions/24/arik-levy_dsc6226.jpg",media/9a7f80a091db6d12a8727228.jpg,saved,158100
"https://static-assets.artlogic.net/w_1600,h_1600,c_limit,f_auto,fl_lossy,q_auto/ws-pilevneli/usr/exhibitions/images/exhibitions/24/arik-levy_dsc6210.jpg",media/7654388e61b8c64c2a672cf0.jpg,saved,240092
"https://static-assets.artlogic.net/w_1600,h_1600,c_limit,f_auto,fl_lossy,q_auto/ws-pilevneli/usr/exhibitions/images/exhibitions/24/arik-levy_dsc6195.jpg",media/caa9e1216eb98c9ce525ccdf.jpg,saved,71438
"https://static-assets.artlogic.net/w_1600,h_1600,c_limit,f_auto,fl_lossy,q_auto/ws-pilevneli/usr/exhibitions/images/exhibitions/24/arik-levy_dsc6231.jpg",media/073723f138ddf2dfd3c503e1.jpg,saved,193146
"https://static-assets.artlogic.net/w_1600,h_1600,c_limit,f_auto,fl_lossy,q_auto/ws-pilevneli/usr/exhibitions/images/exhibitions/24/arik-levy_dsc6399.jpg",media/5c1442d60cad0cbd799999e8.jpg,saved,37410
"https://static-assets.artlogic.net/w_1600,h_1600,c_limit,f_auto,fl_lossy,q_auto/ws-pilevneli/usr/exhibitions/images/exhibitions/24/arik-levy_dsc6401.jpg",media/6bafba56d2ae5f817bedcec5.jpg,saved,23046
"https://static-assets.artlogic.net/w_1600,h_1600,c_limit,f_auto,fl_lossy,q_auto/ws-pilevneli/usr/exhibitions/images/exhibitions/24/arik-levy_dsc6411.jpg",media/3d11ac5b7fd75d055ad6c0ea.jpg,saved,45240
"https://static-assets.artlogic.net/w_1600,h_1600,c_limit,f_auto,fl_lossy,q_auto/ws-pilevneli/usr/exhibitions/images/exhibitions/24/arik-levy_dsc6417.jpg",media/45f9f858e87149dbe3fb3d94.jpg,saved,78180
"https://static-assets.artlogic.net/w_1600,h_1600,c_limit,f_auto,fl_lossy,q_auto/ws-pilevneli/usr/exhibitions/images/exhibitions/24/arik-levy_dsc6419.jpg",media/dca3f0fc200a421bd4ac5a58.jpg,saved,65172
"https://static-assets.artlogic.net/w_1600,h_1600,c_limit,f_auto,fl_lossy,q_auto/ws-pilevneli/usr/exhibitions/images/exhibitions/24/arik-levy_dsc6420.jpg",media/401b2452a3681714274c5669.jpg,saved,79206
"https://static-assets.artlogic.net/w_1600,h_1600,c_limit,f_auto,fl_lossy,q_auto/ws-pilevneli/usr/exhibitions/images/exhibitions/24/arik-levy_dsc6421.jpg",media/3932e1c2d60d6fe7259382bb.jpg,saved,54718
"https://static-assets.artlogic.net/w_1600,h_1600,c_limit,f_auto,fl_lossy,q_auto/ws-pilevneli/usr/exhibitions/images/exhibitions/24/arik-levy_dsc6426.jpg",media/14b321bf979fbb13621b9821.jpg,saved,68748
"https://static-assets.artlogic.net/w_1600,h_1600,c_limit,f_auto,fl_lossy,q_auto/ws-pilevneli/usr/exhibitions/images/exhibitions/24/arik-levy_dsc6429.jpg",media/c638bb11bfcdc4cf4d249e99.jpg,saved,74594
"https://static-assets.artlogic.net/w_1600,h_1600,c_limit,f_auto,fl_lossy,q_auto/ws-pilevneli/usr/exhibitions/images/exhibitions/24/arik-levy_dsc6434.jpg",media/e910ba3716fbda06948c923c.jpg,saved,67576
"https://static-assets.artlogic.net/w_1600,h_1600,c_limit,f_auto,fl_lossy,q_auto/ws-pilevneli/usr/exhibitions/images/exhibitions/24/arik-levy_dsc8133.jpg",media/b061a7adabccc9754f034191.jpg,saved,67628
"https://static-assets.artlogic.net/w_1600,h_1600,c_limit,f_auto,fl_lossy,q_auto/ws-pilevneli/usr/exhibitions/images/exhibitions/24/arik-levy_dsc8149.jpg",media/b356632b23d8ef2e59a395b8.jpg,saved,68660
"https://static-assets.artlogic.net/w_1600,h_1600,c_limit,f_auto,fl_lossy,q_auto/ws-pilevneli/usr/exhibitions/images/exhibitions/24/arik-levy_dsc8168.jpg",media/5f30c65c47ebeacc89c1a294.jpg,saved,61194
"https://static-assets.artlogic.net/w_1600,h_1600,c_limit,f_auto,fl_lossy,q_auto/ws-pilevneli/usr/exhibitions/images/exhibitions/24/arik-levy_dsc8171.jpg",media/737c3517a13d52288f98758c.jpg,saved,63602
"https://static-assets.artlogic.net/w_1600,h_1600,c_limit,f_auto,fl_lossy,q_auto/ws-pilevneli/usr/exhibitions/images/exhibitions/24/arik-levy_dsc8208.jpg",media/846a5dabd3e5a76b09f9e545.jpg,saved,27350
"https://static-assets.artlogic.net/w_1600,h_1600,c_limit,f_auto,fl_lossy,q_auto/ws-pilevneli/usr/exhibitions/images/exhibitions/24/arik-levy_dsc8188.jpg",media/bedfacd3a952454d3196af44.jpg,saved,134604
"https://static-assets.artlogic.net/w_1600,h_1600,c_limit,f_auto,fl_lossy,q_auto/ws-pilevneli/usr/exhibitions/images/exhibitions/24/tony-matelli_dsc6036.jpg",media/a080441a92048d27e8c69e82.jpg,saved,103924
"https://static-assets.artlogic.net/w_1600,h_1600,c_limit,f_auto,fl_lossy,q_auto/ws-pilevneli/usr/exhibitions/images/exhibitions/24/tony-matelli_dsc6039.jpg",media/325797df8f3d7ba537f6429d.jpg,saved,40746
"https://static-assets.artlogic.net/w_1600,h_1600,c_limit,f_auto,fl_lossy,q_auto/ws-pilevneli/usr/exhibitions/images/exhibitions/24/tony-matelli_dsc6049.jpg",media/3b1d3ef6194c4c05e25ab433.jpg,saved,52566
"https://static-assets.artlogic.net/w_1600,h_1600,c_limit,f_auto,fl_lossy,q_auto/ws-pilevneli/usr/exhibitions/images/exhibitions/24/tony-matelli_dsc6058.jpg",media/7b76f01409cec14474c7880a.jpg,saved,70880
"https://static-assets.artlogic.net/w_1600,h_1600,c_limit,f_auto,fl_lossy,q_auto/ws-pilevneli/usr/exhibitions/images/exhibitions/24/tony-matelli_dsc6060.jpg",media/f898b5921838aa0488913589.jpg,saved,80054
"https://static-assets.artlogic.net/w_1600,h_1600,c_limit,f_auto,fl_lossy,q_auto/ws-pilevneli/usr/exhibitions/images/exhibitions/24/tony-matelli_dsc6061.jpg",media/90bc80a7db748479421c751c.jpg,saved,75184
"https://static-assets.artlogic.net/w_1600,h_1600,c_limit,f_auto,fl_lossy,q_auto/ws-pilevneli/usr/exhibitions/images/exhibitions/24/tony-matelli_dsc6068.jpg",media/ca37d57c6711ce7d86f82b16.jpg,saved,121076
"https://static-assets.artlogic.net/w_1600,h_1600,c_limit,f_auto,fl_lossy,q_auto/ws-pilevneli/usr/exhibitions/images/exhibitions/24/tony-matelli_dsc6074.jpg",media/ad4d9cf2fb53fe64570b16f1.jpg,saved,48666
"https://static-assets.artlogic.net/w_1600,h_1600,c_limit,f_auto,fl_lossy,q_auto/ws-pilevneli/usr/exhibitions/images/exhibitions/24/tony-matelli_dsc6077.jpg",media/0185125160aa4da89ad0817c.jpg,saved,44952
"https://static-assets.artlogic.net/w_1600,h_1600,c_limit,f_auto,fl_lossy,q_auto/ws-pilevneli/usr/exhibitions/images/exhibitions/24/tony-matelli_dsc6082.jpg",media/b5c1d7768749409bc36f5bff.jpg,saved,41578
"https://static-assets.artlogic.net/w_1600,h_1600,c_limit,f_auto,fl_lossy,q_auto/ws-pilevneli/usr/exhibitions/images/exhibitions/24/tony-matelli_dsc6084.jpg",media/f941f547c83f06271291156d.jpg,saved,55408
"https://static-assets.artlogic.net/w_1600,h_1600,c_limit,f_auto,fl_lossy,q_auto/ws-pilevneli/usr/exhibitions/images/exhibitions/24/tony-matelli_dsc6113.jpg",media/b24dc2aaa795e661571906f7.jpg,saved,79402
"https://static-assets.artlogic.net/w_1600,h_1600,c_limit,f_auto,fl_lossy,q_auto/ws-pilevneli/usr/exhibitions/images/exhibitions/24/tony-matelli_dsc8003.jpg",media/270d6605ed73f9f1d506a617.jpg,saved,82920
"https://static-assets.artlogic.net/w_1600,h_1600,c_limit,f_auto,fl_lossy,q_auto/ws-pilevneli/usr/exhibitions/images/exhibitions/24/tony-matelli_dsc8006.jpg",media/c1feadea3cf8fb0b94ec0fc6.jpg,saved,236618
"https://static-assets.artlogic.net/w_1600,h_1600,c_limit,f_auto,fl_lossy,q_auto/ws-pilevneli/usr/exhibitions/images/exhibitions/24/tony-matelli_dsc8027.jpg",media/88b0c6fabf2097487885a8f4.jpg,saved,60804
"https://static-assets.artlogic.net/w_1600,h_1600,c_limit,f_auto,fl_lossy,q_auto/ws-pilevneli/usr/exhibitions/images/exhibitions/24/youssef-nabil_dsc6171.jpg",media/c6dc0d1a2d9ad87d93138cc1.jpg,saved,91138
"https://static-assets.artlogic.net/w_1600,h_1600,c_limit,f_auto,fl_lossy,q_auto/ws-pilevneli/usr/exhibitions/images/exhibitions/24/youssef-nabil_dsc6173.jpg",media/51b86919adc9c9dc6a9b3a27.jpg,saved,40540
"https://static-assets.artlogic.net/w_1600,h_1600,c_limit,f_auto,fl_lossy,q_auto/ws-pilevneli/usr/exhibitions/images/exhibitions/24/youssef-nabil_dsc6177.jpg",media/5ba2d75804157c53a85c01a9.jpg,saved,39710
"https://static-assets.artlogic.net/w_1600,h_1600,c_limit,f_auto,fl_lossy,q_auto/ws-pilevneli/usr/exhibitions/images/exhibitions/24/youssef-nabil_dsc6179.jpg",media/6fbd4ae5b52f44efd8e6f6b9.jpg,saved,50268
"https://static-assets.artlogic.net/w_1600,h_1600,c_limit,f_auto,fl_lossy,q_auto/ws-pilevneli/usr/exhibitions/images/exhibitions/24/youssef-nabil_dsc6180.jpg",media/05b87a41c28922a577c9633f.jpg,saved,31424
"https://static-assets.artlogic.net/w_1600,h_1600,c_limit,f_auto,fl_lossy,q_auto/ws-pilevneli/usr/exhibitions/images/exhibitions/24/youssef-nabil_dsc6181.jpg",media/8050ecc0f7da80c119accb36.jpg,saved,23366
"https://static-assets.artlogic.net/w_1600,h_1600,c_limit,f_auto,fl_lossy,q_auto/ws-pilevneli/usr/exhibitions/images/exhibitions/24/s-ener-o-zmen_dsc6253.jpg",media/58c533eed0094f645719bd0c.jpg,saved,29538
"https://static-assets.artlogic.net/w_1600,h_1600,c_limit,f_auto,fl_lossy,q_auto/ws-pilevneli/usr/exhibitions/images/exhibitions/24/s-ener-o-zmen_dsc6242.jpg",media/52d0fc7b05f33b31b00bbae4.jpg,saved,54904
"https://static-assets.artlogic.net/w_1600,h_1600,c_limit,f_auto,fl_lossy,q_auto/ws-pilevneli/usr/exhibitions/images/exhibitions/24/s-ener-o-zmen_dsc6246.jpg",media/cb88c0417dc8fa883d371271.jpg,saved,47050
"https://static-assets.artlogic.net/w_1600,h_1600,c_limit,f_auto,fl_lossy,q_auto/ws-pilevneli/usr/exhibitions/images/exhibitions/24/s-ener-o-zmen_dsc6250.jpg",media/5fafcf1eae231d0fcbd1f91f.jpg,saved,77554
"https://static-assets.artlogic.net/w_1600,h_1600,c_limit,f_auto,fl_lossy,q_auto/ws-pilevneli/usr/exhibitions/images/exhibitions/24/jean-pigozzi_dsc6117.jpg",media/7ff46989915c424cf66f8dc9.jpg,saved,61344
"https://static-assets.artlogic.net/w_1600,h_1600,c_limit,f_auto,fl_lossy,q_auto/ws-pilevneli/usr/exhibitions/images/exhibitions/24/jean-pigozzi_dsc6126.jpg",media/740c103039d91984971074c3.jpg,saved,73742
"https://static-assets.artlogic.net/w_1600,h_1600,c_limit,f_auto,fl_lossy,q_auto/ws-pilevneli/usr/exhibitions/images/exhibitions/24/jean-pigozzi_dsc6143.jpg",media/c2c1cf952e9e2e3415bf796e.jpg,saved,79308
"https://static-assets.artlogic.net/w_1600,h_1600,c_limit,f_auto,fl_lossy,q_auto/ws-pilevneli/usr/exhibitions/images/exhibitions/24/jean-pigozzi_dsc6138.jpg",media/1f3d186de0f75e5a46a5bd4a.jpg,saved,74242
"https://static-assets.artlogic.net/w_1600,h_1600,c_limit,f_auto,fl_lossy,q_auto/ws-pilevneli/usr/exhibitions/images/exhibitions/24/jean-pigozzi_dsc6261.jpg",media/ad18216af9fee365a26574d0.jpg,saved,50892
"https://static-assets.artlogic.net/w_1600,h_1600,c_limit,f_auto,fl_lossy,q_auto/ws-pilevneli/usr/exhibitions/images/exhibitions/24/jean-pigozzi_dsc6269.jpg",media/fb26149419dda784b25054d7.jpg,saved,56022
"https://static-assets.artlogic.net/w_1600,h_1600,c_limit,f_auto,fl_lossy,q_auto/ws-pilevneli/usr/exhibitions/images/exhibitions/24/jean-pigozzi_dsc6259.jpg",media/b4cfcca81805aa863ad2fd03.jpg,saved,60986
"https://static-assets.artlogic.net/w_1600,h_1600,c_limit,f_auto,fl_lossy,q_auto/ws-pilevneli/usr/exhibitions/images/exhibitions/24/erdog-an-zu-mru-tog-lu_dsc6000.jpg",media/60a4ab22df0565df7f583f0b.jpg,saved,83090
"https://static-assets.artlogic.net/w_1600,h_1600,c_limit,f_auto,fl_lossy,q_auto/ws-pilevneli/usr/exhibitions/images/exhibitions/24/erdog-an-zu-mru-tog-lu_dsc6006.jpg",media/a55edafcf81fa1c71dbbbfb6.jpg,saved,63646
"https://static-assets.artlogic.net/w_1600,h_1600,c_limit,f_auto,fl_lossy,q_auto/ws-pilevneli/usr/exhibitions/images/exhibitions/24/erdog-an-zu-mru-tog-lu_dsc6012.jpg",media/7f14476e4956132c20c1a41a.jpg,saved,97444
"https://static-assets.artlogic.net/w_1600,h_1600,c_limit,f_auto,fl_lossy,q_auto/ws-pilevneli/usr/exhibitions/images/exhibitions/24/erdog-an-zu-mru-tog-lu_dsc6007.jpg",media/27d2a9d930e21bf810593bca.jpg,saved,115112
"https://static-assets.artlogic.net/w_1600,h_1600,c_limit,f_auto,fl_lossy,q_auto/ws-pilevneli/usr/exhibitions/images/exhibitions/24/erdog-an-zu-mru-tog-lu_dsc6831.gif",media/b5977b8eb2ae7362bcc1b6c3.gif,saved,787082
"https://static-assets.artlogic.net/w_1600,h_1600,c_limit,f_auto,fl_lossy,q_auto/ws-pilevneli/usr/images/exhibitions/images_and_objects/24/bosphorus.gif",media/afd777991b4fea072bd2f992.gif,saved,160616
"https://static-assets.artlogic.net/w_1600,h_1600,c_limit,f_auto,fl_lossy,q_auto/ws-pilevneli/usr/images/exhibitions/images_and_objects/24/bosphorus-left.gif",media/9422ff8a292a98e4ad9c244b.gif,saved,231136
"https://static-assets.artlogic.net/w_1600,h_1600,c_limit,f_auto,fl_lossy,q_auto/ws-pilevneli/usr/images/exhibitions/images_and_objects/24/bosphorus-center.gif",media/e1ac8fa099e5c7af16d6d6be.gif,saved,258490
"https://static-assets.artlogic.net/w_1600,h_1600,c_limit,f_auto,fl_lossy,q_auto/ws-pilevneli/usr/images/exhibitions/images_and_objects/24/bosphorus-right.gif",media/a102a8e53245ffe5e904b5ba.gif,saved,203312
"https://static-assets.artlogic.net/w_1600,h_1600,c_limit,f_auto,fl_lossy,q_auto/ws-pilevneli/usr/exhibitions/images/exhibitions/24/timo-marbles-_yuksek.gif",media/8a08617d2b96a8354e756416.gif,saved,803698
"https://static-assets.artlogic.net/w_1600,h_1600,c_limit,f_auto,fl_lossy,q_auto/ws-pilevneli/usr/exhibitions/images/exhibitions/24/brian-small-version-.gif",media/a8ee5790721a034aad0954be.gif,saved,478379
"https://static-assets.artlogic.net/w_1600,h_1600,c_limit,f_auto,fl_lossy,q_auto/ws-pilevneli/usr/exhibitions/images/exhibitions/24/blossom-tree-285-29.gif",media/847068b1b08ce3136f6641f3.gif,saved,359000
"https://static-assets.artlogic.net/w_1600,h_1600,c_limit,f_auto,fl_lossy,q_auto/ws-pilevneli/usr/exhibitions/images/exhibitions/24/daniel-firman_dsc6511.gif",media/1fd380dd375d8e69cd73a448.gif,saved,762535
"https://static-assets.artlogic.net/w_1600,h_1600,c_limit,f_auto,fl_lossy,q_auto/ws-pilevneli/usr/exhibitions/images/exhibitions/24/daniel-firman_dsc6633.gif",media/05a5b142338647cda567eff5.gif,saved,608280
"https://static-assets.artlogic.net/w_1600,h_1600,c_limit,f_auto,fl_lossy,q_auto/ws-pilevneli/usr/exhibitions/images/exhibitions/24/daniel-firman_dsc6677.gif",media/058a05ca6c1feb3c962f254d.gif,saved,753938
"https://static-assets.artlogic.net/w_1600,h_1600,c_limit,f_auto,fl_lossy,q_auto/ws-pilevneli/usr/exhibitions/images/exhibitions/24/daniel-firman_dsc6572.gif",media/bd15c8f6187c52888faba4c6.gif,saved,516538
"https://static-assets.artlogic.net/w_1600,h_1600,c_limit,f_auto,fl_lossy,q_auto/ws-pilevneli/usr/exhibitions/images/exhibitions/24/daniel-firman_dsc6540.gif",media/fc0ba2b6511ac0062e76c102.gif,saved,197071
"https://static-assets.artlogic.net/w_1600,h_1600,c_limit,f_auto,fl_lossy,q_auto/ws-pilevneli/usr/exhibitions/images/exhibitions/24/daniel-firman_dsc6552.gif",media/7651da7a9041bad002494767.gif,saved,305622
"https://static-assets.artlogic.net/w_1600,h_1600,c_limit,f_auto,fl_lossy,q_auto/ws-pilevneli/usr/exhibitions/images/exhibitions/24/daniel-firman_dsc6616.gif",media/c79ab09dfca206ddc7d0c15f.gif,saved,188100
"https://static-assets.artlogic.net/w_1600,h_1600,c_limit,f_auto,fl_lossy,q_auto/ws-pilevneli/usr/exhibitions/images/exhibitions/24/daniel-firman_dsc6604.gif",media/5a7b979ec81e0af4a8ac7703.gif,saved,201791
"https://static-assets.artlogic.net/w_1600,h_1600,c_limit,f_auto,fl_lossy,q_auto/ws-pilevneli/usr/exhibitions/images/exhibitions/24/daniel-firman_dsc6746.gif",media/97c59d607402632297d3e6e4.gif,saved,450379
"https://static-assets.artlogic.net/w_1600,h_1600,c_limit,f_auto,fl_lossy,q_auto/ws-pilevneli/usr/exhibitions/images/exhibitions/24/daniel-firman_dsc6772.gif",media/fbd1d6d4823532208089f9f2.gif,saved,393915
"https://static-assets.artlogic.net/w_1600,h_1600,c_limit,f_auto,fl_lossy,q_auto/ws-pilevneli/usr/exhibitions/images/exhibitions/24/daniel-firman_dsc6788.gif",media/069b19d57862c1037d2f4d88.gif,saved,376526
"https://static-assets.artlogic.net/w_1600,h_1600,c_limit,f_auto,fl_lossy,q_auto/ws-pilevneli/usr/images/exhibitions/images_and_objects/24/arik-levy-heart-photo-gab-2015-img_0409.gif",media/560158a410e607bac5d60a23.gif,saved,58316
"https://static-assets.artlogic.net/w_1600,h_1600,c_limit,f_auto,fl_lossy,q_auto/ws-pilevneli/usr/images/exhibitions/images_and_objects/24/ariklevy-barbedwire-crown_dsc4477.gif",media/adb121cd78910b89ddf68a7b.gif,saved,393400
"https://static-assets.artlogic.net/w_1600,h_1600,c_limit,f_auto,fl_lossy,q_auto/ws-pilevneli/usr/images/exhibitions/images_and_objects/24/ariklevy-love-2015-ph-gabriel-img_0136.gif",media/6452f40824bb787d9fc1ae57.gif,saved,73658
"https://static-assets.artlogic.net/w_1600,h_1600,c_limit,f_auto,fl_lossy,q_auto/ws-pilevneli/usr/images/exhibitions/images_and_objects/24/arik-levy-lovemetender-photonew.gif",media/3990cb6dc9143c8b71b0a4a5.gif,saved,36864
"https://static-assets.artlogic.net/w_1600,h_1600,c_limit,f_auto,fl_lossy,q_auto/ws-pilevneli/usr/images/exhibitions/images_and_objects/24/arik-levy-lovemetender-photo33333.gif",media/7cfc7db8d9a4f282105cfe5a.gif,saved,36904
"https://static-assets.artlogic.net/w_1600,h_1600,c_limit,f_auto,fl_lossy,q_auto/ws-pilevneli/usr/images/exhibitions/images_and_objects/24/ariklevy-merci-2015-ph-gabriel-img_0133new.gif",media/ba7592a0d8bdcc363e9527d1.gif,saved,14612
"https://static-assets.artlogic.net/w_1600,h_1600,c_limit,f_auto,fl_lossy,q_auto/ws-pilevneli/usr/exhibitions/images/exhibitions/24/ariklevy-barbedwire-shield_dsc4505.gif",media/6ddb0afdb92efc4d0007b1d1.gif,saved,1170452
"https://static-assets.artlogic.net/w_1600,h_1600,c_limit,f_auto,fl_lossy,q_auto/ws-pilevneli/usr/exhibitions/images/exhibitions/24/ariklevy-barbedwire-yes_dsc3449.gif",media/d5cfeb9ca9921d5d5f00e5ba.gif,saved,857865
"https://static-assets.artlogic.net/w_1600,h_1600,c_limit,f_auto,fl_lossy,q_auto/ws-pilevneli/usr/exhibitions/images/exhibitions/24/arik_levy-craterair_c80-ian_scigliuzzi-img_3292.gif",media/74080f5afbe4303b0f136b42.gif,saved,284275
"https://static-assets.artlogic.net/w_1600,h_1600,c_limit,f_auto,fl_lossy,q_auto/ws-pilevneli/usr/exhibitions/images/exhibitions/24/ariklevy_crater120twist_dsc2940.gif",media/f8993026aad334bc4ef6539c.gif,saved,435458
"https://static-assets.artlogic.net/w_1600,h_1600,c_limit,f_auto,fl_lossy,q_auto/ws-pilevneli/usr/exhibitions/images/exhibitions/24/ariklevy-facetformation-110-wood_dsc3778.gif",media/d9f3cfd156aa94b85fa11ec4.gif,saved,857618
"https://static-assets.artlogic.net/w_1600,h_1600,c_limit,f_auto,fl_lossy,q_auto/ws-pilevneli/usr/exhibitions/images/exhibitions/24/rockgrowth142.gif",media/2eb6b2ef5d933e7357cf92ea.gif,saved,718424
"https://static-assets.artlogic.net/w_1600,h_1600,c_limit,f_auto,fl_lossy,q_auto/ws-pilevneli/usr/exhibitions/images/exhibitions/24/ariklevy_rockquake66_2.gif",media/71c4b4d52e92761d3fc619fd.gif,saved,775795
"https://static-assets.artlogic.net/w_1600,h_1600,c_limit,f_auto,fl_lossy,q_auto/ws-pilevneli/usr/exhibitions/images/exhibitions/24/ariklevy_rockstoneimplosed216_2018_5.gif",media/bac874d856d702559422b268.gif,saved,672344
"https://static-assets.artlogic.net/w_1600,h_1600,c_limit,f_auto,fl_lossy,q_auto/ws-pilevneli/usr/images/exhibitions/images_and_objects/24/ariklevy-rockstone-50-prisma-2016-photo-by-florian-kleinefenn-img-015-222.gif",media/3381b89e9223a4e3a4bbe4e5.gif,saved,37334
"https://static-assets.artlogic.net/w_1600,h_1600,c_limit,f_auto,fl_lossy,q_auto/ws-pilevneli/usr/exhibitions/images/exhibitions/24/ariklevy-rocktriplefusionvertical-190_unnaturalhistory_baker-museum-artis-naplesdscf2323.gif",media/9fa8e9ce2714341585fd001a.gif,saved,838809
"https://static-assets.artlogic.net/w_1600,h_1600,c_limit,f_auto,fl_lossy,q_auto/ws-pilevneli/usr/exhibitions/images/exhibitions/24/arikvideo1.gif",media/8f82bbafd82a3b45b00e465a.gif,saved,182868
"https://static-assets.artlogic.net/w_1600,h_1600,c_limit,f_auto,fl_lossy,q_auto/ws-pilevneli/usr/exhibitions/images/exhibitions/24/arikvideo2.gif",media/046d8887b3d37bbb41e80735.gif,saved,162633
"https://static-assets.artlogic.net/w_1600,h_1600,c_limit,f_auto,fl_lossy,q_auto/ws-pilevneli/usr/exhibitions/images/exhibitions/24/arikvideo3.gif",media/9772b9ea13b5cdfe474b208f.gif,saved,296155
"https://static-assets.artlogic.net/w_1600,h_1600,c_limit,f_auto,fl_lossy,q_auto/ws-pilevneli/usr/exhibitions/images/exhibitions/24/c6d2f985-b06c-4281-9d7f-967e71641201_-ariklevy_giantfractalcloudled__dsc6205.gif",media/6cef31912c432ba87647e370.gif,saved,302419
"https://static-assets.artlogic.net/w_1600,h_1600,c_limit,f_auto,fl_lossy,q_auto/ws-pilevneli/usr/exhibitions/images/exhibitions/24/ariklevy_fractalcloud_1pu_2007.gif",media/8a1606cea6dbd3b7cfb1cbc1.gif,saved,442423
"https://static-assets.artlogic.net/w_1600,h_1600,c_limit,f_auto,fl_lossy,q_auto/ws-pilevneli/usr/exhibitions/images/exhibitions/24/440-front.gif",media/a67c530a48129ba37dafb6e4.gif,saved,742239
"https://static-assets.artlogic.net/w_1600,h_1600,c_limit,f_auto,fl_lossy,q_auto/ws-pilevneli/usr/exhibitions/images/exhibitions/24/443-front.gif",media/76721473e8b1de07d5aa5a69.gif,saved,722234
"https://static-assets.artlogic.net/w_1600,h_1600,c_limit,f_auto,fl_lossy,q_auto/ws-pilevneli/usr/exhibitions/images/exhibitions/24/woman-banana-front.gif",media/6ee5fc108b255d9825033303.gif,saved,735489
"https://static-assets.artlogic.net/w_1600,h_1600,c_limit,f_auto,fl_lossy,q_auto/ws-pilevneli/usr/exhibitions/images/exhibitions/24/bust-sandwich-5.gif",media/769c25df3cd43e9734cc1d38.gif,saved,865028
"https://static-assets.artlogic.net/w_1600,h_1600,c_limit,f_auto,fl_lossy,q_auto/ws-pilevneli/usr/exhibitions/images/exhibitions/24/romanesco-6.gif",media/e019d732c09a6d3cce1883f6.gif,saved,730388
"https://static-assets.artlogic.net/w_1600,h_1600,c_limit,f_auto,fl_lossy,q_auto/ws-pilevneli/usr/exhibitions/images/exhibitions/24/dots-2.gif",media/fb46cd30b39a46f661f0fcb3.gif,saved,1212204
"https://static-assets.artlogic.net/w_1600,h_1600,c_limit,f_auto,fl_lossy,q_auto/ws-pilevneli/usr/exhibitions/images/exhibitions/24/twins.gif",media/79c7ce24ba67c7d1c97a8969.gif,saved,1123748
"https://static-assets.artlogic.net/w_1600,h_1600,c_limit,f_auto,fl_lossy,q_auto/ws-pilevneli/usr/exhibitions/images/exhibitions/24/ida-tursic-wilfried-mille_dsc6101.gif",media/69a0a56fee92dd4c0b5ffa12.gif,saved,978999
"https://static-assets.artlogic.net/w_1600,h_1600,c_limit,f_auto,fl_lossy,q_auto/ws-pilevneli/usr/exhibitions/images/exhibitions/24/youssef-nabil_dsc6177.gif",media/babb54e48ddd542adc54c6eb.gif,saved,687164
"https://static-assets.artlogic.net/w_1600,h_1600,c_limit,f_auto,fl_lossy,q_auto/ws-pilevneli/usr/exhibitions/images/exhibitions/24/ekran-al-nt-s-.gif",media/c98447e623b4b657a2be8e65.gif,saved,218185
"https://static-assets.artlogic.net/w_1600,h_1600,c_limit,f_auto,fl_lossy,q_auto/ws-pilevneli/usr/exhibitions/images/exhibitions/24/ekran-al-nt-s-2.gif",media/50c4c035aac7a3fc43fcc0d4.gif,saved,349338
"https://static-assets.artlogic.net/w_1600,h_1600,c_limit,f_auto,fl_lossy,q_auto/ws-pilevneli/usr/exhibitions/images/exhibitions/24/ekran-al-nt-s-3.gif",media/cc0cef2775cf4c517f173c04.gif,saved,42149
"https://static-assets.artlogic.net/w_1600,h_1600,c_limit,f_auto,fl_lossy,q_auto/ws-pilevneli/usr/exhibitions/images/exhibitions/24/ekran-al-nt-s-4.gif",media/1aaf75351bcfc3f31d2fdc80.gif,saved,144177
"https://static-assets.artlogic.net/w_1600,h_1600,c_limit,f_auto,fl_lossy,q_auto/ws-pilevneli/usr/exhibitions/images/exhibitions/24/ekran-al-nt-s-5.gif",media/1d231b404a001f887722ea5b.gif,saved,304254
"https://static-assets.artlogic.net/w_1600,h_1600,c_limit,f_auto,fl_lossy,q_auto/ws-pilevneli/usr/exhibitions/images/exhibitions/24/ekranal-nt-s-6.gif",media/b1e6f436924cf9cb082a10c7.gif,saved,228074
"https://static-assets.artlogic.net/w_1600,h_1600,c_limit,f_auto,fl_lossy,q_auto/ws-pilevneli/usr/exhibitions/images/exhibitions/24/1_77-027-25a.gif",media/959766d84f218c00c7d2d840.gif,saved,975312
"https://static-assets.artlogic.net/w_1600,h_1600,c_limit,f_auto,fl_lossy,q_auto/ws-pilevneli/usr/exhibitions/images/exhibitions/24/2_77-038-11a181.gif",media/45c7509dc5e565497b4d4be8.gif,saved,1212240
"https://static-assets.artlogic.net/w_1600,h_1600,c_limit,f_auto,fl_lossy,q_auto/ws-pilevneli/usr/exhibitions/images/exhibitions/24/3_77-039-24a182.gif",media/112d8cd9151e9f4377fbac98.gif,saved,1082753
"https://static-assets.artlogic.net/w_1600,h_1600,c_limit,f_auto,fl_lossy,q_auto/ws-pilevneli/usr/exhibitions/images/exhibitions/24/4_77-040bis-25ae.gif",media/82e89cf66855f4523168f920.gif,saved,1130761
"https://static-assets.artlogic.net/w_1600,h_1600,c_limit,f_auto,fl_lossy,q_auto/ws-pilevneli/usr/exhibitions/images/exhibitions/24/5_78-001-30.gif",media/953017e6050e08f07c5fcaa9.gif,saved,1421566
"https://static-assets.artlogic.net/w_1600,h_1600,c_limit,f_auto,fl_lossy,q_auto/ws-pilevneli/usr/exhibitions/images/exhibitions/24/6_78-092-21e.gif",media/064293b9ef0d29a0d008a5a7.gif,saved,1253415
"https://static-assets.artlogic.net/w_1600,h_1600,c_limit,f_auto,fl_lossy,q_auto/ws-pilevneli/usr/exhibitions/images/exhibitions/24/7_78-199-05.gif",media/dddc4948f7de9c3f7d46a501.gif,saved,1305706
"https://static-assets.artlogic.net/w_1600,h_1600,c_limit,f_auto,fl_lossy,q_auto/ws-pilevneli/usr/exhibitions/images/exhibitions/24/8_78-203-23tif.gif",media/dd0fa3be76d60a4d10b29735.gif,saved,1210261
"https://static-assets.artlogic.net/w_1600,h_1600,c_limit,f_auto,fl_lossy,q_auto/ws-pilevneli/usr/exhibitions/images/exhibitions/24/9_85-033-25_bb-1-.gif",media/3b7e7b9e9d9f7be3b3bd5afc.gif,saved,1091522
"https://static-assets.artlogic.net/w_1600,h_1600,c_limit,f_auto,fl_lossy,q_auto/ws-pilevneli/usr/exhibitions/images/exhibitions/24/10_86-077-28-done-2.gif",media/cbf36da59b380168e789935b.gif,saved,1060385
"https://static-assets.artlogic.net/w_1600,h_1600,c_limit,f_auto,fl_lossy,q_auto/ws-pilevneli/usr/exhibitions/images/exhibitions/24/11_88-237-18morec.gif",media/20788759e399df3062a741f4.gif,saved,1006962
"https://static-assets.artlogic.net/w_1600,h_1600,c_limit,f_auto,fl_lossy,q_auto/ws-pilevneli/usr/exhibitions/images/exhibitions/24/12_93-055-30.gif",media/b2fb261a0de74f84431b91e3.gif,saved,844533
"https://static-assets.artlogic.net/w_1600,h_1600,c_limit,f_auto,fl_lossy,q_auto/ws-pilevneli/usr/exhibitions/images/exhibitions/24/13_100_1821-version-2.gif",media/94a50b7189d4d1d923bd1cf7.gif,saved,710973
"https://static-assets.artlogic.net/w_1600,h_1600,c_limit,f_auto,fl_lossy,q_auto/ws-pilevneli/usr/exhibitions/images/exhibitions/24/14_100_1956.gif",media/2ae21bba8a47254ea1930828.gif,saved,1099651
"https://static-assets.artlogic.net/w_1600,h_1600,c_limit,f_auto,fl_lossy,q_auto/ws-pilevneli/usr/exhibitions/images/exhibitions/24/15_100_3992.gif",media/37c3ef8c9fe004e702b2ee43.gif,saved,1272625
"https://static-assets.artlogic.net/w_1600,h_1600,c_limit,f_auto,fl_lossy,q_auto/ws-pilevneli/usr/exhibitions/images/exhibitions/24/16_dsc00217-2.gif",media/3c3b7b48d93d01529d4c3a04.gif,saved,1353144
"https://static-assets.artlogic.net/w_1600,h_1600,c_limit,f_auto,fl_lossy,q_auto/ws-pilevneli/usr/exhibitions/images/exhibitions/24/17_dsc02220-2.gif",media/bc2fac2c5b49dfd6d7213b8d.gif,saved,1094058
"https://static-assets.artlogic.net/w_1600,h_1600,c_limit,f_auto,fl_lossy,q_auto/ws-pilevneli/usr/exhibitions/images/exhibitions/24/18_dsc03285-1-.gif",media/3aa7014866f8445e757edbf0.gif,saved,1118453
"https://static-assets.artlogic.net/w_1600,h_1600,c_limit,f_auto,fl_lossy,q_auto/ws-pilevneli/usr/exhibitions/images/exhibitions/24/19_dsc04107.gif",media/cc85719ae9bac5ef9406d98e.gif,saved,966252
"https://static-assets.artlogic.net/w_1600,h_1600,c_limit,f_auto,fl_lossy,q_auto/ws-pilevneli/usr/exhibitions/images/exhibitions/24/20_dsc06268.gif",media/6337ee63e26b1863034ab6cf.gif,saved,990235
"https://static-assets.artlogic.net/w_1600,h_1600,c_limit,f_auto,fl_lossy,q_auto/ws-pilevneli/usr/exhibitions/images/exhibitions/24/21_dsc07247_1909382.gif",media/f3d35a3829db76564f59779c.gif,saved,1037245
"https://static-assets.artlogic.net/w_1600,h_1600,c_limit,f_auto,fl_lossy,q_auto/ws-pilevneli/usr/exhibitions/images/exhibitions/24/22_dsc07964_1765190.gif",media/5d3fcb150c06407df31f13cf.gif,saved,937462
"https://static-assets.artlogic.net/w_1600,h_1600,c_limit,f_auto,fl_lossy,q_auto/ws-pilevneli/usr/exhibitions/images/exhibitions/24/24.gif",media/d1b4a94819979b1bc8ceb83d.gif,saved,391401
"https://static-assets.artlogic.net/w_1600,h_1600,c_limit,f_auto,fl_lossy,q_auto/ws-pilevneli/usr/exhibitions/images/exhibitions/24/23_88-184-09-2.gif",media/479f87ffeb03eb1d20bdfbc2.gif,saved,1372898
"https://static-assets.artlogic.net/w_1600,h_1600,c_limit,f_auto,fl_lossy,q_auto/ws-pilevneli/usr/exhibitions/images/exhibitions/24/25_pigozzi_88-177-29_final.gif",media/e045ff65b5af73086db8ac7d.gif,saved,1296636
"https://static-assets.artlogic.net/w_1600,h_1600,c_limit,f_auto,fl_lossy,q_auto/ws-pilevneli/usr/exhibitions/images/exhibitions/24/26_pigozzi_88-183-33_final.gif",media/9d5be0406f16ef593677db28.gif,saved,1508956
"https://static-assets.artlogic.net/w_1600,h_1600,c_limit,f_auto,fl_lossy,q_auto/ws-pilevneli/usr/exhibitions/images/exhibitions/24/27_pigozzi_89-064-21_final.gif",media/a787f382b07a7fd4ac821b6a.gif,saved,1500697
"https://static-assets.artlogic.net/w_1600,h_1600,c_limit,f_auto,fl_lossy,q_auto/ws-pilevneli/usr/exhibitions/images/exhibitions/24/28_pigozzi_91-143-33_final.gif",media/9710dc5cb0afed2c9cbebffc.gif,saved,1154784
"https://static-assets.artlogic.net/w_1600,h_1600,c_limit,f_auto,fl_lossy,q_auto/ws-pilevneli/usr/exhibitions/images/exhibitions/24/29_pigozzi_93-092-27_final.gif",media/7c34a39547d552405dff36c4.gif,saved,1408756
"https://static-assets.artlogic.net/w_1600,h_1600,c_limit,f_auto,fl_lossy,q_auto/ws-pilevneli/usr/exhibitions/images/exhibitions/24/30_pigozzi_93-112-29_final.gif",media/618fb3bc88a9d9ea11fc0866.gif,saved,1436596
"https://static-assets.artlogic.net/w_1600,h_1600,c_limit,f_auto,fl_lossy,q_auto/ws-pilevneli/usr/exhibitions/images/exhibitions/24/31_pigozzi_97-285-35_final.gif",media/b44f8f3bba8bab436659f10d.gif,saved,1303441
"https://static-assets.artlogic.net/w_1600,h_1600,c_limit,f_auto,fl_lossy,q_auto/ws-pilevneli/usr/exhibitions/images/exhibitions/24/32_86-106-06_edit.gif",media/b96206f32a156e3a8e03e82d.gif,saved,1323358
"https://static-assets.artlogic.net/w_1600,h_1600,c_limit,f_auto,fl_lossy,q_auto/ws-pilevneli/usr/exhibitions/images/exhibitions/24/33_pigozzi_p8041369_final.gif",media/c8c7308b3f9582e84aa90468.gif,saved,1422381
"https://static-assets.artlogic.net/w_1600,h_1600,c_limit,f_auto,fl_lossy,q_auto/ws-pilevneli/usr/exhibitions/images/exhibitions/24/34_pigozzi_dsc00701_final.gif",media/ee35e0e93d5398193dc1edcd.gif,saved,890084
"https://static-assets.artlogic.net/w_1600,h_1600,c_limit,f_auto,fl_lossy,q_auto/ws-pilevneli/usr/exhibitions/images/exhibitions/24/35_pigozzi_dsc08505_final.gif",media/ab3afb8898596bb844883e67.gif,saved,853293
"https://static-assets.artlogic.net/w_1600,h_1600,c_limit,f_auto,fl_lossy,q_auto/ws-pilevneli/usr/exhibitions/images/exhibitions/24/36_pigozzi_file5758_final.gif",media/2e52775ae17dd0d6ca061b94.gif,saved,1220530
"https://static-assets.artlogic.net/w_1600,h_1600,c_limit,f_auto,fl_lossy,q_auto/ws-pilevneli/usr/exhibitions/images/exhibitions/24/37_pigozzi_img_3503_final.gif",media/ba0246a7871a39fb517e9832.gif,saved,1328867
"https://static-assets.artlogic.net/w_1600,h_1600,c_limit,f_auto,fl_lossy,q_auto/ws-pilevneli/usr/exhibitions/images/exhibitions/24/38.gif",media/cb1c77bdf503d4482e4b39ba.gif,saved,335391
"https://static-assets.artlogic.net/w_1600,h_1600,c_limit,f_auto,fl_lossy,q_auto/ws-pilevneli/usr/exhibitions/images/exhibitions/24/39.gif",media/5ba9efdda014fdb5f54755fb.gif,saved,128777
"https://static-assets.artlogic.net/w_1600,h_1600,c_limit,f_auto,fl_lossy,q_auto/ws-pilevneli/usr/exhibitions/images/exhibitions/24/erdo-an-z-mr-to-lu_dsc6846.gif",media/7e34eeae618fc45dfccc44e4.gif,saved,1078489
"https://static-assets.artlogic.net/w_1600,h_1600,c_limit,f_auto,fl_lossy,q_auto/ws-pilevneli/usr/exhibitions/images/exhibitions/24/erdo-an-z-mr-to-lu_dsc6849.gif",media/bcc4de7f98991df0daf38985.gif,saved,1041770
"https://static-assets.artlogic.net/w_1600,h_1600,c_limit,f_auto,fl_lossy,q_auto/ws-pilevneli/usr/exhibitions/images/exhibitions/24/erdog-an-zu-mru-tog-lu_dsc6838.gif",media/27846a52c9e2ef5d26949b56.gif,saved,983372
"https://static-assets.artlogic.net/w_1600,h_1600,c_limit,f_auto,fl_lossy,q_auto/ws-pilevneli/usr/exhibitions/images/exhibitions/24/erdo-an-z-mr-to-lu_dsc6842.gif",media/b0de71e18a2d0ca49d5afcb9.gif,saved,1066840
"https://static-assets.artlogic.net/w_1600,h_1600,c_limit,f_auto,fl_lossy,q_auto/ws-pilevneli/usr/exhibitions/images/exhibitions/24/erdog-an-zu-mru-tog-lu_dsc6835.gif",media/33ecb3e0afcf927e239fdde9.gif,saved,1101113
"https://static-assets.artlogic.net/w_1600,h_1600,c_limit,f_auto,fl_lossy,q_auto/ws-pilevneli/usr/images/artists/artwork_image_for_artists_page/items/09/09bfd210aa454b959e212edbb8efdc0e/ra.gif",media/edafc29a7827e58e538f2c41.gif,saved,207706
"https://static-assets.artlogic.net/w_1600,h_1600,c_limit,f_auto,fl_lossy,q_auto/ws-pilevneli/usr/images/artists/artwork_image_for_artists_page/items/03/03ca84d99a804b2291395ca4f3d7dc06/daniel-firman.gif",media/e4dc04dc996eb7e2661da0e4.gif,failed,"404 Client Error: Not Found for url: https://static-assets.artlogic.net/w_1600,h_1600,c_limit,f_auto,fl_lossy,q_auto/ws-pilevneli/usr/images/artists/artwork_image_for_artists_page/"
"https://static-assets.artlogic.net/w_1600,h_1600,c_limit,f_auto,fl_lossy,q_auto/ws-pilevneli/usr/images/artists/artwork_image_for_artists_page/items/f6/f6cb34f209304b0fbc9acb724fcfce8c/arik_profile.gif",media/71db3481a4edb8d06e0d469e.gif,failed,"404 Client Error: Not Found for url: https://static-assets.artlogic.net/w_1600,h_1600,c_limit,f_auto,fl_lossy,q_auto/ws-pilevneli/usr/images/artists/artwork_image_for_artists_page/"
"https://static-assets.artlogic.net/w_1600,h_1600,c_limit,f_auto,fl_lossy,q_auto/ws-pilevneli/usr/images/artists/artwork_image_for_artists_page/items/77/7712f4b8959a4c40bfc6b3a251e618d2/tony-matelli.gif",media/fed5a3c78114484d8fbec73e.gif,failed,"404 Client Error: Not Found for url: https://static-assets.artlogic.net/w_1600,h_1600,c_limit,f_auto,fl_lossy,q_auto/ws-pilevneli/usr/images/artists/artwork_image_for_artists_page/"
"https://static-assets.artlogic.net/w_1600,h_1600,c_limit,f_auto,fl_lossy,q_auto/ws-pilevneli/usr/images/artists/artwork_image_for_artists_page/items/5b/5b3478b845014b5c8d8b78e0366d1822/arik-levy.gif",media/b0ffdc1a2e641c06b16f7303.gif,saved,62438
"https://static-assets.artlogic.net/w_1600,h_1600,c_limit,f_auto,fl_lossy,q_auto/ws-pilevneli/usr/images/artists/artwork_image_for_artists_page/items/56/567188e1d0a6401698d5cc62682ce526/s-ener-o-zmen.gif",media/b2fc1ad31d88e93038f8786c.gif,saved,12964
"https://static-assets.artlogic.net/w_1600,h_1600,c_limit,f_auto,fl_lossy,q_auto/ws-pilevneli/usr/exhibitions/images/exhibitions/25/_dsc8296.jpg",media/7b30719e5bbcb3a6afa9eb8f.jpg,saved,93430
"https://static-assets.artlogic.net/w_1600,h_1600,c_limit,f_auto,fl_lossy,q_auto/ws-pilevneli/usr/exhibitions/images/exhibitions/25/_dsc8303.jpg",media/0fc2b1ab57313a7f49f94eea.jpg,saved,73838
"https://static-assets.artlogic.net/w_1600,h_1600,c_limit,f_auto,fl_lossy,q_auto/ws-pilevneli/usr/exhibitions/images/exhibitions/25/_dsc8301.jpg",media/838b42bad21e97ec38274254.jpg,saved,89878
"https://static-assets.artlogic.net/w_1600,h_1600,c_limit,f_auto,fl_lossy,q_auto/ws-pilevneli/usr/exhibitions/images/exhibitions/25/_dsc8310.jpg",media/4776d216cdb806a203a8cc97.jpg,saved,83170
"https://static-assets.artlogic.net/w_1600,h_1600,c_limit,f_auto,fl_lossy,q_auto/ws-pilevneli/usr/exhibitions/images/exhibitions/25/_dsc8298.jpg",media/890596722881338daecbf1f6.jpg,saved,72406
"https://static-assets.artlogic.net/w_1600,h_1600,c_limit,f_auto,fl_lossy,q_auto/ws-pilevneli/usr/exhibitions/images/exhibitions/25/_dsc8322.jpg",media/9ab0716d8fa4b8a8ed24cc17.jpg,saved,83300
"https://static-assets.artlogic.net/w_1600,h_1600,c_limit,f_auto,fl_lossy,q_auto/ws-pilevneli/usr/exhibitions/images/exhibitions/25/_dsc8326.jpg",media/291aec29ed86ab83bfb11f9c.jpg,saved,97300
"https://static-assets.artlogic.net/w_1600,h_1600,c_limit,f_auto,fl_lossy,q_auto/ws-pilevneli/usr/exhibitions/images/exhibitions/25/_dsc8327.jpg",media/18b904549e5f319d810d76a6.jpg,saved,97780
"https://static-assets.artlogic.net/w_1600,h_1600,c_limit,f_auto,fl_lossy,q_auto/ws-pilevneli/usr/exhibitions/images/exhibitions/25/_dsc8336.jpg",media/0cea1aec7e47abdef91bc8d9.jpg,saved,100400
"https://static-assets.artlogic.net/w_1600,h_1600,c_limit,f_auto,fl_lossy,q_auto/ws-pilevneli/usr/exhibitions/images/exhibitions/25/_dsc8346.jpg",media/703e2fe35b333e0bea5b804f.jpg,saved,96326
"https://static-assets.artlogic.net/w_1600,h_1600,c_limit,f_auto,fl_lossy,q_auto/ws-pilevneli/usr/exhibitions/images/exhibitions/25/_dsc8342.jpg",media/c2dbfdbdb69c0c94ec63aa24.jpg,saved,78844
"https://static-assets.artlogic.net/w_1600,h_1600,c_limit,f_auto,fl_lossy,q_auto/ws-pilevneli/usr/exhibitions/images/exhibitions/25/_dsc8334.jpg",media/313162489decb086a7d7d72e.jpg,saved,108860
"https://static-assets.artlogic.net/w_1600,h_1600,c_limit,f_auto,fl_lossy,q_auto/ws-pilevneli/usr/exhibitions/images/exhibitions/25/_dsc8358.jpg",media/b1722713f603963316abe007.jpg,saved,89646
"https://static-assets.artlogic.net/w_1600,h_1600,c_limit,f_auto,fl_lossy,q_auto/ws-pilevneli/usr/exhibitions/images/exhibitions/25/_dsc8363.jpg",media/8302a186a8928ef7026e015e.jpg,saved,60128
"https://static-assets.artlogic.net/w_1600,h_1600,c_limit,f_auto,fl_lossy,q_auto/ws-pilevneli/usr/exhibitions/images/exhibitions/25/_dsc8368.jpg",media/0aa318b386ed7f1d8bae1362.jpg,saved,97886
"https://static-assets.artlogic.net/w_1600,h_1600,c_limit,f_auto,fl_lossy,q_auto/ws-pilevneli/usr/exhibitions/images/exhibitions/25/_dsc8373.jpg",media/cb3428a1fb5fcce3ccfeaf32.jpg,saved,76080
"https://static-assets.artlogic.net/w_1600,h_1600,c_limit,f_auto,fl_lossy,q_auto/ws-pilevneli/usr/exhibitions/images/exhibitions/25/_dsc8376.jpg",media/2396ffd9c42954ed2d2c8efc.jpg,saved,84538
"https://static-assets.artlogic.net/w_1600,h_1600,c_limit,f_auto,fl_lossy,q_auto/ws-pilevneli/usr/exhibitions/images/exhibitions/25/_dsc8378.jpg",media/1f9589b56ef689f1e1cd043c.jpg,saved,98274
"https://static-assets.artlogic.net/w_1600,h_1600,c_limit,f_auto,fl_lossy,q_auto/ws-pilevneli/usr/exhibitions/images/exhibitions/25/_dsc8383.jpg",media/e6a1617536dcfd19e89eccd4.jpg,saved,80668
"https://static-assets.artlogic.net/w_1600,h_1600,c_limit,f_auto,fl_lossy,q_auto/ws-pilevneli/usr/exhibitions/images/exhibitions/25/_dsc8388.jpg",media/9c00ea696c1f2b1729c89e2b.jpg,saved,75366
"https://static-assets.artlogic.net/w_1600,h_1600,c_limit,f_auto,fl_lossy,q_auto/ws-pilevneli/usr/exhibitions/images/exhibitions/25/_dsc8391.jpg",media/4d9880983c974b01e59991df.jpg,saved,53958
"https://static-assets.artlogic.net/w_1600,h_1600,c_limit,f_auto,fl_lossy,q_auto/ws-pilevneli/usr/exhibitions/images/exhibitions/25/ai-wei-wei-in-charge.gif",media/2d8dab01929ebbc472797928.gif,saved,923260
"https://static-assets.artlogic.net/w_1600,h_1600,c_limit,f_auto,fl_lossy,q_auto/ws-pilevneli/usr/images/publications/main_image/6/_10081.gif",media/c44ac216ee125247e559b3b2.gif,saved,399872
"https://static-assets.artlogic.net/w_1600,h_1600,c_limit,f_auto,fl_lossy,q_auto/ws-pilevneli/usr/exhibitions/images/exhibitions/25/and-life-goes-on.gif",media/08b3847a42eeda244c220ef9.gif,saved,974128
"https://static-assets.artlogic.net/w_1600,h_1600,c_limit,f_auto,fl_lossy,q_auto/ws-pilevneli/usr/exhibitions/images/exhibitions/25/and-the-sun-goes-down.gif",media/2a9237763f7b42a95a8cffda.gif,saved,1132512
"https://static-assets.artlogic.net/w_1600,h_1600,c_limit,f_auto,fl_lossy,q_auto/ws-pilevneli/usr/exhibitions/images/exhibitions/25/waves-in-every-meaning1.gif",media/d89ed10bb99202078fd1bc1b.gif,saved,1106032
"https://static-assets.artlogic.net/w_1600,h_1600,c_limit,f_auto,fl_lossy,q_auto/ws-pilevneli/usr/exhibitions/images/exhibitions/25/you-have-the-sun.gif",media/f635b6aaab6772583bc10462.gif,saved,1223347
"https://static-assets.artlogic.net/w_1600,h_1600,c_limit,f_auto,fl_lossy,q_auto/ws-pilevneli/usr/exhibitions/images/exhibitions/25/and-water-comes-to-the-camp.gif",media/540721f3ee7966431623a932.gif,saved,1139760
"https://static-assets.artlogic.net/w_1600,h_1600,c_limit,f_auto,fl_lossy,q_auto/ws-pilevneli/usr/exhibitions/images/exhibitions/25/and-merkel-comes-to-the-camp.gif",media/e86114b214729b244e329c26.gif,saved,1096215
"https://static-assets.artlogic.net/w_1600,h_1600,c_limit,f_auto,fl_lossy,q_auto/ws-pilevneli/usr/exhibitions/images/exhibitions/25/call-her-moonchild.gif",media/a02c8c397a0f2e5b7cdf50ab.gif,saved,1099706
"https://static-assets.artlogic.net/w_1600,h_1600,c_limit,f_auto,fl_lossy,q_auto/ws-pilevneli/usr/exhibitions/images/exhibitions/25/pales-and-waves.gif",media/ddb8b5359d3038868416daf6.gif,saved,1013301
"https://static-assets.artlogic.net/w_1600,h_1600,c_limit,f_auto,fl_lossy,q_auto/ws-pilevneli/usr/exhibitions/images/exhibitions/25/ashes-to-ashes.gif",media/4ef5bc0eded09560e2bc1c38.gif,saved,1347071
"https://static-assets.artlogic.net/w_1600,h_1600,c_limit,f_auto,fl_lossy,q_auto/ws-pilevneli/usr/exhibitions/images/exhibitions/25/we-ve-just-arrived.gif",media/dd6518c32c1a604dce28fc6a.gif,saved,1091977
"https://static-assets.artlogic.net/w_1600,h_1600,c_limit,f_auto,fl_lossy,q_auto/ws-pilevneli/usr/exhibitions/images/exhibitions/25/the-fire-of-delayed-answers.gif",media/dd3ce6dbda3de40531615e33.gif,saved,1336991
"https://static-assets.artlogic.net/w_1600,h_1600,c_limit,f_auto,fl_lossy,q_auto/ws-pilevneli/usr/exhibitions/images/exhibitions/25/beautiful-sunset-on-the-beach.gif",media/f20cc53086396b2fa8c0c005.gif,saved,1143692
"https://static-assets.artlogic.net/w_1600,h_1600,c_limit,f_auto,fl_lossy,q_auto/ws-pilevneli/usr/exhibitions/images/exhibitions/25/safe-zone-for-some-of-us.gif",media/0aa51a42ba7a32c164d831ff.gif,saved,1067750
"https://static-assets.artlogic.net/w_1600,h_1600,c_limit,f_auto,fl_lossy,q_auto/ws-pilevneli/usr/exhibitions/images/exhibitions/25/in-a-world-without-an-end.gif",media/1dd1825a0a2b3e8cce92c7df.gif,saved,1116751
"https://static-assets.artlogic.net/w_1600,h_1600,c_limit,f_auto,fl_lossy,q_auto/ws-pilevneli/usr/exhibitions/images/exhibitions/25/kicking-refugee.gif",media/870369a86f75415225e2b918.gif,saved,1101890
"https://static-assets.artlogic.net/w_1600,h_1600,c_limit,f_auto,fl_lossy,q_auto/ws-pilevneli/usr/exhibitions/images/exhibitions/25/its-raining-outside.gif",media/6ecb86e1daf261a40776c225.gif,saved,849254
"https://static-assets.artlogic.net/w_1600,h_1600,c_limit,f_auto,fl_lossy,q_auto/ws-pilevneli/usr/exhibitions/images/exhibitions/25/birds-are-singing.gif",media/1f9d1f61c8e60dae448aa0aa.gif,saved,966911
"https://static-assets.artlogic.net/w_1600,h_1600,c_limit,f_auto,fl_lossy,q_auto/ws-pilevneli/usr/exhibitions/images/exhibitions/25/lighthouse-with-no-light.gif",media/88608ad70f7e0822a701fbae.gif,saved,1107462
"https://static-assets.artlogic.net/w_1600,h_1600,c_limit,f_auto,fl_lossy,q_auto/ws-pilevneli/usr/exhibitions/images/exhibitions/25/unpromised-lands.gif",media/d9a76de457330ac2e793018b.gif,saved,1263015
"https://static-assets.artlogic.net/w_1600,h_1600,c_limit,f_auto,fl_lossy,q_auto/ws-pilevneli/usr/exhibitions/images/exhibitions/25/eyes-with-no-name.gif",media/1c7555ab48dae5227b97977a.gif,saved,1239145
"https://static-assets.artlogic.net/w_1600,h_1600,c_limit,f_auto,fl_lossy,q_auto/ws-pilevneli/usr/exhibitions/images/exhibitions/26/_dsc7663.jpg",media/4e5f64eb1c211ab09e9629be.jpg,saved,164446
"https://static-assets.artlogic.net/w_1600,h_1600,c_limit,f_auto,fl_lossy,q_auto/ws-pilevneli/usr/exhibitions/images/exhibitions/26/_dsc7671.jpg",media/75f687317c5b4f4bf4a1fdf6.jpg,saved,89410
"https://static-assets.artlogic.net/w_1600,h_1600,c_limit,f_auto,fl_lossy,q_auto/ws-pilevneli/usr/exhibitions/images/exhibitions/26/_dsc7675.jpg",media/a91230ab288cc9599569d91f.jpg,saved,90776
"https://static-assets.artlogic.net/w_1600,h_1600,c_limit,f_auto,fl_lossy,q_auto/ws-pilevneli/usr/exhibitions/images/exhibitions/26/_dsc7678.jpg",media/01ec416fd14c5a141408404b.jpg,saved,131214
"https://static-assets.artlogic.net/w_1600,h_1600,c_limit,f_auto,fl_lossy,q_auto/ws-pilevneli/usr/exhibitions/images/exhibitions/26/_dsc7681.jpg",media/c65e9e45503760f64db23f39.jpg,saved,85226
"https://static-assets.artlogic.net/w_1600,h_1600,c_limit,f_auto,fl_lossy,q_auto/ws-pilevneli/usr/exhibitions/images/exhibitions/26/_dsc7687.jpg",media/a6cfd9d42ad9034eae80cf20.jpg,saved,193108
"https://static-assets.artlogic.net/w_1600,h_1600,c_limit,f_auto,fl_lossy,q_auto/ws-pilevneli/usr/exhibitions/images/exhibitions/26/_dsc7690.jpg",media/e20cfaf77a7f7d60cf5bd395.jpg,saved,127434
"https://static-assets.artlogic.net/w_1600,h_1600,c_limit,f_auto,fl_lossy,q_auto/ws-pilevneli/usr/exhibitions/images/exhibitions/26/_dsc7695.jpg",media/54c2ca47dfcbcad3bef2dee5.jpg,saved,100850
"https://static-assets.artlogic.net/w_1600,h_1600,c_limit,f_auto,fl_lossy,q_auto/ws-pilevneli/usr/exhibitions/images/exhibitions/26/_dsc7696.jpg",media/fc890110feae37e191561538.jpg,saved,104020
"https://static-assets.artlogic.net/w_1600,h_1600,c_limit,f_auto,fl_lossy,q_auto/ws-pilevneli/usr/exhibitions/images/exhibitions/26/_dsc7697.jpg",media/515d7ec608bca3006831a1c9.jpg,saved,99138
"https://static-assets.artlogic.net/w_1600,h_1600,c_limit,f_auto,fl_lossy,q_auto/ws-pilevneli/usr/exhibitions/images/exhibitions/26/_dsc7709.jpg",media/1d3517a4de6f52294ec53c52.jpg,saved,209112
"https://static-assets.artlogic.net/w_1600,h_1600,c_limit,f_auto,fl_lossy,q_auto/ws-pilevneli/usr/exhibitions/images/exhibitions/26/_dsc7714.jpg",media/dc53d2816b4038c8083ea581.jpg,saved,105442
"https://static-assets.artlogic.net/w_1600,h_1600,c_limit,f_auto,fl_lossy,q_auto/ws-pilevneli/usr/exhibitions/images/exhibitions/26/_dsc7718.jpg",media/a3277ec20f1da0901d8e1744.jpg,saved,89680
"https://static-assets.artlogic.net/w_1600,h_1600,c_limit,f_auto,fl_lossy,q_auto/ws-pilevneli/usr/exhibitions/images/exhibitions/26/_dsc7723.jpg",media/1e3d33ed8d615b3bbb354131.jpg,saved,132328
"https://static-assets.artlogic.net/w_1600,h_1600,c_limit,f_auto,fl_lossy,q_auto/ws-pilevneli/usr/exhibitions/images/exhibitions/26/_dsc7728.jpg",media/d81530109cafe432671d0e6c.jpg,saved,60858
"https://static-assets.artlogic.net/w_1600,h_1600,c_limit,f_auto,fl_lossy,q_auto/ws-pilevneli/usr/exhibitions/images/exhibitions/26/_dsc7731.jpg",media/29e7963d06031a9146812cc2.jpg,saved,47214
"https://static-assets.artlogic.net/w_1600,h_1600,c_limit,f_auto,fl_lossy,q_auto/ws-pilevneli/usr/exhibitions/images/exhibitions/26/_dsc7733.jpg",media/bb1ea12ba5e53bef7a18d04a.jpg,saved,47838
"https://static-assets.artlogic.net/w_1600,h_1600,c_limit,f_auto,fl_lossy,q_auto/ws-pilevneli/usr/exhibitions/images/exhibitions/26/_dsc7736.jpg",media/3473df9c1606cdabebc58fb1.jpg,saved,62914
"https://static-assets.artlogic.net/w_1600,h_1600,c_limit,f_auto,fl_lossy,q_auto/ws-pilevneli/usr/exhibitions/images/exhibitions/26/_dsc7740.jpg",media/b4955c2253000454574876fd.jpg,saved,60436
"https://static-assets.artlogic.net/w_1600,h_1600,c_limit,f_auto,fl_lossy,q_auto/ws-pilevneli/usr/exhibitions/images/exhibitions/26/_dsc7742.jpg",media/e1629e1a9b3b820dacf535a7.jpg,saved,65168
"https://static-assets.artlogic.net/w_1600,h_1600,c_limit,f_auto,fl_lossy,q_auto/ws-pilevneli/usr/exhibitions/images/exhibitions/26/_dsc7743.jpg",media/c203974fec524e16ab1efd30.jpg,saved,61138
"https://static-assets.artlogic.net/w_1600,h_1600,c_limit,f_auto,fl_lossy,q_auto/ws-pilevneli/usr/exhibitions/images/exhibitions/26/_dsc7747.jpg",media/ebac28713c5bfcd8d8d7fa1e.jpg,saved,66226
"https://static-assets.artlogic.net/w_1600,h_1600,c_limit,f_auto,fl_lossy,q_auto/ws-pilevneli/usr/exhibitions/images/exhibitions/26/_dsc7751.jpg",media/23448175063f72b4001dce57.jpg,saved,92474
"https://static-assets.artlogic.net/w_1600,h_1600,c_limit,f_auto,fl_lossy,q_auto/ws-pilevneli/usr/exhibitions/images/exhibitions/26/_dsc7756.jpg",media/79aa23ba66536b07ae9885de.jpg,saved,108464
"https://static-assets.artlogic.net/w_1600,h_1600,c_limit,f_auto,fl_lossy,q_auto/ws-pilevneli/usr/exhibitions/images/exhibitions/26/_dsc7760.jpg",media/ca941aa8b3be0a11e8e165e9.jpg,saved,87484
"https://static-assets.artlogic.net/w_1600,h_1600,c_limit,f_auto,fl_lossy,q_auto/ws-pilevneli/usr/exhibitions/images/exhibitions/26/_dsc7770.jpg",media/bd91cc00179492d5d05ff5ef.jpg,saved,26904
"https://static-assets.artlogic.net/w_1600,h_1600,c_limit,f_auto,fl_lossy,q_auto/ws-pilevneli/usr/exhibitions/images/exhibitions/26/_dsc7771.jpg",media/cbdf5e8c9cdaac0469f8b2f6.jpg,saved,54080
"https://static-assets.artlogic.net/w_1600,h_1600,c_limit,f_auto,fl_lossy,q_auto/ws-pilevneli/usr/exhibitions/images/exhibitions/26/_dsc7776.jpg",media/927736828552473b2b4c8960.jpg,saved,111154
"https://static-assets.artlogic.net/w_1600,h_1600,c_limit,f_auto,fl_lossy,q_auto/ws-pilevneli/usr/exhibitions/images/exhibitions/26/_dsc7794.jpg",media/ae8365c95045ecc70547135b.jpg,saved,121026
"https://static-assets.artlogic.net/w_1600,h_1600,c_limit,f_auto,fl_lossy,q_auto/ws-pilevneli/usr/exhibitions/images/exhibitions/26/_dsc7798.jpg",media/34be29349db5c94f60967d5f.jpg,saved,131308
"https://static-assets.artlogic.net/w_1600,h_1600,c_limit,f_auto,fl_lossy,q_auto/ws-pilevneli/usr/exhibitions/images/exhibitions/26/_dsc7803.jpg",media/a03872148135f380764dd617.jpg,saved,54728
"https://static-assets.artlogic.net/w_1600,h_1600,c_limit,f_auto,fl_lossy,q_auto/ws-pilevneli/usr/exhibitions/images/exhibitions/26/_dsc7815.jpg",media/17f0735e61c8a3abc27b8e8f.jpg,saved,78234
"https://static-assets.artlogic.net/w_1600,h_1600,c_limit,f_auto,fl_lossy,q_auto/ws-pilevneli/usr/exhibitions/images/exhibitions/26/_dsc7818.jpg",media/5ffeb8608643e7860bbd09a8.jpg,saved,65138
"https://static-assets.artlogic.net/w_1600,h_1600,c_limit,f_auto,fl_lossy,q_auto/ws-pilevneli/usr/exhibitions/images/exhibitions/26/_dsc7823.jpg",media/196ae20ab6bd430b702b3ece.jpg,saved,138226
"https://static-assets.artlogic.net/w_1600,h_1600,c_limit,f_auto,fl_lossy,q_auto/ws-pilevneli/usr/exhibitions/images/exhibitions/26/_dsc7827.jpg",media/df0901f6d1efe31d25ed5e41.jpg,saved,101768
"https://static-assets.artlogic.net/w_1600,h_1600,c_limit,f_auto,fl_lossy,q_auto/ws-pilevneli/usr/exhibitions/images/exhibitions/26/_dsc7831.jpg",media/1a96da0b723b5aebf86de716.jpg,saved,89952
"https://static-assets.artlogic.net/w_1600,h_1600,c_limit,f_auto,fl_lossy,q_auto/ws-pilevneli/usr/exhibitions/images/exhibitions/26/_dsc7843.jpg",media/568c9f1f479696815969667c.jpg,saved,45212
"https://static-assets.artlogic.net/w_1600,h_1600,c_limit,f_auto,fl_lossy,q_auto/ws-pilevneli/usr/exhibitions/images/exhibitions/26/_dsc7845.jpg",media/27e39309b4a3a102574b27f2.jpg,saved,68170
"https://static-assets.artlogic.net/w_1600,h_1600,c_limit,f_auto,fl_lossy,q_auto/ws-pilevneli/usr/exhibitions/images/exhibitions/26/_dsc7860.jpg",media/2b26826d25b7a07b028a9c23.jpg,saved,77336
"https://static-assets.artlogic.net/w_1600,h_1600,c_limit,f_auto,fl_lossy,q_auto/ws-pilevneli/usr/exhibitions/images/exhibitions/26/_dsc7868.jpg",media/798fc2b4bbe7bdca5fcfc44c.jpg,saved,51900
"https://static-assets.artlogic.net/w_1600,h_1600,c_limit,f_auto,fl_lossy,q_auto/ws-pilevneli/usr/exhibitions/images/exhibitions/26/_dsc7870.jpg",media/0edf99df64ff5d92b7a61c46.jpg,saved,53008
"https://static-assets.artlogic.net/w_1600,h_1600,c_limit,f_auto,fl_lossy,q_auto/ws-pilevneli/usr/exhibitions/images/exhibitions/26/_dsc7874.jpg",media/b9faedd07f7a267d7a84a30e.jpg,saved,47044
"https://static-assets.artlogic.net/w_1600,h_1600,c_limit,f_auto,fl_lossy,q_auto/ws-pilevneli/usr/exhibitions/images/exhibitions/26/_dsc7880.jpg",media/9f171b0c88244fc495c36933.jpg,saved,60770
"https://static-assets.artlogic.net/w_1600,h_1600,c_limit,f_auto,fl_lossy,q_auto/ws-pilevneli/usr/exhibitions/images/exhibitions/26/_dsc7884.jpg",media/cac45e2a1ddf61decd1562e4.jpg,saved,55448
"https://static-assets.artlogic.net/w_1600,h_1600,c_limit,f_auto,fl_lossy,q_auto/ws-pilevneli/usr/exhibitions/images/exhibitions/26/_dsc7886.jpg",media/1a62f4960320fc6b13852df4.jpg,saved,64984
"https://static-assets.artlogic.net/w_1600,h_1600,c_limit,f_auto,fl_lossy,q_auto/ws-pilevneli/usr/exhibitions/images/exhibitions/26/_dsc7888.jpg",media/699e98c0401fa232bc94e016.jpg,saved,44410
"https://static-assets.artlogic.net/w_1600,h_1600,c_limit,f_auto,fl_lossy,q_auto/ws-pilevneli/usr/exhibitions/images/exhibitions/26/_dsc7890.jpg",media/c862a80c93ca230e085149be.jpg,saved,71364
"https://static-assets.artlogic.net/w_1600,h_1600,c_limit,f_auto,fl_lossy,q_auto/ws-pilevneli/usr/exhibitions/images/exhibitions/26/_dsc7896.jpg",media/e3f1334d0d99e253013df660.jpg,saved,443558
"https://static-assets.artlogic.net/w_1600,h_1600,c_limit,f_auto,fl_lossy,q_auto/ws-pilevneli/usr/exhibitions/images/exhibitions/26/_dsc7902.jpg",media/a9328c2e1e2f339ea7056b6b.jpg,saved,145456
"https://static-assets.artlogic.net/w_1600,h_1600,c_limit,f_auto,fl_lossy,q_auto/ws-pilevneli/usr/exhibitions/images/exhibitions/26/_dsc7908.jpg",media/d6bae9256e29706ab138b1cb.jpg,saved,86718
"https://static-assets.artlogic.net/w_1600,h_1600,c_limit,f_auto,fl_lossy,q_auto/ws-pilevneli/usr/exhibitions/images/exhibitions/26/_dsc7912.jpg",media/6b0f26b71a417fb9f9139f18.jpg,saved,183932
"https://static-assets.artlogic.net/w_1600,h_1600,c_limit,f_auto,fl_lossy,q_auto/ws-pilevneli/usr/exhibitions/images/exhibitions/26/_dsc7915.jpg",media/d2e9c4d7b41dacab9c41b339.jpg,saved,167438
"https://static-assets.artlogic.net/w_1600,h_1600,c_limit,f_auto,fl_lossy,q_auto/ws-pilevneli/usr/exhibitions/images/exhibitions/26/_dsc7921.jpg",media/bea6021767c6e17a7ffaf178.jpg,saved,143796
"https://static-assets.artlogic.net/w_1600,h_1600,c_limit,f_auto,fl_lossy,q_auto/ws-pilevneli/usr/exhibitions/images/exhibitions/26/_dsc7923.jpg",media/5f2b61a1f14063f5ef8835f1.jpg,saved,94194
"https://static-assets.artlogic.net/w_1600,h_1600,c_limit,f_auto,fl_lossy,q_auto/ws-pilevneli/usr/exhibitions/images/exhibitions/26/_dsc7929.jpg",media/1998d4e6bb52faef466475b8.jpg,saved,76486
"https://static-assets.artlogic.net/w_1600,h_1600,c_limit,f_auto,fl_lossy,q_auto/ws-pilevneli/usr/exhibitions/images/exhibitions/26/_dsc7935.jpg",media/1fb620bb970857f8217dde5e.jpg,saved,137902
"https://static-assets.artlogic.net/w_1600,h_1600,c_limit,f_auto,fl_lossy,q_auto/ws-pilevneli/usr/exhibitions/images/exhibitions/26/_dsc7926.jpg",media/f41712950e482e73f880d280.jpg,saved,58164
"https://static-assets.artlogic.net/w_1600,h_1600,c_limit,f_auto,fl_lossy,q_auto/ws-pilevneli/usr/exhibitions/images/exhibitions/26/_dsc7927.jpg",media/be1c48de5477b01d7a30a63a.jpg,saved,60538
"https://static-assets.artlogic.net/w_1600,h_1600,c_limit,f_auto,fl_lossy,q_auto/ws-pilevneli/usr/images/exhibitions/group_images_override/26/paper-pr-son.gif",media/4e102bb1c050f96e69bb420b.gif,saved,191596
"https://static-assets.artlogic.net/w_1600,h_1600,c_limit,f_auto,fl_lossy,q_auto/ws-pilevneli/usr/exhibitions/images/exhibitions/27/ex-nihilo-2019-kag-t-u-zerine-fu-zen-ve-ko-mu-r-150x170cm.jpg",media/f5f52d7bcc4d431a6202a9dc.jpg,saved,400496
"https://static-assets.artlogic.net/w_1600,h_1600,c_limit,f_auto,fl_lossy,q_auto/ws-pilevneli/usr/exhibitions/images/exhibitions/27/time-burns-bright-2019-kag-t-u-zerine-fu-zen-ve-ko-mu-r-150x170cm.jpg",media/281003f8d17fb1ba43d65c69.jpg,saved,439184
"https://static-assets.artlogic.net/w_1600,h_1600,c_limit,f_auto,fl_lossy,q_auto/ws-pilevneli/usr/exhibitions/images/exhibitions/27/storyteller-2019-kag-t-u-zerine-mu-rekkep-ve-ko-mu-r-190x150cm.jpg",media/01ef824708b0b5382438da26.jpg,saved,310454
"https://static-assets.artlogic.net/w_1600,h_1600,c_limit,f_auto,fl_lossy,q_auto/ws-pilevneli/usr/exhibitions/images/exhibitions/27/panta-rei-2019-kag-t-u-zerine-fu-zen-ve-ko-mu-r-150x170cm.jpg",media/3f70187ff1712d59e20c2c20.jpg,saved,398806
"https://static-assets.artlogic.net/w_1600,h_1600,c_limit,f_auto,fl_lossy,q_auto/ws-pilevneli/usr/exhibitions/images/exhibitions/27/logos-2019-kag-t-u-zerine-fu-zen-ve-ko-mu-r-170x150cm.jpg",media/b79dcac7c839aab660aa1d70.jpg,saved,260966
"https://static-assets.artlogic.net/w_1600,h_1600,c_limit,f_auto,fl_lossy,q_auto/ws-pilevneli/usr/exhibitions/images/exhibitions/27/he-died-from-his-obligations-2019-kag-t-u-zerine-fu-zen-ve-ko-mu-r-150x170cm.jpg",media/79319a5c6b5d9662d03c87c8.jpg,saved,226352
"https://static-assets.artlogic.net/w_1600,h_1600,c_limit,f_auto,fl_lossy,q_auto/ws-pilevneli/usr/exhibitions/images/exhibitions/27/the-lonely-and-the-only-2019-kag-t-u-zerine-fu-zen-ve-ko-mu-r-170x150cm.jpg",media/daee2a6ec33900bd102a83b4.jpg,saved,251814
"https://static-assets.artlogic.net/w_1600,h_1600,c_limit,f_auto,fl_lossy,q_auto/ws-pilevneli/usr/exhibitions/images/exhibitions/27/a-distant-closeness-2018-kag-t-u-zerine-fu-zen-ve-ko-mu-r-100x70cm.jpg",media/50e95c642146e3d59d8d1da8.jpg,saved,257176
"https://static-assets.artlogic.net/w_1600,h_1600,c_limit,f_auto,fl_lossy,q_auto/ws-pilevneli/usr/exhibitions/images/exhibitions/27/ghost-of-time-2018-kag-t-u-zerine-fu-zen-ve-ko-mu-r-100x70cm.jpg",media/16ddaea929fbe04db3d9e6ce.jpg,saved,351930
"https://static-assets.artlogic.net/w_1600,h_1600,c_limit,f_auto,fl_lossy,q_auto/ws-pilevneli/usr/exhibitions/images/exhibitions/27/still-life-armed-2018-kag-t-u-zerine-fu-zen-ve-ko-mu-r-100x70cm.jpg",media/5a6693ba82b67df2a1200535.jpg,saved,320708
"https://static-assets.artlogic.net/w_1600,h_1600,c_limit,f_auto,fl_lossy,q_auto/ws-pilevneli/usr/exhibitions/images/exhibitions/27/no-cv-no-credit-2018-kag-t-u-zerine-fu-zen-ve-ko-mu-r-100x70cm.jpg",media/d5d9f38e5025e438cf6f9510.jpg,saved,164648
"https://static-assets.artlogic.net/w_1600,h_1600,c_limit,f_auto,fl_lossy,q_auto/ws-pilevneli/usr/exhibitions/images/exhibitions/27/you-were-my-best-dream-2019-kag-t-u-zerine-fu-zen-ve-ko-mu-r-100x70cm.jpg",media/5108c2609aa77469d94f94e8.jpg,saved,308588
"https://static-assets.artlogic.net/w_1600,h_1600,c_limit,f_auto,fl_lossy,q_auto/ws-pilevneli/usr/exhibitions/images/exhibitions/27/love-me-tinder-2018-kag-t-u-zerine-fu-zen-ve-ko-mu-r-100x70cm.jpg",media/5d13859af094ad63b66b9060.jpg,saved,157200
"https://static-assets.artlogic.net/w_1600,h_1600,c_limit,f_auto,fl_lossy,q_auto/ws-pilevneli/usr/exhibitions/images/exhibitions/27/blind-colonel-2018-kag-t-u-zerine-fu-zen-ve-ko-mu-r-100x70cm.jpg",media/2726fb00366c35ae9b13e6f5.jpg,saved,201972
"https://static-assets.artlogic.net/w_1600,h_1600,c_limit,f_auto,fl_lossy,q_auto/ws-pilevneli/usr/exhibitions/images/exhibitions/27/united-nothing-2018-kag-t-u-zerine-fu-zen-ve-ko-mu-r-100x70cm.jpg",media/e2fc848651cce1b7dc7902c3.jpg,saved,363758
"https://static-assets.artlogic.net/w_1600,h_1600,c_limit,f_auto,fl_lossy,q_auto/ws-pilevneli/usr/exhibitions/images/exhibitions/27/om-2018-kag-t-u-zerine-fu-zen-ve-ko-mu-r-100x70cm.jpg",media/4d389a35c0aae80644839d71.jpg,saved,367868
"https://static-assets.artlogic.net/w_1600,h_1600,c_limit,f_auto,fl_lossy,q_auto/ws-pilevneli/usr/exhibitions/images/exhibitions/27/ghost-of-time-2-kag-t-u-zerine-fu-zen-ve-ko-mu-r-100x70cm.jpg",media/c5774bc2b62c284a12001c5a.jpg,saved,375746
"https://static-assets.artlogic.net/w_1600,h_1600,c_limit,f_auto,fl_lossy,q_auto/ws-pilevneli/usr/images/exhibitions/group_images_override/28/intersection-pr-image.gif",media/d7573ec0837eeea1b00a352a.gif,saved,66480
"https://static-assets.artlogic.net/w_1600,h_1600,c_limit,f_auto,fl_lossy,q_auto/ws-pilevneli/usr/images/exhibitions/images_and_objects/28/spacefacet.gif",media/682ff881ed5a132172b57d24.gif,saved,55392
"https://static-assets.artlogic.net/w_1600,h_1600,c_limit,f_auto,fl_lossy,q_auto/ws-pilevneli/usr/images/exhibitions/images_and_objects/28/spacefacet_blue.gif",media/e211ae06ddc23b1762beab30.gif,saved,66104
"https://static-assets.artlogic.net/w_1600,h_1600,c_limit,f_auto,fl_lossy,q_auto/ws-pilevneli/usr/exhibitions/images/exhibitions/28/6c7769d2-890f-4707-9ecc-4c5cc0e6d1dd_kayhankaygusuz_dsc3643.gif",media/bddd4206097716b0e8d00924.gif,saved,686194
"https://static-assets.artlogic.net/w_1600,h_1600,c_limit,f_auto,fl_lossy,q_auto/ws-pilevneli/usr/images/exhibitions/images_and_objects/28/5555555555555555555555555.gif",media/92b8c7930ee7f307e6ab0ef2.gif,failed,"404 Client Error: Not Found for url: https://static-assets.artlogic.net/w_1600,h_1600,c_limit,f_auto,fl_lossy,q_auto/ws-pilevneli/usr/images/exhibitions/images_and_objects/28/55555"
"https://static-assets.artlogic.net/w_1600,h_1600,c_limit,f_auto,fl_lossy,q_auto/ws-pilevneli/usr/images/exhibitions/images_and_objects/28/8888888.gif",media/536a6e849f10e27268a56d27.gif,saved,12002
"https://static-assets.artlogic.net/w_1600,h_1600,c_limit,f_auto,fl_lossy,q_auto/ws-pilevneli/usr/images/exhibitions/images_and_objects/28/dependence1.gif",media/8cc8b799f25de619b3fbca4c.gif,saved,5694
"https://static-assets.artlogic.net/w_1600,h_1600,c_limit,f_auto,fl_lossy,q_auto/ws-pilevneli/usr/exhibitions/images/exhibitions/28/127cae9a-9552-4419-bdfd-eeb9fddd9f09_-ariklevy_rstripleshiftblue_dsc6164.gif",media/8669f310e4b01d78a5a7764f.gif,saved,490618
"https://static-assets.artlogic.net/w_1600,h_1600,c_limit,f_auto,fl_lossy,q_auto/ws-pilevneli/usr/exhibitions/images/exhibitions/28/bcedc295-815d-42c2-90b5-b7d1e50c818a_-ariklevy_logpaintings_dsc5936.gif",media/a13220ca4dcb8f888ab2a60b.gif,saved,78597
"https://static-assets.artlogic.net/w_1600,h_1600,c_limit,f_auto,fl_lossy,q_auto/ws-pilevneli/usr/exhibitions/images/exhibitions/28/4b96b9c7-efcc-4568-bcd7-4b15882ccc23_-ariklevy_logpaintings_dsc6639.gif",media/973a2e3cb22c587e971c84d8.gif,saved,328190
"https://static-assets.artlogic.net/w_1600,h_1600,c_limit,f_auto,fl_lossy,q_auto/ws-pilevneli/usr/exhibitions/images/exhibitions/28/fb614eae-8cf0-4f24-8f71-264e03a4455c_-ariklevy_logpaintings_dsc6644.gif",media/a7ad230430be790898a0c20d.gif,saved,406421
"https://static-assets.artlogic.net/w_1600,h_1600,c_limit,f_auto,fl_lossy,q_auto/ws-pilevneli/usr/exhibitions/images/exhibitions/28/e6e9a9b5-0e67-49d9-bd9c-9ec60b031a78_-ariklevy_logpaintings_dsc5939.gif",media/32d1687e66e5860f99ad7745.gif,saved,77901
"https://static-assets.artlogic.net/w_1600,h_1600,c_limit,f_auto,fl_lossy,q_auto/ws-pilevneli/usr/exhibitions/images/exhibitions/28/2081ce77-f1dc-4d47-91ec-44c8d0a08111_-ariklevy_logpaintings_dsc6638.gif",media/24abb1ec486d3ffbaf905779.gif,saved,358193
"https://static-assets.artlogic.net/w_1600,h_1600,c_limit,f_auto,fl_lossy,q_auto/ws-pilevneli/usr/exhibitions/images/exhibitions/28/3fa37ad5-1288-4601-a46e-7197194bd2a0_-ariklevy_logpaintings_dsc6643.gif",media/14eec90a8c1493bdfda840b9.gif,saved,317407
"https://static-assets.artlogic.net/w_1600,h_1600,c_limit,f_auto,fl_lossy,q_auto/ws-pilevneli/usr/exhibitions/images/exhibitions/28/ba699e2e-95d6-4152-9975-fcbde943df02_-ariklevy_logpaintings_dsc5937.gif",media/3574851723efbb91b4ee0ff1.gif,saved,57075
"https://static-assets.artlogic.net/w_1600,h_1600,c_limit,f_auto,fl_lossy,q_auto/ws-pilevneli/usr/exhibitions/images/exhibitions/28/df4c9e29-e2e4-41c3-bf3a-448d5f32e46c_-ariklevy_logpaintings_dsc6647.gif",media/abefc05d0628bf8e3e0b4051.gif,saved,368754
"https://static-assets.artlogic.net/w_1600,h_1600,c_limit,f_auto,fl_lossy,q_auto/ws-pilevneli/usr/exhibitions/images/exhibitions/28/748671ad-9a97-4e51-ac06-546df8a2bb49_-ariklevy_logpaintings_dsc6636.gif",media/2ba3bb1b34a7f6702697d57d.gif,saved,276994
"https://static-assets.artlogic.net/w_1600,h_1600,c_limit,f_auto,fl_lossy,q_auto/ws-pilevneli/usr/exhibitions/images/exhibitions/28/32a6c572-afdd-4bd6-a5fe-a1689cd708b2_-ariklevy_logpaintings_dsc6649.gif",media/85fc3718a7d1bcfee5141078.gif,saved,386816
"https://static-assets.artlogic.net/w_1600,h_1600,c_limit,f_auto,fl_lossy,q_auto/ws-pilevneli/usr/exhibitions/images/exhibitions/28/6c31560c-9ba1-4637-9cbd-c3eb13220683_-ariklevy_logpaintings_dsc6451.gif",media/fec9b1ec2139515b8e84a00e.gif,saved,339690
"https://static-assets.artlogic.net/w_1600,h_1600,c_limit,f_auto,fl_lossy,q_auto/ws-pilevneli/usr/exhibitions/images/exhibitions/28/6b6b73b1-aaf2-41aa-9880-08150283db4e_-ariklevy_microrockformationbronze2_dsc4398.gif",media/ee7f98c2f915b71495c4bb6e.gif,saved,319964
"https://static-assets.artlogic.net/w_1600,h_1600,c_limit,f_auto,fl_lossy,q_auto/ws-pilevneli/usr/exhibitions/images/exhibitions/28/bd7f6a3b-381c-4870-bfcc-e5b4e7641f2c_-arik-levy-rockstone50_img_3163.gif",media/476c4758a9322d789977e6d0.gif,saved,280425
"https://static-assets.artlogic.net/w_1600,h_1600,c_limit,f_auto,fl_lossy,q_auto/ws-pilevneli/usr/exhibitions/images/exhibitions/28/cfa8738016f2d4c5ad3e7c80d054f09737849a62_ariklevy-microrockformationwoodfire_dsc6601.gif",media/a0fab5a1459de0c3b7ce2eb7.gif,saved,353915
"https://static-assets.artlogic.net/w_1600,h_1600,c_limit,f_auto,fl_lossy,q_auto/ws-pilevneli/usr/exhibitions/images/exhibitions/28/b9a539bf9539fc6c1f76cb34b0405246b31bee3c_ariklevy-microrockformationwood_2_rocks_dsc5645.gif",media/db9a5ee3c6404018a8700500.gif,saved,315788
"https://static-assets.artlogic.net/w_1600,h_1600,c_limit,f_auto,fl_lossy,q_auto/ws-pilevneli/usr/exhibitions/images/exhibitions/28/e1cff1cb-0fc3-4350-bc09-9d6d00f812d0_-arik-levy-microrockformationbronze-5-photo.gif",media/3c037deeb7878d7e5e69cd77.gif,saved,161651
"https://static-assets.artlogic.net/w_1600,h_1600,c_limit,f_auto,fl_lossy,q_auto/ws-pilevneli/usr/exhibitions/images/exhibitions/28/b5cf36039078c5aea7296145a149c9a38b899376_ariklevy_rg115_root_dsc5240.gif",media/ae7ea78b8c0077de7cbcae4a.gif,saved,273178
"https://static-assets.artlogic.net/w_1600,h_1600,c_limit,f_auto,fl_lossy,q_auto/ws-pilevneli/usr/exhibitions/images/exhibitions/28/e8dd09c7-f4f7-40fe-8c71-7b9cb327c506_microrockformationwood_5rocks_03.gif",media/cd592298459576f848d9ecc7.gif,saved,299075
"https://static-assets.artlogic.net/w_1600,h_1600,c_limit,f_auto,fl_lossy,q_auto/ws-pilevneli/usr/exhibitions/images/exhibitions/28/bronze-levy.gif",media/99293b3281392573289d06dd.gif,saved,152259
"https://static-assets.artlogic.net/w_1600,h_1600,c_limit,f_auto,fl_lossy,q_auto/ws-pilevneli/usr/exhibitions/images/exhibitions/28/c4c0f665e70504efccaf43aa9aa2969d68b5e207_ariklevy_rockstonecarbon__dsc2582.gif",media/e2477eb73d0ba828c0e5d597.gif,saved,456874
"https://static-assets.artlogic.net/w_1600,h_1600,c_limit,f_auto,fl_lossy,q_auto/ws-pilevneli/usr/exhibitions/images/exhibitions/28/17b8c4787f9b9c3ba1d8b483db0815fb4cc54f4d_ariklevy-structure50_dsc4340.gif",media/8d5a826d05f64350e37917d4.gif,saved,432471
"https://static-assets.artlogic.net/w_1600,h_1600,c_limit,f_auto,fl_lossy,q_auto/ws-pilevneli/usr/exhibitions/images/exhibitions/28/c475b4c6-891f-4eec-906e-fd8ed2c0aa96_-ariklevy_logpaintings_dsc6454.gif",media/b45cc24ac2a998c2b73aec00.gif,saved,277962
"https://static-assets.artlogic.net/w_1600,h_1600,c_limit,f_auto,fl_lossy,q_auto/ws-pilevneli/usr/exhibitions/images/exhibitions/28/93086414-ade6-450b-bbf1-5045494b18d3_-ariklevy_logpaintings_dsc6456.gif",media/8ea7525e3fb227d5834762d5.gif,saved,350754
"https://static-assets.artlogic.net/w_1600,h_1600,c_limit,f_auto,fl_lossy,q_auto/ws-pilevneli/usr/exhibitions/images/exhibitions/28/9d0bb2e8009868329c64b50870eb1f1113ce56ba_ariklevy-microrockformation-wood-splash_dsc4406.gif",media/28f621b7d5e975400b13d715.gif,saved,254018
"https://static-assets.artlogic.net/w_1600,h_1600,c_limit,f_auto,fl_lossy,q_auto/ws-pilevneli/usr/exhibitions/images/exhibitions/28/5abd23e0-c30e-48c3-90e8-5ff83b6f3e59_-ivo-faber_setareh_arik_levy_2017_03_30_71607.gif",media/ade9e00448dde7dc5e7f40ba.gif,saved,248999
"https://static-assets.artlogic.net/w_1600,h_1600,c_limit,f_auto,fl_lossy,q_auto/ws-pilevneli/usr/exhibitions/images/exhibitions/28/c672e0fbd50f5f97743339ed95971e2a0e53ac20_ariklevy_rockquake56_dsc_0186.gif",media/35397e6c08c088db65054665.gif,saved,394813
"https://static-assets.artlogic.net/w_1600,h_1600,c_limit,f_auto,fl_lossy,q_auto/ws-pilevneli/usr/exhibitions/images/exhibitions/28/5fe16d40-1ac9-4edc-90b7-89f082588fec_-ariklevy-facetformation-drawings_dsc0156.gif",media/44cac2f46b6fac72e64ad4c7.gif,saved,120238
"https://static-assets.artlogic.net/w_1600,h_1600,c_limit,f_auto,fl_lossy,q_auto/ws-pilevneli/usr/exhibitions/images/exhibitions/28/32cedf1ebeeb04777751a61989b64e2b3e88fafa_ariklevy-facetformation_painting_dsc0161_a.gif",media/56dba111dcc7146a994f9912.gif,saved,121151
"https://static-assets.artlogic.net/w_1600,h_1600,c_limit,f_auto,fl_lossy,q_auto/ws-pilevneli/usr/exhibitions/images/exhibitions/28/f5cea846-1e14-4e65-925d-434ad116ff06_-ariklevy-logslice-5-242-2015-01.gif",media/a3c7128bb5cee046550cdc2a.gif,saved,284747
"https://static-assets.artlogic.net/w_1600,h_1600,c_limit,f_auto,fl_lossy,q_auto/ws-pilevneli/usr/exhibitions/images/exhibitions/28/d11ac979-e484-4ec9-8546-c0a1cf73f0ae_-ariklevy_-facetformation295_img_0754.gif",media/d6997f4b5966945c48164e29.gif,saved,624879
"https://static-assets.artlogic.net/w_1600,h_1600,c_limit,f_auto,fl_lossy,q_auto/ws-pilevneli/usr/exhibitions/images/exhibitions/28/887b03de-63ee-4076-9e44-7aa3d5a24294_-ariklevy-paintings-natureshield_dsc6549-kopya.gif",media/1f98fb6f83a399af7aea2984.gif,saved,342346
"https://static-assets.artlogic.net/w_1600,h_1600,c_limit,f_auto,fl_lossy,q_auto/ws-pilevneli/usr/images/exhibitions/images_and_objects/28/58670651-ad0f-4eff-9840-a27d48041bb8_-ariklevy-paintings-natureshield_dsc6548.gif",media/7aabc735e2672afdd9918692.gif,saved,56888
"https://static-assets.artlogic.net/w_1600,h_1600,c_limit,f_auto,fl_lossy,q_auto/ws-pilevneli/usr/exhibitions/images/exhibitions/28/8574837e-d28a-411c-a6ff-11f171f4e772_-ariklevy-paintings-natureshield_dsc6582.gif",media/4ead10477a1676b49c1d7ef7.gif,saved,393731
"https://static-assets.artlogic.net/w_1600,h_1600,c_limit,f_auto,fl_lossy,q_auto/ws-pilevneli/usr/exhibitions/images/exhibitions/28/0979240b-0bc7-44e4-8144-9d7a22ca7a2f_-ariklevy-paintings-natureshield_dsc6579.gif",media/16d390d160ee87c38f801159.gif,saved,371510
"https://static-assets.artlogic.net/w_1600,h_1600,c_limit,f_auto,fl_lossy,q_auto/ws-pilevneli/usr/exhibitions/images/exhibitions/28/7ab093b8301ff61ae4ea0db5073052b6b221c5b4_ariklevy-facetformation-62_img_0303.gif",media/981c46cb51a71b0e26b51021.gif,saved,289902
"https://static-assets.artlogic.net/w_1600,h_1600,c_limit,f_auto,fl_lossy,q_auto/ws-pilevneli/usr/exhibitions/images/exhibitions/28/460d5b46feec1a66c30adc3a9f9e46dcecf21755_ariklevy-facetformation110wood_dsc3839.gif",media/105f5c901caa6da3e8572224.gif,saved,690594
"https://static-assets.artlogic.net/w_1600,h_1600,c_limit,f_auto,fl_lossy,q_auto/ws-pilevneli/usr/exhibitions/images/exhibitions/28/d56b1d33-590b-4a1e-a8a9-726795b88fce_-ariklevy-logslice-4-112-2015-ph-achim-kukulies.gif",media/a85815ff126ca69f8d0f263e.gif,saved,310945
"https://static-assets.artlogic.net/w_1600,h_1600,c_limit,f_auto,fl_lossy,q_auto/ws-pilevneli/usr/exhibitions/images/exhibitions/28/e9c5f228-d618-4360-a319-f41dd8ae5a30_-ariklevy-logslice-3-66-2015.gif",media/4b98b4afa4dd105b06ba51fd.gif,saved,297695
"https://static-assets.artlogic.net/w_1600,h_1600,c_limit,f_auto,fl_lossy,q_auto/ws-pilevneli/usr/exhibitions/images/exhibitions/28/dc175773dce3ebfd574814b229fd586b3729f17b_ariklevy-ffwood-350ivo-faber_setareh_arik_levy_2017_03_30_71663.gif",media/3f23d13e21625469235f37c4.gif,saved,249207
"https://static-assets.artlogic.net/w_1600,h_1600,c_limit,f_auto,fl_lossy,q_auto/ws-pilevneli/usr/images/exhibitions/images_and_objects/28/88e2709cd490abcaad1c8c470e474f42e0853c51_ariklevy-facetformation-180-corten-2016-ph-gabriel-pic-dscf9460.gif",media/54ae5f4b4e1f3b02d3701ff5.gif,saved,27728
"https://static-assets.artlogic.net/w_1600,h_1600,c_limit,f_auto,fl_lossy,q_auto/ws-pilevneli/usr/exhibitions/images/exhibitions/28/bd0a6f92-15c0-4373-bf08-67589e32b0c4_-arik-levy-facetpattern-photo.gif",media/0b3575a099a9f422ec1951a4.gif,saved,292289
"https://static-assets.artlogic.net/w_1600,h_1600,c_limit,f_auto,fl_lossy,q_auto/ws-pilevneli/usr/exhibitions/images/exhibitions/28/3835680a-182d-4309-a35f-2157070a1526_-arik-levy-facetpattern-photo.gif",media/62166092e3b54c052cfcfbdc.gif,saved,284312
"https://static-assets.artlogic.net/w_1600,h_1600,c_limit,f_auto,fl_lossy,q_auto/ws-pilevneli/usr/exhibitions/images/exhibitions/28/39727266-83db-4c51-955a-1631e30e526b_-arik-levy-facetpattern-photo.gif",media/3664b3b6c3cf22b87a8644dc.gif,saved,224167
"https://static-assets.artlogic.net/w_1600,h_1600,c_limit,f_auto,fl_lossy,q_auto/ws-pilevneli/usr/exhibitions/images/exhibitions/28/d186dd99-b9ae-4d66-a7dd-f52ae66b6a3d_-ariklevy-crossfacets__dsc1440.gif",media/04539eb858b9976124ca8155.gif,saved,834146
"https://static-assets.artlogic.net/w_1600,h_1600,c_limit,f_auto,fl_lossy,q_auto/ws-pilevneli/usr/exhibitions/images/exhibitions/28/23bd436b-5502-4079-80dc-79d72ab65396_-ariklevy-crossfacets__dsc1438_2.gif",media/fe0f8c25d1e4d97030488c63.gif,saved,985498
"https://static-assets.artlogic.net/w_1600,h_1600,c_limit,f_auto,fl_lossy,q_auto/ws-pilevneli/usr/images/exhibitions/images_and_objects/28/aaaaaaaaaa.gif",media/33ffdd3fe614d1d20b0a296c.gif,saved,16882
"https://static-assets.artlogic.net/w_1600,h_1600,c_limit,f_auto,fl_lossy,q_auto/ws-pilevneli/usr/images/exhibitions/images_and_objects/28/22222.gif",media/ccaa0c56c0499b0937c98508.gif,saved,10222
"https://static-assets.artlogic.net/w_1600,h_1600,c_limit,f_auto,fl_lossy,q_auto/ws-pilevneli/usr/images/exhibitions/images_and_objects/28/11111111.gif",media/f37e8640a5724a95f4958c5d.gif,failed,"404 Client Error: Not Found for url: https://static-assets.artlogic.net/w_1600,h_1600,c_limit,f_auto,fl_lossy,q_auto/ws-pilevneli/usr/images/exhibitions/images_and_objects/28/11111"
"https://static-assets.artlogic.net/w_1600,h_1600,c_limit,f_auto,fl_lossy,q_auto/ws-pilevneli/usr/exhibitions/images/exhibitions/28/f836c073-65d1-45ea-a68b-e0347432f9b6_-ariklevy_logfusion43bronze-_dsc5995.gif",media/e8b46f4447a29168865d088f.gif,saved,256346
"https://static-assets.artlogic.net/w_1600,h_1600,c_limit,f_auto,fl_lossy,q_auto/ws-pilevneli/usr/exhibitions/images/exhibitions/28/b562fd5d-547e-4d22-ad05-cda51fe78e96_-ariklevy-logfusionwall-102-bronze_dsc6661.gif",media/877d1052c504961e339723ed.gif,saved,390139
"https://static-assets.artlogic.net/w_1600,h_1600,c_limit,f_auto,fl_lossy,q_auto/ws-pilevneli/usr/exhibitions/images/exhibitions/28/aeb8dd7a7aa09aafbc244bd4fb6d227484d59f96_ariklevy_logbronze39a_dsc_0102.gif",media/f8f5ddceb30f52c9f2eeee28.gif,saved,320937
"https://static-assets.artlogic.net/w_1600,h_1600,c_limit,f_auto,fl_lossy,q_auto/ws-pilevneli/usr/exhibitions/images/exhibitions/28/a9aba3ff544dbbffb094b25973d7c47f110677ce_ariklevy-logbronze45r_img_2139.gif",media/a9deb65824b8280160723dd9.gif,saved,307462
"https://static-assets.artlogic.net/w_1600,h_1600,c_limit,f_auto,fl_lossy,q_auto/ws-pilevneli/usr/exhibitions/images/exhibitions/28/00df50e69be41068cb5b2610720cfcc8534e4e1f_ariklevy-logbronze_32a_img_2102.gif",media/3dac732dc7f798bf1b1bc395.gif,saved,264508
"https://static-assets.artlogic.net/w_1600,h_1600,c_limit,f_auto,fl_lossy,q_auto/ws-pilevneli/usr/exhibitions/images/exhibitions/28/00e29b049458291241623d2ed03e6b1d4f1fde36_ariklevy-logbronze_33a_dsc_0229.gif",media/5ddacac399dfb3aedb47b0c8.gif,saved,367405
"https://static-assets.artlogic.net/w_1600,h_1600,c_limit,f_auto,fl_lossy,q_auto/ws-pilevneli/usr/exhibitions/images/exhibitions/28/6a839f65-29f8-4859-bd21-8af778843568_-ariklevy-fixingnature39c__dsc2078.gif",media/e2438400570e31e797590bb0.gif,saved,528255
"https://static-assets.artlogic.net/w_1600,h_1600,c_limit,f_auto,fl_lossy,q_auto/ws-pilevneli/usr/exhibitions/images/exhibitions/28/4a022089f27ae23a0dbd11f29d1323556ca626c9_ariklevy-logbronze34b-u__dsc1878.gif",media/68a57570f422c2fa1de4ec6f.gif,saved,596746
"https://static-assets.artlogic.net/w_1600,h_1600,c_limit,f_auto,fl_lossy,q_auto/ws-pilevneli/usr/exhibitions/images/exhibitions/28/6989985c535b7c9839ecabe410421a9922c3605c_ariklevy-logbronze35_dsc_0123.gif",media/cfa0d1a2e20825afdff400b3.gif,saved,311719
"https://static-assets.artlogic.net/w_1600,h_1600,c_limit,f_auto,fl_lossy,q_auto/ws-pilevneli/usr/exhibitions/images/exhibitions/28/2d86f6ba-a355-4ff0-94c6-890a9383a0e6_-ariklevy_fixingnature_cadre04.gif",media/f5f591467572cc8c117670c3.gif,saved,137235
"https://static-assets.artlogic.net/w_1600,h_1600,c_limit,f_auto,fl_lossy,q_auto/ws-pilevneli/usr/exhibitions/images/exhibitions/28/03fa623b-9a17-45fc-b5c9-701e1bb624f2_-ariklevy_fixingnature_cadre01.gif",media/8d11ced5c3055b676259e33e.gif,saved,132386
"https://static-assets.artlogic.net/w_1600,h_1600,c_limit,f_auto,fl_lossy,q_auto/ws-pilevneli/usr/exhibitions/images/exhibitions/28/3bdfab4d-dd78-40e4-bcc4-bf958f4077a1_-ariklevy_fixingnature_cadre03.gif",media/e0ed44bcb03bf0da81a42069.gif,saved,148865
"https://static-assets.artlogic.net/w_1600,h_1600,c_limit,f_auto,fl_lossy,q_auto/ws-pilevneli/usr/exhibitions/images/exhibitions/28/2bb1773e-19ef-47bd-94df-673ef994e882_-ariklevy_fixingnature_drawings_dsc1937.gif",media/d4e69d80eb3f88e73aa4600b.gif,saved,521608
"https://static-assets.artlogic.net/w_1600,h_1600,c_limit,f_auto,fl_lossy,q_auto/ws-pilevneli/usr/exhibitions/images/exhibitions/28/da490252-9a80-4ea2-8c5d-16338b481c1b_-ariklevy_woodcut_img_2198.gif",media/d345332db716bcf01749332d.gif,saved,158364
"https://static-assets.artlogic.net/w_1600,h_1600,c_limit,f_auto,fl_lossy,q_auto/ws-pilevneli/usr/exhibitions/images/exhibitions/28/3a3e6e7c-e91d-4001-a75e-88b870e502c7_-ariklevy_woodcut_img_2194.gif",media/0a2273b3c8ed3ad26b2cad42.gif,saved,137164
"https://static-assets.artlogic.net/w_1600,h_1600,c_limit,f_auto,fl_lossy,q_auto/ws-pilevneli/usr/exhibitions/images/exhibitions/28/f2845f66-ccc6-4657-a348-0480293b8a53_-ariklevy_woodcut_img_2202.gif",media/b26a673bd0c2a44baadee93f.gif,saved,109987
"https://static-assets.artlogic.net/w_1600,h_1600,c_limit,f_auto,fl_lossy,q_auto/ws-pilevneli/usr/exhibitions/images/exhibitions/28/a8951937-e640-466a-913e-bb201500c058_201108_m-c_arik-levy-zoe-ouvrier_066.gif",media/c2e7c12d98fad9fc094a7ee6.gif,saved,317283
"https://static-assets.artlogic.net/w_1600,h_1600,c_limit,f_auto,fl_lossy,q_auto/ws-pilevneli/usr/exhibitions/images/exhibitions/28/8d08cb643da96cba7542cac94755219cf2dd666f_ariklevy_ghost141red_dscf4776.gif",media/4521cc153b8832e890620eae.gif,saved,288309
"https://static-assets.artlogic.net/w_1600,h_1600,c_limit,f_auto,fl_lossy,q_auto/ws-pilevneli/usr/exhibitions/images/exhibitions/28/7231e8a30216b8d5417e0d8e94104a116f4bc824_ariklevy_ghost41bronze_dsc5863.gif",media/8119d61d4dccb7fded95adb8.gif,saved,411688
"https://static-assets.artlogic.net/w_1600,h_1600,c_limit,f_auto,fl_lossy,q_auto/ws-pilevneli/usr/exhibitions/images/exhibitions/28/4.gif",media/d4165859ed01b84fa01a0bf4.gif,saved,233469
"https://static-assets.artlogic.net/w_1600,h_1600,c_limit,f_auto,fl_lossy,q_auto/ws-pilevneli/usr/exhibitions/images/exhibitions/28/5.gif",media/377514f905b082e612c016da.gif,saved,234471
"https://static-assets.artlogic.net/w_1600,h_1600,c_limit,f_auto,fl_lossy,q_auto/ws-pilevneli/usr/exhibitions/images/exhibitions/28/ekran-al-nt-s-.gif",media/3982e84b418eedc97b093750.gif,saved,112800
"https://static-assets.artlogic.net/w_1600,h_1600,c_limit,f_auto,fl_lossy,q_auto/ws-pilevneli/usr/exhibitions/images/exhibitions/28/ghost224_black.gif",media/b4997cd700c4843636dfbfc6.gif,saved,55178
"https://static-assets.artlogic.net/w_1600,h_1600,c_limit,f_auto,fl_lossy,q_auto/ws-pilevneli/usr/exhibitions/images/exhibitions/28/ec0f2a04-795e-4627-84ad-22f4c62c5f3f_-ariklevy_ghost180_6r2a7953.gif",media/30d9759a3bae73a1eb961d23.gif,saved,397521
"https://static-assets.artlogic.net/w_1600,h_1600,c_limit,f_auto,fl_lossy,q_auto/ws-pilevneli/usr/exhibitions/images/exhibitions/28/7.gif",media/4f646ad31dc49f3b850277c8.gif,saved,40735
"https://static-assets.artlogic.net/w_1600,h_1600,c_limit,f_auto,fl_lossy,q_auto/ws-pilevneli/usr/exhibitions/images/exhibitions/28/1fb693a7-7fd0-4dc1-88fd-4293d19defcb_-ariklevy_ghost224_corten_pdne2017dscf2837.gif",media/50ddf0d90facf45c7d06af39.gif,saved,243179
"https://static-assets.artlogic.net/w_1600,h_1600,c_limit,f_auto,fl_lossy,q_auto/ws-pilevneli/usr/exhibitions/images/exhibitions/28/kayhankaygusuz_dsc3653.jpg",media/1ff94cf4a70120bcb6e6c48c.jpg,saved,96776
"https://static-assets.artlogic.net/w_1600,h_1600,c_limit,f_auto,fl_lossy,q_auto/ws-pilevneli/usr/exhibitions/images/exhibitions/28/hadiyecangokce_al_2972-.gif",media/9bd018337cc8e5994d9431f2.gif,saved,533767
"https://static-assets.artlogic.net/w_1600,h_1600,c_limit,f_auto,fl_lossy,q_auto/ws-pilevneli/usr/exhibitions/images/exhibitions/28/hadiyecangokce_al_2978.gif",media/2bbd359e6ae95e4800e6c5c5.gif,saved,523966
"https://static-assets.artlogic.net/w_1600,h_1600,c_limit,f_auto,fl_lossy,q_auto/ws-pilevneli/usr/exhibitions/images/exhibitions/28/kayhankaygusuz_dsc3646.jpg",media/eb90c0e3d12a549a0455f11f.jpg,saved,80762
"https://static-assets.artlogic.net/w_1600,h_1600,c_limit,f_auto,fl_lossy,q_auto/ws-pilevneli/usr/exhibitions/images/exhibitions/28/kayhankaygusuz_dsc3656.jpg",media/69323617a0a1be7bf1807e38.jpg,saved,59972
"https://static-assets.artlogic.net/w_1600,h_1600,c_limit,f_auto,fl_lossy,q_auto/ws-pilevneli/usr/exhibitions/images/exhibitions/28/kayhankaygusuz_dsc3660.jpg",media/7ede36e9a9fd9ad64aa5ad32.jpg,saved,70468
"https://static-assets.artlogic.net/w_1600,h_1600,c_limit,f_auto,fl_lossy,q_auto/ws-pilevneli/usr/exhibitions/images/exhibitions/28/kayhankaygusuz_dsc3673.jpg",media/65557137631362aec45d88a3.jpg,saved,189110
"https://static-assets.artlogic.net/w_1600,h_1600,c_limit,f_auto,fl_lossy,q_auto/ws-pilevneli/usr/exhibitions/images/exhibitions/28/kayhankaygusuz_dsc3668.jpg",media/4638f56cd21795b26e230526.jpg,saved,155332
"https://static-assets.artlogic.net/w_1600,h_1600,c_limit,f_auto,fl_lossy,q_auto/ws-pilevneli/usr/exhibitions/images/exhibitions/28/kayhankaygusuz_dsc3678.jpg",media/739b3c4f4de112dbf5ac8917.jpg,saved,47762
"https://static-assets.artlogic.net/w_1600,h_1600,c_limit,f_auto,fl_lossy,q_auto/ws-pilevneli/usr/exhibitions/images/exhibitions/28/kayhankaygusuz_dsc3688.jpg",media/4b80d3c8de12ff79598e4837.jpg,saved,37940
"https://static-assets.artlogic.net/w_1600,h_1600,c_limit,f_auto,fl_lossy,q_auto/ws-pilevneli/usr/exhibitions/images/exhibitions/28/kayhankaygusuz_dsc3689.jpg",media/dd648873f64ff772d8c76abb.jpg,saved,58056
"https://static-assets.artlogic.net/w_1600,h_1600,c_limit,f_auto,fl_lossy,q_auto/ws-pilevneli/usr/exhibitions/images/exhibitions/28/hadiyecangokce_al_3028.gif",media/c552081573478aa9cd29a7da.gif,saved,689352
"https://static-assets.artlogic.net/w_1600,h_1600,c_limit,f_auto,fl_lossy,q_auto/ws-pilevneli/usr/exhibitions/images/exhibitions/28/kayhankaygusuz_dsc3704.jpg",media/844fb96dcc85e0e3d3a8bd7b.jpg,saved,63346
"https://static-assets.artlogic.net/w_1600,h_1600,c_limit,f_auto,fl_lossy,q_auto/ws-pilevneli/usr/exhibitions/images/exhibitions/28/hadiyecangokce_al_3020.gif",media/049e55249e4f80bb67a4a3d3.gif,saved,701080
"https://static-assets.artlogic.net/w_1600,h_1600,c_limit,f_auto,fl_lossy,q_auto/ws-pilevneli/usr/exhibitions/images/exhibitions/28/kayhankaygusuz_dsc3701.jpg",media/2f7f04c426c0aa2affefdd54.jpg,saved,47254
"https://static-assets.artlogic.net/w_1600,h_1600,c_limit,f_auto,fl_lossy,q_auto/ws-pilevneli/usr/exhibitions/images/exhibitions/28/kayhankaygusuz_dsc3710.jpg",media/fe66d113de9ea55862694688.jpg,saved,50396
"https://static-assets.artlogic.net/w_1600,h_1600,c_limit,f_auto,fl_lossy,q_auto/ws-pilevneli/usr/exhibitions/images/exhibitions/28/kayhankaygusuz_dsc3686.jpg",media/3d12bda562d3e28e69f960bb.jpg,saved,37168
"https://static-assets.artlogic.net/w_1600,h_1600,c_limit,f_auto,fl_lossy,q_auto/ws-pilevneli/usr/exhibitions/images/exhibitions/28/kayhankaygusuz_dsc3691.jpg",media/4391e5e1a40ed4faaa4b56b9.jpg,saved,81660
"https://static-assets.artlogic.net/w_1600,h_1600,c_limit,f_auto,fl_lossy,q_auto/ws-pilevneli/usr/exhibitions/images/exhibitions/28/kayhankaygusuz_dsc3721.jpg",media/602e0bbd72eb3ab90cde6229.jpg,saved,124156
"https://static-assets.artlogic.net/w_1600,h_1600,c_limit,f_auto,fl_lossy,q_auto/ws-pilevneli/usr/exhibitions/images/exhibitions/28/kayhankaygusuz_dsc3717.jpg",media/69fba77428b40710743958f8.jpg,saved,162098
"https://static-assets.artlogic.net/w_1600,h_1600,c_limit,f_auto,fl_lossy,q_auto/ws-pilevneli/usr/exhibitions/images/exhibitions/28/kayhankaygusuz_dsc3722.jpg",media/2aeec5b3471895759cce221e.jpg,saved,162462
"https://static-assets.artlogic.net/w_1600,h_1600,c_limit,f_auto,fl_lossy,q_auto/ws-pilevneli/usr/exhibitions/images/exhibitions/28/hadiyecangokce_al_2997.gif",media/f73234ce873de36f6942d7a6.gif,saved,893053
"https://static-assets.artlogic.net/w_1600,h_1600,c_limit,f_auto,fl_lossy,q_auto/ws-pilevneli/usr/exhibitions/images/exhibitions/28/hadiyecangokce_al_2984.gif",media/f30a7ade804d5d1736502949.gif,saved,1256299
"https://static-assets.artlogic.net/w_1600,h_1600,c_limit,f_auto,fl_lossy,q_auto/ws-pilevneli/usr/exhibitions/images/exhibitions/28/hadiyecangokce_al_2983-.gif",media/aad64e21b9bada37ab93f502.gif,saved,834640
"https://static-assets.artlogic.net/w_1600,h_1600,c_limit,f_auto,fl_lossy,q_auto/ws-pilevneli/usr/exhibitions/images/exhibitions/28/hadiyecangokce_al_2985.gif",media/1595280e9358b235c0ab0855.gif,saved,748519
"https://static-assets.artlogic.net/w_1600,h_1600,c_limit,f_auto,fl_lossy,q_auto/ws-pilevneli/usr/exhibitions/images/exhibitions/28/hadiyecangokce_al_2988.gif",media/f102375b76c514d890eeec8e.gif,saved,706131
"https://static-assets.artlogic.net/w_1600,h_1600,c_limit,f_auto,fl_lossy,q_auto/ws-pilevneli/usr/exhibitions/images/exhibitions/28/hadiyecangokce_al_2990.gif",media/d38a44f6e48b444e93de359b.gif,saved,714822
"https://static-assets.artlogic.net/w_1600,h_1600,c_limit,f_auto,fl_lossy,q_auto/ws-pilevneli/usr/exhibitions/images/exhibitions/28/hadiyecangokce_al_2989.gif",media/7171f62ca3a75c86ec2d5c99.gif,saved,657384
"https://static-assets.artlogic.net/w_1600,h_1600,c_limit,f_auto,fl_lossy,q_auto/ws-pilevneli/usr/exhibitions/images/exhibitions/28/kayhankaygusuz_dsc3754.jpg",media/a2fa95d62dd9249fadbc5438.jpg,saved,59736
"https://static-assets.artlogic.net/w_1600,h_1600,c_limit,f_auto,fl_lossy,q_auto/ws-pilevneli/usr/exhibitions/images/exhibitions/28/hadiyecangokce_al_2991.gif",media/2f5048488525f545ccf54f8c.gif,saved,773798
"https://static-assets.artlogic.net/w_1600,h_1600,c_limit,f_auto,fl_lossy,q_auto/ws-pilevneli/usr/exhibitions/images/exhibitions/28/hadiyecangokce_al_2979.gif",media/dc68c966a299d984d598ec56.gif,saved,747125
"https://static-assets.artlogic.net/w_1600,h_1600,c_limit,f_auto,fl_lossy,q_auto/ws-pilevneli/usr/exhibitions/images/exhibitions/28/hadiyecangokce_al_2977.gif",media/dbe287e10970b8dae12ef12b.gif,saved,772259
"https://static-assets.artlogic.net/w_1600,h_1600,c_limit,f_auto,fl_lossy,q_auto/ws-pilevneli/usr/exhibitions/images/exhibitions/28/hadiyecangokce_al_3000-.gif",media/36f555ced95b3686eeb8d62c.gif,saved,600393
"https://static-assets.artlogic.net/w_1600,h_1600,c_limit,f_auto,fl_lossy,q_auto/ws-pilevneli/usr/exhibitions/images/exhibitions/28/hadiyecangokce_al_2996-.gif",media/9eab6b57ecc8adc3c4edf186.gif,saved,595539
"https://static-assets.artlogic.net/w_1600,h_1600,c_limit,f_auto,fl_lossy,q_auto/ws-pilevneli/usr/exhibitions/images/exhibitions/28/kayhankaygusuz_dsc3750.jpg",media/5a2f37425fcf69f095104b43.jpg,saved,46402
"https://static-assets.artlogic.net/w_1600,h_1600,c_limit,f_auto,fl_lossy,q_auto/ws-pilevneli/usr/exhibitions/images/exhibitions/28/kayhankaygusuz_dsc3785.jpg",media/2f5ed13a04b89599547193c5.jpg,saved,43330
"https://static-assets.artlogic.net/w_1600,h_1600,c_limit,f_auto,fl_lossy,q_auto/ws-pilevneli/usr/exhibitions/images/exhibitions/28/hadiyecangokce_al_2992.gif",media/33a0ff0e37c37ded3c95dfc9.gif,saved,856453
"https://static-assets.artlogic.net/w_1600,h_1600,c_limit,f_auto,fl_lossy,q_auto/ws-pilevneli/usr/exhibitions/images/exhibitions/28/hadiyecangokce_al_2963.gif",media/207b27ed130abb5747b758e7.gif,saved,821094
"https://static-assets.artlogic.net/w_1600,h_1600,c_limit,f_auto,fl_lossy,q_auto/ws-pilevneli/usr/exhibitions/images/exhibitions/28/hadiyecangokce_al_2964.gif",media/cfe1e5dafbfbf45f724a573b.gif,saved,946088
"https://static-assets.artlogic.net/w_1600,h_1600,c_limit,f_auto,fl_lossy,q_auto/ws-pilevneli/usr/exhibitions/images/exhibitions/28/hadiyecangokce_al_2966.gif",media/7de77427d64a51cf6d3a6b5b.gif,saved,1184727
"https://static-assets.artlogic.net/w_1600,h_1600,c_limit,f_auto,fl_lossy,q_auto/ws-pilevneli/usr/exhibitions/images/exhibitions/28/kayhankaygusuz_dsc3764.jpg",media/256af5a4edd9a10b8c8e14bf.jpg,saved,153062
"https://static-assets.artlogic.net/w_1600,h_1600,c_limit,f_auto,fl_lossy,q_auto/ws-pilevneli/usr/exhibitions/images/exhibitions/28/kayhankaygusuz_dsc3776.jpg",media/5ab6c59ef82e55773e98e3e8.jpg,saved,150832
"https://static-assets.artlogic.net/w_1600,h_1600,c_limit,f_auto,fl_lossy,q_auto/ws-pilevneli/usr/exhibitions/images/exhibitions/28/kayhankaygusuz_dsc3781.jpg",media/2733539d24ce0b2611e58d3b.jpg,saved,67008
"https://static-assets.artlogic.net/w_1600,h_1600,c_limit,f_auto,fl_lossy,q_auto/ws-pilevneli/usr/exhibitions/images/exhibitions/28/kayhankaygusuz_dsc3771.jpg",media/59e2a79c7a6ac2123a1eb235.jpg,saved,178452
"https://static-assets.artlogic.net/w_1600,h_1600,c_limit,f_auto,fl_lossy,q_auto/ws-pilevneli/usr/exhibitions/images/exhibitions/28/hadiyecangokce_al_2986.gif",media/5b5e8891bfbd7c526a0a5018.gif,saved,793747
"https://static-assets.artlogic.net/w_1600,h_1600,c_limit,f_auto,fl_lossy,q_auto/ws-pilevneli/usr/exhibitions/images/exhibitions/28/kayhankaygusuz_dsc3796.jpg",media/034281054dfcfb2c4d777683.jpg,saved,48508
"https://static-assets.artlogic.net/w_1600,h_1600,c_limit,f_auto,fl_lossy,q_auto/ws-pilevneli/usr/exhibitions/images/exhibitions/28/kayhankaygusuz_dsc3820.jpg",media/c9be66f5b3e8e1120971fc2a.jpg,saved,46668
"https://static-assets.artlogic.net/w_1600,h_1600,c_limit,f_auto,fl_lossy,q_auto/ws-pilevneli/usr/exhibitions/images/exhibitions/28/kayhankaygusuz_dsc3812.jpg",media/42960e71fc6220f874414b10.jpg,saved,47044
"https://static-assets.artlogic.net/w_1600,h_1600,c_limit,f_auto,fl_lossy,q_auto/ws-pilevneli/usr/exhibitions/images/exhibitions/28/hadiyecangokce_al_2994.gif",media/341696e9af857a3af7e5665e.gif,saved,743910
"https://static-assets.artlogic.net/w_1600,h_1600,c_limit,f_auto,fl_lossy,q_auto/ws-pilevneli/usr/exhibitions/images/exhibitions/28/hadiyecangokce_al_2983.gif",media/1e04b978c09ecb78b92315de.gif,saved,797680
"https://static-assets.artlogic.net/w_1600,h_1600,c_limit,f_auto,fl_lossy,q_auto/ws-pilevneli/usr/exhibitions/images/exhibitions/28/kayhankaygusuz_dsc3802.jpg",media/c13d7822cbc13f31aa88fc60.jpg,saved,47338
"https://static-assets.artlogic.net/w_1600,h_1600,c_limit,f_auto,fl_lossy,q_auto/ws-pilevneli/usr/exhibitions/images/exhibitions/28/kayhankaygusuz_dsc3805.jpg",media/454770101b7a1e3769d51808.jpg,saved,41326
"https://static-assets.artlogic.net/w_1600,h_1600,c_limit,f_auto,fl_lossy,q_auto/ws-pilevneli/usr/exhibitions/images/exhibitions/28/kayhankaygusuz_dsc3824.jpg",media/7ca01cc6962cb7468dfba727.jpg,saved,67654
"https://static-assets.artlogic.net/w_1600,h_1600,c_limit,f_auto,fl_lossy,q_auto/ws-pilevneli/usr/exhibitions/images/exhibitions/28/hadiyecangokce_al_2996.gif",media/06db1cdb405dce234d9ab4f8.gif,saved,804481
"https://static-assets.artlogic.net/w_1600,h_1600,c_limit,f_auto,fl_lossy,q_auto/ws-pilevneli/usr/exhibitions/images/exhibitions/28/kayhankaygusuz_dsc3794.jpg",media/085c709a2f70393d4a715d58.jpg,saved,38834
"https://static-assets.artlogic.net/w_1600,h_1600,c_limit,f_auto,fl_lossy,q_auto/ws-pilevneli/usr/exhibitions/images/exhibitions/28/kayhankaygusuz_dsc3795.jpg",media/2c37459de4d6e629fff664b3.jpg,saved,40640
"https://static-assets.artlogic.net/w_1600,h_1600,c_limit,f_auto,fl_lossy,q_auto/ws-pilevneli/usr/exhibitions/images/exhibitions/28/kayhankaygusuz_dsc3828.jpg",media/552b066b21a38a1629a8be05.jpg,saved,24802
"https://static-assets.artlogic.net/w_1600,h_1600,c_limit,f_auto,fl_lossy,q_auto/ws-pilevneli/usr/exhibitions/images/exhibitions/28/kayhankaygusuz_dsc3831.jpg",media/5437ab811df89458542128a9.jpg,saved,24992
"https://static-assets.artlogic.net/w_1600,h_1600,c_limit,f_auto,fl_lossy,q_auto/ws-pilevneli/usr/exhibitions/images/exhibitions/28/hadiyecangokce_al_3001.gif",media/9a8ce2343864a4922c789fe3.gif,saved,841357
"https://static-assets.artlogic.net/w_1600,h_1600,c_limit,f_auto,fl_lossy,q_auto/ws-pilevneli/usr/exhibitions/images/exhibitions/28/kayhankaygusuz_dsc3845.jpg",media/c3ba982d9764030cf0c2258f.jpg,saved,74088
"https://static-assets.artlogic.net/w_1600,h_1600,c_limit,f_auto,fl_lossy,q_auto/ws-pilevneli/usr/exhibitions/images/exhibitions/28/kayhankaygusuz_dsc3841.jpg",media/27193445349c06f297603090.jpg,saved,69332
"https://static-assets.artlogic.net/w_1600,h_1600,c_limit,f_auto,fl_lossy,q_auto/ws-pilevneli/usr/images/artists/artwork_image_for_artists_page/items/ac/acd3ddde5b80484ebd79c0d452b0fa76/al289-image.jpg",media/6f68b0e727acaa80aba6e183.jpg,failed,"404 Client Error: Not Found for url: https://static-assets.artlogic.net/w_1600,h_1600,c_limit,f_auto,fl_lossy,q_auto/ws-pilevneli/usr/images/artists/artwork_image_for_artists_page/"
"https://static-assets.artlogic.net/w_1600,h_1600,c_limit,f_auto,fl_lossy,q_auto/ws-pilevneli/usr/exhibitions/images/exhibitions/29/s-o-_yeni-bir-umutsuzluk_installation-shot-76.jpg",media/d715ddb8bb1c386b261b90a7.jpg,saved,71556
"https://static-assets.artlogic.net/w_1600,h_1600,c_limit,f_auto,fl_lossy,q_auto/ws-pilevneli/usr/exhibitions/images/exhibitions/29/s-o-_yeni-bir-umutsuzluk_installation-shot-14.jpg",media/db716b69f5dd1a4467417d26.jpg,saved,114922
"https://static-assets.artlogic.net/w_1600,h_1600,c_limit,f_auto,fl_lossy,q_auto/ws-pilevneli/usr/exhibitions/images/exhibitions/29/s-o-_yeni-bir-umutsuzluk_installation-shot-20.jpg",media/37ccd9355e25bef126f71cdd.jpg,saved,156936
"https://static-assets.artlogic.net/w_1600,h_1600,c_limit,f_auto,fl_lossy,q_auto/ws-pilevneli/usr/exhibitions/images/exhibitions/29/s-o-_yeni-bir-umutsuzluk_installation-shot-18.jpg",media/8611f0e8f7d837280f1dfa18.jpg,saved,222318
"https://static-assets.artlogic.net/w_1600,h_1600,c_limit,f_auto,fl_lossy,q_auto/ws-pilevneli/usr/exhibitions/images/exhibitions/29/s-o-_yeni-bir-umutsuzluk_installation-shot-12.jpg",media/2107e9a520bd595744bee876.jpg,saved,21278
"https://static-assets.artlogic.net/w_1600,h_1600,c_limit,f_auto,fl_lossy,q_auto/ws-pilevneli/usr/exhibitions/images/exhibitions/29/s-o-_yeni-bir-umutsuzluk_installation-shot-3.jpg",media/dfc74ef864465c2eef4362aa.jpg,saved,19584
"https://static-assets.artlogic.net/w_1600,h_1600,c_limit,f_auto,fl_lossy,q_auto/ws-pilevneli/usr/exhibitions/images/exhibitions/29/s-o-_yeni-bir-umutsuzluk_installation-shot-10.jpg",media/1ec941ceb73ff784c12b7213.jpg,saved,37602
"https://static-assets.artlogic.net/w_1600,h_1600,c_limit,f_auto,fl_lossy,q_auto/ws-pilevneli/usr/exhibitions/images/exhibitions/29/s-o-_yeni-bir-umutsuzluk_installation-shot-6.jpg",media/737e89d06b9244d08c05c1e5.jpg,saved,30234
"https://static-assets.artlogic.net/w_1600,h_1600,c_limit,f_auto,fl_lossy,q_auto/ws-pilevneli/usr/exhibitions/images/exhibitions/29/s-o-_yeni-bir-umutsuzluk_installation-shot-22.jpg",media/1e4d41a531f720aa9ba481ab.jpg,saved,50930
"https://static-assets.artlogic.net/w_1600,h_1600,c_limit,f_auto,fl_lossy,q_auto/ws-pilevneli/usr/exhibitions/images/exhibitions/29/s-o-_yeni-bir-umutsuzluk_installation-shot-25.jpg",media/3c974556934d820c1f763ad3.jpg,saved,12896
"https://static-assets.artlogic.net/w_1600,h_1600,c_limit,f_auto,fl_lossy,q_auto/ws-pilevneli/usr/exhibitions/images/exhibitions/29/s-o-_yeni-bir-umutsuzluk_installation-shot-24.jpg",media/bd3428abaae265f9b9742c66.jpg,saved,12840
"https://static-assets.artlogic.net/w_1600,h_1600,c_limit,f_auto,fl_lossy,q_auto/ws-pilevneli/usr/exhibitions/images/exhibitions/29/s-o-_yeni-bir-umutsuzluk_installation-shot-26.jpg",media/4403df85b426c4bdcccc4f22.jpg,saved,62688
"https://static-assets.artlogic.net/w_1600,h_1600,c_limit,f_auto,fl_lossy,q_auto/ws-pilevneli/usr/exhibitions/images/exhibitions/29/s-o-_yeni-bir-umutsuzluk_installation-shot-31.jpg",media/c447e8b0ace6ba89e75a7cf1.jpg,saved,55294
"https://static-assets.artlogic.net/w_1600,h_1600,c_limit,f_auto,fl_lossy,q_auto/ws-pilevneli/usr/exhibitions/images/exhibitions/29/s-o-_yeni-bir-umutsuzluk_installation-shot-29.jpg",media/f5553e2eeab824a8fd0f2685.jpg,saved,51390
"https://static-assets.artlogic.net/w_1600,h_1600,c_limit,f_auto,fl_lossy,q_auto/ws-pilevneli/usr/exhibitions/images/exhibitions/29/s-o-_yeni-bir-umutsuzluk_installation-shot-30.jpg",media/100c5faf5ced64e25bd34555.jpg,saved,79226
"https://static-assets.artlogic.net/w_1600,h_1600,c_limit,f_auto,fl_lossy,q_auto/ws-pilevneli/usr/exhibitions/images/exhibitions/29/s-o-_yeni-bir-umutsuzluk_installation-shot-42.jpg",media/a1c63b3fef354d8cd6acdd8e.jpg,saved,30088
"https://static-assets.artlogic.net/w_1600,h_1600,c_limit,f_auto,fl_lossy,q_auto/ws-pilevneli/usr/exhibitions/images/exhibitions/29/s-o-_yeni-bir-umutsuzluk_installation-shot-44.jpg",media/03b4545f1b9432764ac6e9b6.jpg,saved,70066
"https://static-assets.artlogic.net/w_1600,h_1600,c_limit,f_auto,fl_lossy,q_auto/ws-pilevneli/usr/exhibitions/images/exhibitions/29/s-o-_yeni-bir-umutsuzluk_installation-shot-37.jpg",media/494674f784b56ce9a7b6ead4.jpg,saved,25772
"https://static-assets.artlogic.net/w_1600,h_1600,c_limit,f_auto,fl_lossy,q_auto/ws-pilevneli/usr/exhibitions/images/exhibitions/29/s-o-_yeni-bir-umutsuzluk_installation-shot-47.jpg",media/53a94f6a13c5fc4623e2934c.jpg,saved,9090
"https://static-assets.artlogic.net/w_1600,h_1600,c_limit,f_auto,fl_lossy,q_auto/ws-pilevneli/usr/exhibitions/images/exhibitions/29/s-o-_yeni-bir-umutsuzluk_installation-shot-45.jpg",media/7f4f999a07edcd9ccef55c53.jpg,saved,39974
"https://static-assets.artlogic.net/w_1600,h_1600,c_limit,f_auto,fl_lossy,q_auto/ws-pilevneli/usr/exhibitions/images/exhibitions/29/s-o-_yeni-bir-umutsuzluk_installation-shot-49.jpg",media/6f76ab9f8056556aaad7d130.jpg,saved,18494
"https://static-assets.artlogic.net/w_1600,h_1600,c_limit,f_auto,fl_lossy,q_auto/ws-pilevneli/usr/exhibitions/images/exhibitions/29/s-o-_yeni-bir-umutsuzluk_installation-shot-55.jpg",media/63f1d8f2a624f6743607600a.jpg,saved,24170
"https://static-assets.artlogic.net/w_1600,h_1600,c_limit,f_auto,fl_lossy,q_auto/ws-pilevneli/usr/exhibitions/images/exhibitions/29/s-o-_yeni-bir-umutsuzluk_installation-shot-50.jpg",media/0ab53c1338e8064c5c2d630f.jpg,saved,51222
"https://static-assets.artlogic.net/w_1600,h_1600,c_limit,f_auto,fl_lossy,q_auto/ws-pilevneli/usr/exhibitions/images/exhibitions/29/s-o-_yeni-bir-umutsuzluk_installation-shot-51.jpg",media/df6a1d2637d2aae28160e67e.jpg,saved,83274
"https://static-assets.artlogic.net/w_1600,h_1600,c_limit,f_auto,fl_lossy,q_auto/ws-pilevneli/usr/exhibitions/images/exhibitions/29/s-o-_yeni-bir-umutsuzluk_installation-shot-61.jpg",media/f81e5c83986afbc132856dd4.jpg,saved,20534
"https://static-assets.artlogic.net/w_1600,h_1600,c_limit,f_auto,fl_lossy,q_auto/ws-pilevneli/usr/exhibitions/images/exhibitions/29/s-o-_yeni-bir-umutsuzluk_installation-shot-56.jpg",media/3771b155949f49e558a5b5a5.jpg,saved,17522
"https://static-assets.artlogic.net/w_1600,h_1600,c_limit,f_auto,fl_lossy,q_auto/ws-pilevneli/usr/exhibitions/images/exhibitions/29/s-o-_yeni-bir-umutsuzluk_installation-shot-60.jpg",media/fb1918006f218f108be825d0.jpg,saved,37294
"https://static-assets.artlogic.net/w_1600,h_1600,c_limit,f_auto,fl_lossy,q_auto/ws-pilevneli/usr/exhibitions/images/exhibitions/29/s-o-_yeni-bir-umutsuzluk_installation-shot-65.jpg",media/f0bea1b44bb992f26a4511d7.jpg,saved,29260
"https://static-assets.artlogic.net/w_1600,h_1600,c_limit,f_auto,fl_lossy,q_auto/ws-pilevneli/usr/exhibitions/images/exhibitions/29/s-o-_yeni-bir-umutsuzluk_installation-shot-64.jpg",media/92a469bb1cf60e84f5c9e441.jpg,saved,21306
"https://static-assets.artlogic.net/w_1600,h_1600,c_limit,f_auto,fl_lossy,q_auto/ws-pilevneli/usr/exhibitions/images/exhibitions/29/s-o-_yeni-bir-umutsuzluk_installation-shot-62.jpg",media/c7f26adc5c72cbc0fd45356e.jpg,saved,16796
"https://static-assets.artlogic.net/w_1600,h_1600,c_limit,f_auto,fl_lossy,q_auto/ws-pilevneli/usr/exhibitions/images/exhibitions/29/s-o-_yeni-bir-umutsuzluk_installation-shot-69.jpg",media/b1d658c1dbc1525cd586c66e.jpg,saved,44182
"https://static-assets.artlogic.net/w_1600,h_1600,c_limit,f_auto,fl_lossy,q_auto/ws-pilevneli/usr/exhibitions/images/exhibitions/29/s-o-_yeni-bir-umutsuzluk_installation-shot-70.jpg",media/b8c54c4856a33a9c02a2be84.jpg,saved,14740
"https://static-assets.artlogic.net/w_1600,h_1600,c_limit,f_auto,fl_lossy,q_auto/ws-pilevneli/usr/exhibitions/images/exhibitions/29/s-o-_yeni-bir-umutsuzluk_installation-shot-75.jpg",media/c99b8a5922ecf04c5090eef4.jpg,saved,59308
"https://static-assets.artlogic.net/w_1600,h_1600,c_limit,f_auto,fl_lossy,q_auto/ws-pilevneli/usr/exhibitions/images/exhibitions/29/s-o-_yeni-bir-umutsuzluk_installation-shot-68.jpg",media/899a4c7de1604723c8ff43d0.jpg,saved,27162
"https://static-assets.artlogic.net/w_1600,h_1600,c_limit,f_auto,fl_lossy,q_auto/ws-pilevneli/usr/images/exhibitions/group_images_override/29/pr-image.gif",media/ba8d0664555525dbab4aac37.gif,saved,111372
"https://static-assets.artlogic.net/w_1600,h_1600,c_limit,f_auto,fl_lossy,q_auto/ws-pilevneli/usr/exhibitions/images/exhibitions/29/yenibirumutsuzluk.gif",media/2ba09c9fc3877e7b71c66279.gif,saved,646321
"https://static-assets.artlogic.net/w_1600,h_1600,c_limit,f_auto,fl_lossy,q_auto/ws-pilevneli/usr/exhibitions/images/exhibitions/29/kurtlerikurtardigimgun.gif",media/51dabf3e940421464b5501ed.gif,saved,810056
"https://static-assets.artlogic.net/w_1600,h_1600,c_limit,f_auto,fl_lossy,q_auto/ws-pilevneli/usr/exhibitions/images/exhibitions/29/bariyerinarkasi.gif",media/1373417aeef5b624ddad06f4.gif,saved,743136
"https://static-assets.artlogic.net/w_1600,h_1600,c_limit,f_auto,fl_lossy,q_auto/ws-pilevneli/usr/exhibitions/images/exhibitions/29/energize3kanal.gif",media/6d27c0115425e107ad04840b.gif,saved,280690
"https://static-assets.artlogic.net/w_1600,h_1600,c_limit,f_auto,fl_lossy,q_auto/ws-pilevneli/usr/exhibitions/images/exhibitions/29/energizeberlin.gif",media/9e7352f7e095cfd97fc53c70.gif,saved,904176
"https://static-assets.artlogic.net/w_1600,h_1600,c_limit,f_auto,fl_lossy,q_auto/ws-pilevneli/usr/exhibitions/images/exhibitions/29/energizesur.gif",media/1d1e842c1efdb87d80de462d.gif,saved,683523
"https://static-assets.artlogic.net/w_1600,h_1600,c_limit,f_auto,fl_lossy,q_auto/ws-pilevneli/usr/exhibitions/images/exhibitions/29/kayadakiadam_1.gif",media/b09b0d2032138c9215f73915.gif,saved,1280739
"https://static-assets.artlogic.net/w_1600,h_1600,c_limit,f_auto,fl_lossy,q_auto/ws-pilevneli/usr/exhibitions/images/exhibitions/29/kayadakiadam_2.gif",media/0fed640ff95e8f22c3c47ca3.gif,saved,1184487
"https://static-assets.artlogic.net/w_1600,h_1600,c_limit,f_auto,fl_lossy,q_auto/ws-pilevneli/usr/images/exhibitions/images_and_objects/29/benimgordugum-son1.gif",media/a6452d5f7f5a15ab43fd49c2.gif,saved,336054
"https://static-assets.artlogic.net/w_1600,h_1600,c_limit,f_auto,fl_lossy,q_auto/ws-pilevneli/usr/exhibitions/images/exhibitions/29/arinmayadalotusyiyenler.gif",media/7fa1f00d776367124a7bbbc0.gif,saved,1003160
"https://static-assets.artlogic.net/w_1600,h_1600,c_limit,f_auto,fl_lossy,q_auto/ws-pilevneli/usr/exhibitions/images/exhibitions/29/i-patlayankadinlar.gif",media/efcadca83d88b7abc6b36ab8.gif,saved,713313
"https://static-assets.artlogic.net/w_1600,h_1600,c_limit,f_auto,fl_lossy,q_auto/ws-pilevneli/usr/exhibitions/images/exhibitions/29/bu-tu-nisimler.gif",media/ad462e2975e5aa518f2a6a8e.gif,saved,1062915
"https://static-assets.artlogic.net/w_1600,h_1600,c_limit,f_auto,fl_lossy,q_auto/ws-pilevneli/usr/exhibitions/images/exhibitions/29/kesindonus.gif",media/df1158c40058da80e5f68e9f.gif,saved,960898
"https://static-assets.artlogic.net/w_1600,h_1600,c_limit,f_auto,fl_lossy,q_auto/ws-pilevneli/usr/exhibitions/images/exhibitions/29/kabus.gif",media/44016f1ae51eaf1e5a64bfaa.gif,saved,788186
"https://static-assets.artlogic.net/w_1600,h_1600,c_limit,f_auto,fl_lossy,q_auto/ws-pilevneli/usr/exhibitions/images/exhibitions/29/serefiye.gif",media/b026bcdc28df6b85a01adc38.gif,saved,870060
"https://static-assets.artlogic.net/w_1600,h_1600,c_limit,f_auto,fl_lossy,q_auto/ws-pilevneli/usr/exhibitions/images/exhibitions/29/ikarusundususu.gif",media/aa4db6f1d3ffccdabaafdfc7.gif,saved,947573
"https://static-assets.artlogic.net/w_1600,h_1600,c_limit,f_auto,fl_lossy,q_auto/ws-pilevneli/usr/exhibitions/images/exhibitions/29/is.gif",media/78da09fa5bcca8988534d8a9.gif,saved,1040876
"https://static-assets.artlogic.net/w_1600,h_1600,c_limit,f_auto,fl_lossy,q_auto/ws-pilevneli/usr/exhibitions/images/exhibitions/29/etniktemizlik.gif",media/e37622ced362b40457199d1d.gif,saved,157011
"https://static-assets.artlogic.net/w_1600,h_1600,c_limit,f_auto,fl_lossy,q_auto/ws-pilevneli/usr/exhibitions/images/exhibitions/29/umut.gif",media/d27134aa4640e35b6129b0b3.gif,saved,995163
"https://static-assets.artlogic.net/w_1600,h_1600,c_limit,f_auto,fl_lossy,q_auto/ws-pilevneli/usr/exhibitions/images/exhibitions/29/koyumuz.gif",media/45206a2f027a52c353eafc4a.gif,saved,453164
"https://static-assets.artlogic.net/w_1600,h_1600,c_limit,f_auto,fl_lossy,q_auto/ws-pilevneli/usr/images/exhibitions/images_and_objects/29/bitti-mi_9-son.gif",media/b298cdba168834e4b7d59d1c.gif,saved,65724
"https://static-assets.artlogic.net/w_1600,h_1600,c_limit,f_auto,fl_lossy,q_auto/ws-pilevneli/usr/exhibitions/images/exhibitions/29/tacizrehbertoplu.gif",media/6660c42e0751fd72df874291.gif,saved,132182
"https://static-assets.artlogic.net/w_1600,h_1600,c_limit,f_auto,fl_lossy,q_auto/ws-pilevneli/usr/exhibitions/images/exhibitions/29/i-natc-leke_1-son.gif",media/46be98eafab897df460f1783.gif,saved,863337
"https://static-assets.artlogic.net/w_1600,h_1600,c_limit,f_auto,fl_lossy,q_auto/ws-pilevneli/usr/exhibitions/images/exhibitions/29/i-simsiz_7.gif",media/c26dbb8423ec0091d4c4eed9.gif,saved,816321
"https://static-assets.artlogic.net/w_1600,h_1600,c_limit,f_auto,fl_lossy,q_auto/ws-pilevneli/usr/exhibitions/images/exhibitions/29/savasbittimi.gif",media/a8615696b49d865fc621d52b.gif,saved,807116
"https://static-assets.artlogic.net/w_1600,h_1600,c_limit,f_auto,fl_lossy,q_auto/ws-pilevneli/usr/exhibitions/images/exhibitions/29/supermuslimtoplu.gif",media/eb2514b89d222c31c9158fdf.gif,saved,458706
"https://static-assets.artlogic.net/w_1600,h_1600,c_limit,f_auto,fl_lossy,q_auto/ws-pilevneli/usr/exhibitions/images/exhibitions/29/gocmen.gif",media/01f8322f4790702a01b7e3a0.gif,saved,486467
"https://static-assets.artlogic.net/w_1600,h_1600,c_limit,f_auto,fl_lossy,q_auto/ws-pilevneli/usr/exhibitions/images/exhibitions/29/yolda.gif",media/1abc8ea1ac8ea45e7ec23f10.gif,saved,1060564
"https://static-assets.artlogic.net/w_1600,h_1600,c_limit,f_auto,fl_lossy,q_auto/ws-pilevneli/usr/images/exhibitions/images_and_objects/29/bayrak_100x150-cm.gif",media/afefde675277865df10b1fde.gif,saved,71070
"https://static-assets.artlogic.net/w_1600,h_1600,c_limit,f_auto,fl_lossy,q_auto/ws-pilevneli/usr/images/exhibitions/images_and_objects/29/kessesini.gif",media/3040642c2e37fb1e9bf13ce9.gif,saved,241368
"https://static-assets.artlogic.net/w_1600,h_1600,c_limit,f_auto,fl_lossy,q_auto/ws-pilevneli/usr/exhibitions/images/exhibitions/29/optikpropoganda_150x220.gif",media/b969acce5f8a96d5f28790fa.gif,saved,766193
"https://static-assets.artlogic.net/w_1600,h_1600,c_limit,f_auto,fl_lossy,q_auto/ws-pilevneli/usr/exhibitions/images/exhibitions/29/kusursuzposu.png",media/b0e221e9fb928973cc79727b.png,saved,709196
"https://static-assets.artlogic.net/w_1600,h_1600,c_limit,f_auto,fl_lossy,q_auto/ws-pilevneli/usr/exhibitions/images/exhibitions/29/mysuit-son.gif",media/a2e350375bc396eecfb474aa.gif,saved,751052
"https://static-assets.artlogic.net/w_1600,h_1600,c_limit,f_auto,fl_lossy,q_auto/ws-pilevneli/usr/exhibitions/images/exhibitions/30/ba_-alk-s-applause-_0986.jpg",media/e39c7b273d7cec4a0a62add0.jpg,saved,27540
"https://static-assets.artlogic.net/w_1600,h_1600,c_limit,f_auto,fl_lossy,q_auto/ws-pilevneli/usr/exhibitions/images/exhibitions/30/ba_-alk-s-applause-_0994.jpg",media/51b949aec64aa3d59f5923d0.jpg,saved,32866
"https://static-assets.artlogic.net/w_1600,h_1600,c_limit,f_auto,fl_lossy,q_auto/ws-pilevneli/usr/exhibitions/images/exhibitions/30/ba_-alk-s-applause-_0998.jpg",media/86ed0b3416e3bcd9bf14119a.jpg,saved,82814
"https://static-assets.artlogic.net/w_1600,h_1600,c_limit,f_auto,fl_lossy,q_auto/ws-pilevneli/usr/exhibitions/images/exhibitions/30/ba_-alk-s-applause-_0999.jpg",media/5561a67052d666982238249e.jpg,saved,28748
"https://static-assets.artlogic.net/w_1600,h_1600,c_limit,f_auto,fl_lossy,q_auto/ws-pilevneli/usr/exhibitions/images/exhibitions/30/ba_-alk-s-applause-_1002.jpg",media/ac2d2d5cdbfa4ff27894d665.jpg,saved,28154
"https://static-assets.artlogic.net/w_1600,h_1600,c_limit,f_auto,fl_lossy,q_auto/ws-pilevneli/usr/exhibitions/images/exhibitions/30/_-applause-_1008.gif",media/f1aaca608a50906c348ebc5e.gif,saved,1052293
"https://static-assets.artlogic.net/w_1600,h_1600,c_limit,f_auto,fl_lossy,q_auto/ws-pilevneli/usr/exhibitions/images/exhibitions/30/ba_-alk-s-applause-_dsc1463.jpg",media/bfc5d46718e0d0bb410f2de8.jpg,saved,38996
"https://static-assets.artlogic.net/w_1600,h_1600,c_limit,f_auto,fl_lossy,q_auto/ws-pilevneli/usr/exhibitions/images/exhibitions/30/ba_-alk-s-applause-_dsc1498.jpg",media/55e62cca788908571bccbb74.jpg,saved,34808
"https://static-assets.artlogic.net/w_1600,h_1600,c_limit,f_auto,fl_lossy,q_auto/ws-pilevneli/usr/exhibitions/images/exhibitions/30/ba_-alk-s-applause-_1009.jpg",media/7dddcfda7446d89a1ebfc5df.jpg,saved,60546
"https://static-assets.artlogic.net/w_1600,h_1600,c_limit,f_auto,fl_lossy,q_auto/ws-pilevneli/usr/exhibitions/images/exhibitions/30/ba_-alk-s-applause-_1012.jpg",media/fc9e52bedc779b9049788ed0.jpg,saved,19744
"https://static-assets.artlogic.net/w_1600,h_1600,c_limit,f_auto,fl_lossy,q_auto/ws-pilevneli/usr/exhibitions/images/exhibitions/30/ba_-alk-s-applause-_1016.jpg",media/ad48212da03117592e4818c0.jpg,saved,20494
"https://static-assets.artlogic.net/w_1600,h_1600,c_limit,f_auto,fl_lossy,q_auto/ws-pilevneli/usr/exhibitions/images/exhibitions/30/ba_-alk-s-applause-_1031.jpg",media/eb8b5909011cd91e34180946.jpg,saved,29282
"https://static-assets.artlogic.net/w_1600,h_1600,c_limit,f_auto,fl_lossy,q_auto/ws-pilevneli/usr/exhibitions/images/exhibitions/30/ba_-alk-s-applause-_1036.jpg",media/419455ce8ca5c06c6c261fe9.jpg,saved,51374
"https://static-assets.artlogic.net/w_1600,h_1600,c_limit,f_auto,fl_lossy,q_auto/ws-pilevneli/usr/exhibitions/images/exhibitions/30/ba_-alk-s-applause-_1037.jpg",media/6f50a68ca0dda794c041a48f.jpg,saved,43920
"https://static-assets.artlogic.net/w_1600,h_1600,c_limit,f_auto,fl_lossy,q_auto/ws-pilevneli/usr/exhibitions/images/exhibitions/30/ba_-alk-s-applause-_dsc1384.jpg",media/e8cfc929e339314eb8e3b78c.jpg,saved,37348
"https://static-assets.artlogic.net/w_1600,h_1600,c_limit,f_auto,fl_lossy,q_auto/ws-pilevneli/usr/exhibitions/images/exhibitions/30/ba_-alk-s-applause-_dsc1382.jpg",media/c80b9e1a0feb1d1cb6d2d33c.jpg,saved,46388
"https://static-assets.artlogic.net/w_1600,h_1600,c_limit,f_auto,fl_lossy,q_auto/ws-pilevneli/usr/exhibitions/images/exhibitions/30/ba_-alk-s-applause-_dsc1385.jpg",media/9ea5ffd6dab91e9fdf94f6a3.jpg,saved,32836
"https://static-assets.artlogic.net/w_1600,h_1600,c_limit,f_auto,fl_lossy,q_auto/ws-pilevneli/usr/exhibitions/images/exhibitions/30/ba_-alk-s-applause-_1041.jpg",media/d499422482301a27898e743d.jpg,saved,27298
"https://static-assets.artlogic.net/w_1600,h_1600,c_limit,f_auto,fl_lossy,q_auto/ws-pilevneli/usr/exhibitions/images/exhibitions/30/ba_-alk-s-applause-_1048.jpg",media/4a5c1189ca5c149548043fbd.jpg,saved,45796
"https://static-assets.artlogic.net/w_1600,h_1600,c_limit,f_auto,fl_lossy,q_auto/ws-pilevneli/usr/exhibitions/images/exhibitions/30/ba_-alk-s-applause-_1049.jpg",media/bbc381c68dc01ae7f1eac9aa.jpg,saved,40012
"https://static-assets.artlogic.net/w_1600,h_1600,c_limit,f_auto,fl_lossy,q_auto/ws-pilevneli/usr/exhibitions/images/exhibitions/30/ba_-alk-s-applause-_1051.jpg",media/75802cf33c9704f3f58d0c44.jpg,saved,28324
"https://static-assets.artlogic.net/w_1600,h_1600,c_limit,f_auto,fl_lossy,q_auto/ws-pilevneli/usr/exhibitions/images/exhibitions/30/ba_-alk-s-applause-_dsc1415.jpg",media/d6c01ff413338754ab26244c.jpg,saved,30528
"https://static-assets.artlogic.net/w_1600,h_1600,c_limit,f_auto,fl_lossy,q_auto/ws-pilevneli/usr/images/exhibitions/group_images_override/30/applause-pr-son.gif",media/534cf2712bb1f539a3dbddc6.gif,saved,62830
"https://static-assets.artlogic.net/w_1600,h_1600,c_limit,f_auto,fl_lossy,q_auto/ws-pilevneli/usr/exhibitions/images/exhibitions/30/deniz-belendir.gif",media/bedf561beefd5d23ee5651a7.gif,saved,1202501
"https://static-assets.artlogic.net/w_1600,h_1600,c_limit,f_auto,fl_lossy,q_auto/ws-pilevneli/usr/exhibitions/images/exhibitions/30/who-r-u.gif",media/c97cd4e6456205c6cc75ea78.gif,saved,1187002
"https://static-assets.artlogic.net/w_1600,h_1600,c_limit,f_auto,fl_lossy,q_auto/ws-pilevneli/usr/exhibitions/images/exhibitions/30/only-in-my-dreams.gif",media/2d7c1e67fc943b59a17c2543.gif,saved,1142404
"https://static-assets.artlogic.net/w_1600,h_1600,c_limit,f_auto,fl_lossy,q_auto/ws-pilevneli/usr/exhibitions/images/exhibitions/30/the-poet.gif",media/fb62d07b23d8445f9d9883d2.gif,saved,1161753
"https://static-assets.artlogic.net/w_1600,h_1600,c_limit,f_auto,fl_lossy,q_auto/ws-pilevneli/usr/exhibitions/images/exhibitions/30/taste-of-blood.gif",media/2428028c1858436e61220278.gif,saved,1181404
"https://static-assets.artlogic.net/w_1600,h_1600,c_limit,f_auto,fl_lossy,q_auto/ws-pilevneli/usr/exhibitions/images/exhibitions/30/artist-and-friends.gif",media/9f28a5ac950ecc09073ebaaf.gif,saved,1137601
"https://static-assets.artlogic.net/w_1600,h_1600,c_limit,f_auto,fl_lossy,q_auto/ws-pilevneli/usr/exhibitions/images/exhibitions/30/halloween.gif",media/31a8b336bf3da77cb1260246.gif,saved,967164
"https://static-assets.artlogic.net/w_1600,h_1600,c_limit,f_auto,fl_lossy,q_auto/ws-pilevneli/usr/exhibitions/images/exhibitions/30/who-am-i.gif",media/a39fceb8d8926b0f00d048e7.gif,saved,1235041
"https://static-assets.artlogic.net/w_1600,h_1600,c_limit,f_auto,fl_lossy,q_auto/ws-pilevneli/usr/exhibitions/images/exhibitions/30/the-end.gif",media/37fc6168f85b7247ce3a4c5f.gif,saved,1275058
"https://static-assets.artlogic.net/w_1600,h_1600,c_limit,f_auto,fl_lossy,q_auto/ws-pilevneli/usr/exhibitions/images/exhibitions/30/dogs.gif",media/2f97f5daf74e6f83725eefb8.gif,saved,1100773
"https://static-assets.artlogic.net/w_1600,h_1600,c_limit,f_auto,fl_lossy,q_auto/ws-pilevneli/usr/exhibitions/images/exhibitions/30/bank-of-mum.gif",media/6f32eba4a1445f710b0b4b28.gif,saved,1201049
"https://static-assets.artlogic.net/w_1600,h_1600,c_limit,f_auto,fl_lossy,q_auto/ws-pilevneli/usr/images/exhibitions/images_and_objects/30/a.jpg",media/33c5c68a0714d2f814e7fd8f.jpg,saved,15510
"https://static-assets.artlogic.net/w_1600,h_1600,c_limit,f_auto,fl_lossy,q_auto/ws-pilevneli/usr/exhibitions/images/exhibitions/30/b.jpg",media/48929c87692086bd1375f12c.jpg,saved,34654
"https://static-assets.artlogic.net/w_1600,h_1600,c_limit,f_auto,fl_lossy,q_auto/ws-pilevneli/usr/exhibitions/images/exhibitions/30/c.jpg",media/9b53482755c26dfd2130582d.jpg,saved,105626
"https://static-assets.artlogic.net/w_1600,h_1600,c_limit,f_auto,fl_lossy,q_auto/ws-pilevneli/usr/exhibitions/images/exhibitions/31/dsc_1562.jpg",media/82d63ebeedd4c932b6b82f91.jpg,saved,164572
"https://static-assets.artlogic.net/w_1600,h_1600,c_limit,f_auto,fl_lossy,q_auto/ws-pilevneli/usr/exhibitions/images/exhibitions/31/dsc_4973.gif",media/db1b2d2ad0a1fed71f033c4a.gif,saved,684162
"https://static-assets.artlogic.net/w_1600,h_1600,c_limit,f_auto,fl_lossy,q_auto/ws-pilevneli/usr/exhibitions/images/exhibitions/31/dsc_4975.gif",media/e903aede0569f796049b390b.gif,saved,617393
"https://static-assets.artlogic.net/w_1600,h_1600,c_limit,f_auto,fl_lossy,q_auto/ws-pilevneli/usr/exhibitions/images/exhibitions/31/dsc_4978.gif",media/787d3a869eff5d8465d1ab68.gif,saved,672392
"https://static-assets.artlogic.net/w_1600,h_1600,c_limit,f_auto,fl_lossy,q_auto/ws-pilevneli/usr/exhibitions/images/exhibitions/31/dsc_4985.gif",media/b480b69256701522defd4e79.gif,saved,627630
"https://static-assets.artlogic.net/w_1600,h_1600,c_limit,f_auto,fl_lossy,q_auto/ws-pilevneli/usr/exhibitions/images/exhibitions/31/dsc_4969.gif",media/28888589884685a1759e57ad.gif,saved,804071
"https://static-assets.artlogic.net/w_1600,h_1600,c_limit,f_auto,fl_lossy,q_auto/ws-pilevneli/usr/exhibitions/images/exhibitions/31/dsc_4959.gif",media/0e74e3df4da2e23b3487c2d1.gif,saved,697580
"https://static-assets.artlogic.net/w_1600,h_1600,c_limit,f_auto,fl_lossy,q_auto/ws-pilevneli/usr/exhibitions/images/exhibitions/31/dsc_1227.gif",media/6634a7d66f827055e7af0e68.gif,saved,763758
"https://static-assets.artlogic.net/w_1600,h_1600,c_limit,f_auto,fl_lossy,q_auto/ws-pilevneli/usr/exhibitions/images/exhibitions/31/dsc_1237.gif",media/58bbdf653d7f778cad56fe12.gif,saved,729937
"https://static-assets.artlogic.net/w_1600,h_1600,c_limit,f_auto,fl_lossy,q_auto/ws-pilevneli/usr/exhibitions/images/exhibitions/31/dsc_1233.gif",media/2c83ea0bc82a79c05f1f4e5f.gif,saved,718143
"https://static-assets.artlogic.net/w_1600,h_1600,c_limit,f_auto,fl_lossy,q_auto/ws-pilevneli/usr/exhibitions/images/exhibitions/31/dsc_4965.gif",media/db838ac3d459e35df9c54d57.gif,saved,721931
"https://static-assets.artlogic.net/w_1600,h_1600,c_limit,f_auto,fl_lossy,q_auto/ws-pilevneli/usr/exhibitions/images/exhibitions/31/dsc_1229.gif",media/5c1cb3453b3b9f1142ebe968.gif,saved,740350
"https://static-assets.artlogic.net/w_1600,h_1600,c_limit,f_auto,fl_lossy,q_auto/ws-pilevneli/usr/exhibitions/images/exhibitions/31/dsc_1221.gif",media/eadebfffee38d8bc1d07712d.gif,saved,747032
"https://static-assets.artlogic.net/w_1600,h_1600,c_limit,f_auto,fl_lossy,q_auto/ws-pilevneli/usr/exhibitions/images/exhibitions/31/dsc_4784.gif",media/8f5bd59e274cc0122b22c278.gif,saved,726866
"https://static-assets.artlogic.net/w_1600,h_1600,c_limit,f_auto,fl_lossy,q_auto/ws-pilevneli/usr/exhibitions/images/exhibitions/31/dsc_4787.gif",media/1c632141af45503af489f617.gif,saved,640126
"https://static-assets.artlogic.net/w_1600,h_1600,c_limit,f_auto,fl_lossy,q_auto/ws-pilevneli/usr/exhibitions/images/exhibitions/31/dsc_4789.gif",media/34eb18db585b3ec45a5a121a.gif,saved,865271
"https://static-assets.artlogic.net/w_1600,h_1600,c_limit,f_auto,fl_lossy,q_auto/ws-pilevneli/usr/exhibitions/images/exhibitions/31/dsc_4782.gif",media/64601a30ab2bcd91a857e7da.gif,saved,832856
"https://static-assets.artlogic.net/w_1600,h_1600,c_limit,f_auto,fl_lossy,q_auto/ws-pilevneli/usr/exhibitions/images/exhibitions/31/dsc_4797.gif",media/29238bf9437ee02c391c26d6.gif,saved,903979
"https://static-assets.artlogic.net/w_1600,h_1600,c_limit,f_auto,fl_lossy,q_auto/ws-pilevneli/usr/exhibitions/images/exhibitions/31/dsc_4718.gif",media/40200aa70fa35146baecd441.gif,saved,726972
"https://static-assets.artlogic.net/w_1600,h_1600,c_limit,f_auto,fl_lossy,q_auto/ws-pilevneli/usr/exhibitions/images/exhibitions/31/dsc_4724.gif",media/5fe61d778c897a03f36faa2d.gif,saved,422195
"https://static-assets.artlogic.net/w_1600,h_1600,c_limit,f_auto,fl_lossy,q_auto/ws-pilevneli/usr/exhibitions/images/exhibitions/31/dsc_4816.gif",media/54e47de345ede51fa22a37c2.gif,saved,855451
"https://static-assets.artlogic.net/w_1600,h_1600,c_limit,f_auto,fl_lossy,q_auto/ws-pilevneli/usr/exhibitions/images/exhibitions/31/dsc_4821.gif",media/107f06e4a23d4866e3c3a59f.gif,saved,947239
"https://static-assets.artlogic.net/w_1600,h_1600,c_limit,f_auto,fl_lossy,q_auto/ws-pilevneli/usr/exhibitions/images/exhibitions/31/dsc_4826-copy.gif",media/b480a2bc033bf2eaf48d6f36.gif,saved,1039513
"https://static-assets.artlogic.net/w_1600,h_1600,c_limit,f_auto,fl_lossy,q_auto/ws-pilevneli/usr/exhibitions/images/exhibitions/31/dsc_4877.gif",media/434261f63508eb79e54ab15d.gif,saved,943827
"https://static-assets.artlogic.net/w_1600,h_1600,c_limit,f_auto,fl_lossy,q_auto/ws-pilevneli/usr/exhibitions/images/exhibitions/31/dsc_4830.gif",media/92bbf3c18210624857aa577f.gif,saved,901146
"https://static-assets.artlogic.net/w_1600,h_1600,c_limit,f_auto,fl_lossy,q_auto/ws-pilevneli/usr/exhibitions/images/exhibitions/31/dsc_4879.gif",media/7e406274f830f87df1bee357.gif,saved,787904
"https://static-assets.artlogic.net/w_1600,h_1600,c_limit,f_auto,fl_lossy,q_auto/ws-pilevneli/usr/exhibitions/images/exhibitions/31/dsc_4814.gif",media/be0ae1c2823a3b29d5020a3b.gif,saved,910310
"https://static-assets.artlogic.net/w_1600,h_1600,c_limit,f_auto,fl_lossy,q_auto/ws-pilevneli/usr/exhibitions/images/exhibitions/31/dsc_4817.gif",media/dd58f1faa7f7d2b43fb7c292.gif,saved,804204
"https://static-assets.artlogic.net/w_1600,h_1600,c_limit,f_auto,fl_lossy,q_auto/ws-pilevneli/usr/exhibitions/images/exhibitions/31/dsc_4867.gif",media/56d8c3ffe23ad280bee48fc7.gif,saved,875689
"https://static-assets.artlogic.net/w_1600,h_1600,c_limit,f_auto,fl_lossy,q_auto/ws-pilevneli/usr/exhibitions/images/exhibitions/31/dsc_4847.gif",media/80ab61e8f46eac9a77a03986.gif,saved,817052
"https://static-assets.artlogic.net/w_1600,h_1600,c_limit,f_auto,fl_lossy,q_auto/ws-pilevneli/usr/exhibitions/images/exhibitions/31/dsc_4872.gif",media/1b66fd34e83a9c641f1db22e.gif,saved,770884
"https://static-assets.artlogic.net/w_1600,h_1600,c_limit,f_auto,fl_lossy,q_auto/ws-pilevneli/usr/exhibitions/images/exhibitions/31/dsc_4841.gif",media/8488eb71176ce59be53b0fd8.gif,saved,829474
"https://static-assets.artlogic.net/w_1600,h_1600,c_limit,f_auto,fl_lossy,q_auto/ws-pilevneli/usr/exhibitions/images/exhibitions/31/dsc_4851.gif",media/7650b6e8a8c26f0f23e39e40.gif,saved,828255
"https://static-assets.artlogic.net/w_1600,h_1600,c_limit,f_auto,fl_lossy,q_auto/ws-pilevneli/usr/exhibitions/images/exhibitions/31/dsc_1155.gif",media/b57a691cd348463d46ea40a2.gif,saved,753409
"https://static-assets.artlogic.net/w_1600,h_1600,c_limit,f_auto,fl_lossy,q_auto/ws-pilevneli/usr/exhibitions/images/exhibitions/31/dsc_1042.gif",media/eced94179b4876c8cfc0d8dc.gif,saved,1022883
"https://static-assets.artlogic.net/w_1600,h_1600,c_limit,f_auto,fl_lossy,q_auto/ws-pilevneli/usr/exhibitions/images/exhibitions/31/dsc_1048.gif",media/13624078581d374bc2dd3ec8.gif,saved,909371
"https://static-assets.artlogic.net/w_1600,h_1600,c_limit,f_auto,fl_lossy,q_auto/ws-pilevneli/usr/exhibitions/images/exhibitions/31/dsc_1058.gif",media/c2e14ef5bd6b2583e4e3a506.gif,saved,1086333
"https://static-assets.artlogic.net/w_1600,h_1600,c_limit,f_auto,fl_lossy,q_auto/ws-pilevneli/usr/exhibitions/images/exhibitions/31/dsc_1063.gif",media/32a0f5e7eebdc13e7260fef5.gif,saved,1033096
"https://static-assets.artlogic.net/w_1600,h_1600,c_limit,f_auto,fl_lossy,q_auto/ws-pilevneli/usr/exhibitions/images/exhibitions/31/dsc_1089.gif",media/5fea39c1f640e03da84a8518.gif,saved,907444
"https://static-assets.artlogic.net/w_1600,h_1600,c_limit,f_auto,fl_lossy,q_auto/ws-pilevneli/usr/exhibitions/images/exhibitions/31/dsc_1094.gif",media/72b733de92c6a07f94ae9b07.gif,saved,1112383
"https://static-assets.artlogic.net/w_1600,h_1600,c_limit,f_auto,fl_lossy,q_auto/ws-pilevneli/usr/exhibitions/images/exhibitions/31/dsc_1110.gif",media/e9ec9c23c00785f4c1aebe39.gif,saved,870192
"https://static-assets.artlogic.net/w_1600,h_1600,c_limit,f_auto,fl_lossy,q_auto/ws-pilevneli/usr/exhibitions/images/exhibitions/31/dsc_1117.gif",media/ff8d9c800877eba5dae48ba6.gif,saved,963766
"https://static-assets.artlogic.net/w_1600,h_1600,c_limit,f_auto,fl_lossy,q_auto/ws-pilevneli/usr/exhibitions/images/exhibitions/31/dsc_1199.gif",media/36e5ea3fd663312685391f26.gif,saved,1150315
"https://static-assets.artlogic.net/w_1600,h_1600,c_limit,f_auto,fl_lossy,q_auto/ws-pilevneli/usr/exhibitions/images/exhibitions/31/dsc_1145.gif",media/4596859b228ab57489f05c1e.gif,saved,1008817
"https://static-assets.artlogic.net/w_1600,h_1600,c_limit,f_auto,fl_lossy,q_auto/ws-pilevneli/usr/exhibitions/images/exhibitions/31/dsc_1131.gif",media/b7b532830716ef7833c3b212.gif,saved,987079
"https://static-assets.artlogic.net/w_1600,h_1600,c_limit,f_auto,fl_lossy,q_auto/ws-pilevneli/usr/images/artists/artwork_image_for_artists_page/items/75/75821285afdc4c3e9fe6999a57208087/tobias-rehberger.gif",media/c3b3e009fbb919ebd8d9097c.gif,saved,181346
"https://static-assets.artlogic.net/w_1600,h_1600,c_limit,f_auto,fl_lossy,q_auto/ws-pilevneli/usr/images/exhibitions/group_images_override/31/tobias-pr-son.gif",media/706114b4b57b71b01a033ff6.gif,saved,288480
"https://static-assets.artlogic.net/w_1600,h_1600,c_limit,f_auto,fl_lossy,q_auto/ws-pilevneli/usr/exhibitions/images/exhibitions/31/dsc_4799.jpg",media/f8e08267c91c0009ec9df2c4.jpg,saved,299464
"https://static-assets.artlogic.net/w_1600,h_1600,c_limit,f_auto,fl_lossy,q_auto/ws-pilevneli/usr/exhibitions/images/exhibitions/31/dsc_4796.jpg",media/41459c2680d556f04e8347cb.jpg,saved,64904
"https://static-assets.artlogic.net/w_1600,h_1600,c_limit,f_auto,fl_lossy,q_auto/ws-pilevneli/usr/exhibitions/images/exhibitions/31/dsc_4800.jpg",media/81d3177e3572580a3b593ba2.jpg,saved,91208
"https://static-assets.artlogic.net/w_1600,h_1600,c_limit,f_auto,fl_lossy,q_auto/ws-pilevneli/usr/exhibitions/images/exhibitions/31/dsc_4980.jpg",media/0fb3e0ad7aec3239b3b20745.jpg,saved,30238
"https://static-assets.artlogic.net/w_1600,h_1600,c_limit,f_auto,fl_lossy,q_auto/ws-pilevneli/usr/exhibitions/images/exhibitions/31/dsc_1196.jpg",media/f016f40aea6b8f413fab64af.jpg,saved,213036
"https://static-assets.artlogic.net/w_1600,h_1600,c_limit,f_auto,fl_lossy,q_auto/ws-pilevneli/usr/exhibitions/images/exhibitions/31/dsc_1493.jpg",media/a5ebd00370d20c7c1fbe4011.jpg,saved,155998
"https://static-assets.artlogic.net/w_1600,h_1600,c_limit,f_auto,fl_lossy,q_auto/ws-pilevneli/usr/exhibitions/images/exhibitions/31/dsc_5005.jpg",media/1f96ef33b5abad7465d6eca0.jpg,saved,53520
"https://static-assets.artlogic.net/w_1600,h_1600,c_limit,f_auto,fl_lossy,q_auto/ws-pilevneli/usr/exhibitions/images/exhibitions/31/dsc_4899.jpg",media/6abe88acd681557e2bc36dd2.jpg,saved,30814
"https://static-assets.artlogic.net/w_1600,h_1600,c_limit,f_auto,fl_lossy,q_auto/ws-pilevneli/usr/exhibitions/images/exhibitions/31/dsc_4901-copy.jpg",media/630649075dc3bc40a30ba8dd.jpg,saved,25450
"https://static-assets.artlogic.net/w_1600,h_1600,c_limit,f_auto,fl_lossy,q_auto/ws-pilevneli/usr/exhibitions/images/exhibitions/31/dsc_4920.jpg",media/d3d926320326cd7bf7ddff7a.jpg,saved,31520
"https://static-assets.artlogic.net/w_1600,h_1600,c_limit,f_auto,fl_lossy,q_auto/ws-pilevneli/usr/exhibitions/images/exhibitions/31/dsc_4930-hdr.jpg",media/157ac0e654a8225470056e00.jpg,saved,24970
"https://static-assets.artlogic.net/w_1600,h_1600,c_limit,f_auto,fl_lossy,q_auto/ws-pilevneli/usr/exhibitions/images/exhibitions/31/dsc_1217.jpg",media/2bb8fe74b3f4b1eab4b16ccb.jpg,saved,47978
"https://static-assets.artlogic.net/w_1600,h_1600,c_limit,f_auto,fl_lossy,q_auto/ws-pilevneli/usr/exhibitions/images/exhibitions/31/dsc_4895.jpg",media/1737506b48f9784de7e55fad.jpg,saved,84392
"https://static-assets.artlogic.net/w_1600,h_1600,c_limit,f_auto,fl_lossy,q_auto/ws-pilevneli/usr/exhibitions/images/exhibitions/31/refuse.gif",media/0609009f9671cd64d186689d.gif,saved,316550
"https://static-assets.artlogic.net/w_1600,h_1600,c_limit,f_auto,fl_lossy,q_auto/ws-pilevneli/usr/exhibitions/images/exhibitions/31/dsc_4734.jpg",media/e825ce30d57d38dbd55d6316.jpg,saved,24908
"https://static-assets.artlogic.net/w_1600,h_1600,c_limit,f_auto,fl_lossy,q_auto/ws-pilevneli/usr/exhibitions/images/exhibitions/31/dsc_4822-copy.gif",media/56140c0e5231ec8b475d1cf3.gif,saved,1023572
"https://static-assets.artlogic.net/w_1600,h_1600,c_limit,f_auto,fl_lossy,q_auto/ws-pilevneli/usr/exhibitions/images/exhibitions/31/dsc_4832.gif",media/3b60f13d92e7ccbe6760d733.gif,saved,925311
"https://static-assets.artlogic.net/w_1600,h_1600,c_limit,f_auto,fl_lossy,q_auto/ws-pilevneli/usr/exhibitions/images/exhibitions/31/dsc_4826.gif",media/e7d459d3a3ca54837e40021f.gif,saved,1034247
"https://static-assets.artlogic.net/w_1600,h_1600,c_limit,f_auto,fl_lossy,q_auto/ws-pilevneli/usr/exhibitions/images/exhibitions/31/dsc_4824-copy.gif",media/06a184f1989f5ca6f16a83db.gif,saved,981838
"https://static-assets.artlogic.net/w_1600,h_1600,c_limit,f_auto,fl_lossy,q_auto/ws-pilevneli/usr/exhibitions/images/exhibitions/31/dsc_4835-copy.gif",media/ae46e79cab8ada827cc6b151.gif,saved,1031697
"https://static-assets.artlogic.net/w_1600,h_1600,c_limit,f_auto,fl_lossy,q_auto/ws-pilevneli/usr/exhibitions/images/exhibitions/31/dsc_4822.gif",media/d90bfb13e9161e4e545a2f60.gif,saved,997857
"https://static-assets.artlogic.net/w_1600,h_1600,c_limit,f_auto,fl_lossy,q_auto/ws-pilevneli/usr/exhibitions/images/exhibitions/31/dsc_4814-copy.gif",media/9c16fb39a56c51ba8e4dae79.gif,saved,1129631
"https://static-assets.artlogic.net/w_1600,h_1600,c_limit,f_auto,fl_lossy,q_auto/ws-pilevneli/usr/exhibitions/images/exhibitions/31/dsc_4840-copy.gif",media/fc9c64a256f88104acd40085.gif,saved,1007486
"https://static-assets.artlogic.net/w_1600,h_1600,c_limit,f_auto,fl_lossy,q_auto/ws-pilevneli/usr/exhibitions/images/exhibitions/31/dsc_4812-copy.gif",media/a32cadb358f152c7d87750a3.gif,saved,926361
"https://static-assets.artlogic.net/w_1600,h_1600,c_limit,f_auto,fl_lossy,q_auto/ws-pilevneli/usr/exhibitions/images/exhibitions/31/tr_eser-listesi-copy.jpg",media/77a710d9d8fd69eda0af9b95.jpg,saved,19750
"https://static-assets.artlogic.net/w_1600,h_1600,c_limit,f_auto,fl_lossy,q_auto/ws-pilevneli/usr/exhibitions/images/exhibitions/31/tr_eser-listesi-copy3.jpg",media/3a7a24d0d5d19293ae81cc8f.jpg,saved,29820
"https://static-assets.artlogic.net/w_1600,h_1600,c_limit,f_auto,fl_lossy,q_auto/ws-pilevneli/usr/exhibitions/images/exhibitions/31/tr_eser-listesi-copy3.3.jpg",media/76af84cb6fdb238fb5b43c3b.jpg,saved,49298
"https://static-assets.artlogic.net/w_1600,h_1600,c_limit,f_auto,fl_lossy,q_auto/ws-pilevneli/usr/exhibitions/images/exhibitions/31/tr_eser-listesi-copy4.jpg",media/056a1da4cd5d2d03dbbd24c2.jpg,saved,32050
"https://static-assets.artlogic.net/w_1600,h_1600,c_limit,f_auto,fl_lossy,q_auto/ws-pilevneli/usr/exhibitions/images/exhibitions/31/tr_eser-listesi-copy5.jpg",media/1644a068ec2b636d8fbb2853.jpg,saved,27236
"https://static-assets.artlogic.net/w_1600,h_1600,c_limit,f_auto,fl_lossy,q_auto/ws-pilevneli/usr/exhibitions/images/exhibitions/31/tr_eser-listesi-copy6.jpg",media/22496027012e5de487ec3662.jpg,saved,22842
"https://static-assets.artlogic.net/w_1600,h_1600,c_limit,f_auto,fl_lossy,q_auto/ws-pilevneli/usr/exhibitions/images/exhibitions/31/tr_eser-listesi-copy7.jpg",media/c767e64252b986fc72ba63bb.jpg,saved,20064
"https://static-assets.artlogic.net/w_1600,h_1600,c_limit,f_auto,fl_lossy,q_auto/ws-pilevneli/usr/exhibitions/images/exhibitions/31/tr_eser-listesi-copy9.jpg",media/e8327a79c51ab1f93163d7f7.jpg,saved,19616
"https://static-assets.artlogic.net/w_1600,h_1600,c_limit,f_auto,fl_lossy,q_auto/ws-pilevneli/usr/exhibitions/images/exhibitions/31/tr_eser-listesi-copy11.jpg",media/d05b5fb296e59653ebb4fa7b.jpg,saved,18310
"https://static-assets.artlogic.net/w_1600,h_1600,c_limit,f_auto,fl_lossy,q_auto/ws-pilevneli/usr/exhibitions/images/exhibitions/31/tr_eser-listesi-copy12.jpg",media/d30ac8ff0615f6b5ca2b3c70.jpg,saved,16406
"https://static-assets.artlogic.net/w_1600,h_1600,c_limit,f_auto,fl_lossy,q_auto/ws-pilevneli/usr/exhibitions/images/exhibitions/31/tr_eser-listesi-copy15.jpg",media/0f414f2e55498625ad0c90af.jpg,saved,23562
"https://static-assets.artlogic.net/w_1600,h_1600,c_limit,f_auto,fl_lossy,q_auto/ws-pilevneli/usr/exhibitions/images/exhibitions/31/tr_eser-listesi-copy16.jpg",media/d7c574dd5bbbcabbc3c12ac3.jpg,saved,24006
"https://static-assets.artlogic.net/w_1600,h_1600,c_limit,f_auto,fl_lossy,q_auto/ws-pilevneli/usr/exhibitions/images/exhibitions/31/tr_eser-listesi-copy17.jpg",media/cdefef0d0d4f20b175a29e44.jpg,saved,24418
"https://static-assets.artlogic.net/w_1600,h_1600,c_limit,f_auto,fl_lossy,q_auto/ws-pilevneli/usr/exhibitions/images/exhibitions/31/tr_eser-listesi-copy24.jpg",media/b636ff100adacd5ae50969e4.jpg,saved,19516
"https://static-assets.artlogic.net/w_1600,h_1600,c_limit,f_auto,fl_lossy,q_auto/ws-pilevneli/usr/exhibitions/images/exhibitions/31/tr_eser-listesi-copy18.jpg",media/329c95fa12dfa0979b2df099.jpg,saved,19450
"https://static-assets.artlogic.net/w_1600,h_1600,c_limit,f_auto,fl_lossy,q_auto/ws-pilevneli/usr/exhibitions/images/exhibitions/31/tr_eser-listesi-copy21.jpg",media/4af5385374c4b015887176b8.jpg,saved,24030
"https://static-assets.artlogic.net/w_1600,h_1600,c_limit,f_auto,fl_lossy,q_auto/ws-pilevneli/usr/exhibitions/images/exhibitions/31/tr_eser-listesi-copy19.jpg",media/8b3940ee9d964eeee10b96e3.jpg,saved,23594
"https://static-assets.artlogic.net/w_1600,h_1600,c_limit,f_auto,fl_lossy,q_auto/ws-pilevneli/usr/exhibitions/images/exhibitions/31/tr_eser-listesi-copy25.jpg",media/6002c2883a33764e6f6ec62e.jpg,saved,28478
"https://static-assets.artlogic.net/w_1600,h_1600,c_limit,f_auto,fl_lossy,q_auto/ws-pilevneli/usr/exhibitions/images/exhibitions/31/tr_eser-listesi-copy23.jpg",media/c8d6a667a5178aa39492d1df.jpg,saved,28520
"https://static-assets.artlogic.net/w_1600,h_1600,c_limit,f_auto,fl_lossy,q_auto/ws-pilevneli/usr/exhibitions/images/exhibitions/31/tr_eser-listesi-copy26.jpg",media/efe4616c4126b573f1d8db14.jpg,saved,14928
"https://static-assets.artlogic.net/w_1600,h_1600,c_limit,f_auto,fl_lossy,q_auto/ws-pilevneli/usr/exhibitions/images/exhibitions/31/tr_eser-listesi-copy22.jpg",media/2dedd9afcc73e0842cb6c859.jpg,saved,17864
"https://static-assets.artlogic.net/w_1600,h_1600,c_limit,f_auto,fl_lossy,q_auto/ws-pilevneli/usr/exhibitions/images/exhibitions/31/tr_eser-listesi-copy29.jpg",media/1de614f812b6667e317368c9.jpg,saved,23446
"https://static-assets.artlogic.net/w_1600,h_1600,c_limit,f_auto,fl_lossy,q_auto/ws-pilevneli/usr/exhibitions/images/exhibitions/31/tr_eser-listesi-copy32.jpg",media/392fde04cf4cfee2b1fdf2f9.jpg,saved,24542
"https://static-assets.artlogic.net/w_1600,h_1600,c_limit,f_auto,fl_lossy,q_auto/ws-pilevneli/usr/exhibitions/images/exhibitions/31/tr_eser-listesi-copy27.jpg",media/0087da103a015599d8318197.jpg,saved,27932
"https://static-assets.artlogic.net/w_1600,h_1600,c_limit,f_auto,fl_lossy,q_auto/ws-pilevneli/usr/exhibitions/images/exhibitions/31/tr_eser-listesi-copy33.jpg",media/cba3eab74efd187681c413ec.jpg,saved,31214
"https://static-assets.artlogic.net/w_1600,h_1600,c_limit,f_auto,fl_lossy,q_auto/ws-pilevneli/usr/exhibitions/images/exhibitions/31/tr_eser-listesi-copy28.jpg",media/d8ca6c185412974516d55f65.jpg,saved,33264
"https://static-assets.artlogic.net/w_1600,h_1600,c_limit,f_auto,fl_lossy,q_auto/ws-pilevneli/usr/exhibitions/images/exhibitions/31/tr_eser-listesi-copy30.jpg",media/95d7cf01afd64b08c61db535.jpg,saved,21442
"https://static-assets.artlogic.net/w_1600,h_1600,c_limit,f_auto,fl_lossy,q_auto/ws-pilevneli/usr/exhibitions/images/exhibitions/31/tr_eser-listesi-copy34.jpg",media/7a43a4940095d57add8d0ac2.jpg,saved,25802
"https://static-assets.artlogic.net/w_1600,h_1600,c_limit,f_auto,fl_lossy,q_auto/ws-pilevneli/usr/exhibitions/images/exhibitions/31/tr_eser-listesi-copy31.jpg",media/d2eaaf39aab2e0e05e9fdabd.jpg,saved,18386
"https://static-assets.artlogic.net/w_1600,h_1600,c_limit,f_auto,fl_lossy,q_auto/ws-pilevneli/usr/exhibitions/images/exhibitions/31/tr_eser-listesi-copy35.jpg",media/6ab8fbdfdb348e9315833dda.jpg,saved,17104
"https://static-assets.artlogic.net/w_1600,h_1600,c_limit,f_auto,fl_lossy,q_auto/ws-pilevneli/usr/exhibitions/images/exhibitions/31/tr_eser-listesi-copy37.jpg",media/c75163acdc61d1bd693c6bbd.jpg,saved,38532
"https://static-assets.artlogic.net/w_1600,h_1600,c_limit,f_auto,fl_lossy,q_auto/ws-pilevneli/usr/exhibitions/images/exhibitions/31/tr_eser-listesi-copy39.jpg",media/485c2918495449e845edd253.jpg,saved,30898
"https://static-assets.artlogic.net/w_1600,h_1600,c_limit,f_auto,fl_lossy,q_auto/ws-pilevneli/usr/exhibitions/images/exhibitions/31/tr_eser-listesi-copy41.jpg",media/79b1e7d6845abea4217f0622.jpg,saved,36418
"https://static-assets.artlogic.net/w_1600,h_1600,c_limit,f_auto,fl_lossy,q_auto/ws-pilevneli/usr/exhibitions/images/exhibitions/31/tr_eser-listesi-copy42.jpg",media/7c0bcfb6b2f22e6fd3fb90a8.jpg,saved,30180
"https://static-assets.artlogic.net/w_1600,h_1600,c_limit,f_auto,fl_lossy,q_auto/ws-pilevneli/usr/exhibitions/images/exhibitions/31/tr_eser-listesi-copy36.jpg",media/1fe90b48d858363193b41034.jpg,saved,32554
"https://static-assets.artlogic.net/w_1600,h_1600,c_limit,f_auto,fl_lossy,q_auto/ws-pilevneli/usr/exhibitions/images/exhibitions/31/tr_eser-listesi-copy38.jpg",media/d6c4f6f1944525993c460924.jpg,saved,33578
"https://static-assets.artlogic.net/w_1600,h_1600,c_limit,f_auto,fl_lossy,q_auto/ws-pilevneli/usr/exhibitions/images/exhibitions/31/tr_eser-listesi-copy40.jpg",media/ec52fee21db2acebb2359784.jpg,saved,26984
"https://static-assets.artlogic.net/w_1600,h_1600,c_limit,f_auto,fl_lossy,q_auto/ws-pilevneli/usr/exhibitions/images/exhibitions/32/1-a-vision-of-the-future-84-in-2019.jpg",media/c826c733aa13d7cb88917a11.jpg,saved,115546
"https://static-assets.artlogic.net/w_1600,h_1600,c_limit,f_auto,fl_lossy,q_auto/ws-pilevneli/usr/exhibitions/images/exhibitions/32/2-animals-72x72in-2019.jpg",media/705d91c1c2d405d9c331daf7.jpg,saved,97308
"https://static-assets.artlogic.net/w_1600,h_1600,c_limit,f_auto,fl_lossy,q_auto/ws-pilevneli/usr/exhibitions/images/exhibitions/32/3-cleonpeterson_betweenmanandgod_2017.jpg",media/be0838e718e143cd8a3fdc36.jpg,saved,85254
"https://static-assets.artlogic.net/w_1600,h_1600,c_limit,f_auto,fl_lossy,q_auto/ws-pilevneli/usr/exhibitions/images/exhibitions/32/4-death-will-have-the-final-say-72x72in-2019.jpg",media/ed0962064ec2396abb6c10c2.jpg,saved,115402
"https://static-assets.artlogic.net/w_1600,h_1600,c_limit,f_auto,fl_lossy,q_auto/ws-pilevneli/usr/exhibitions/images/exhibitions/32/5-dread-18x24in-2019.jpg",media/8ac21c06eb3952a0cb5c0a54.jpg,saved,64564
"https://static-assets.artlogic.net/w_1600,h_1600,c_limit,f_auto,fl_lossy,q_auto/ws-pilevneli/usr/exhibitions/images/exhibitions/32/6-cleonpeterson_eclipse_2019.jpg",media/3644961bf9f9a1951e828747.jpg,saved,97546
"https://static-assets.artlogic.net/w_1600,h_1600,c_limit,f_auto,fl_lossy,q_auto/ws-pilevneli/usr/exhibitions/images/exhibitions/32/7-it-s-hard-to-know-the-devil-when-his-hand-is-on-your-shoulder-72x84in-2019.jpg",media/c67a72c5a466b173250881fc.jpg,saved,111794
"https://static-assets.artlogic.net/w_1600,h_1600,c_limit,f_auto,fl_lossy,q_auto/ws-pilevneli/usr/exhibitions/images/exhibitions/32/8-mercy-18x24inch-2019.jpg",media/be342d1db305aa0c14b3da0e.jpg,saved,66304
"https://static-assets.artlogic.net/w_1600,h_1600,c_limit,f_auto,fl_lossy,q_auto/ws-pilevneli/usr/exhibitions/images/exhibitions/32/9-savage-18x24in-2019.jpg",media/f10008f071d863a02e734249.jpg,saved,66348
"https://static-assets.artlogic.net/w_1600,h_1600,c_limit,f_auto,fl_lossy,q_auto/ws-pilevneli/usr/exhibitions/images/exhibitions/32/10-stare-into-the-sun-96x216in-2019.jpg",media/a4e5836f4884bfd3d106eb8d.jpg,saved,90062
"https://static-assets.artlogic.net/w_1600,h_1600,c_limit,f_auto,fl_lossy,q_auto/ws-pilevneli/usr/exhibitions/images/exhibitions/32/11-truth-18x24in-2019.jpg",media/46a5c4f6e5e8e3cfdb39dd30.jpg,saved,68642
"https://static-assets.artlogic.net/w_1600,h_1600,c_limit,f_auto,fl_lossy,q_auto/ws-pilevneli/usr/exhibitions/images/exhibitions/32/12-paint-the-town.jpg",media/27361e917097a75f71115064.jpg,saved,13098
"https://static-assets.artlogic.net/w_1600,h_1600,c_limit,f_auto,fl_lossy,q_auto/ws-pilevneli/usr/exhibitions/images/exhibitions/32/cp_the-marcher-plus-one-gallery.jpg",media/6f3971971f27bbbf9b372d02.jpg,saved,110968
"https://static-assets.artlogic.net/w_1600,h_1600,c_limit,f_auto,fl_lossy,q_auto/ws-pilevneli/usr/exhibitions/images/exhibitions/32/14-the-weak-and-the-powerful_pastedgraphic-1.png",media/1a7bb83ee2ee1df76c1eac87.png,saved,63748
"https://static-assets.artlogic.net/w_1600,h_1600,c_limit,f_auto,fl_lossy,q_auto/ws-pilevneli/usr/exhibitions/images/exhibitions/32/dsc_4416.jpg",media/7f0d774e5761c71a5ccc773e.jpg,saved,90720
"https://static-assets.artlogic.net/w_1600,h_1600,c_limit,f_auto,fl_lossy,q_auto/ws-pilevneli/usr/exhibitions/images/exhibitions/32/dsc_4420.jpg",media/4a46fb14bfbe078354bc093a.jpg,saved,108966
"https://static-assets.artlogic.net/w_1600,h_1600,c_limit,f_auto,fl_lossy,q_auto/ws-pilevneli/usr/exhibitions/images/exhibitions/32/dsc_4423.jpg",media/2a556e4b3396505996a81772.jpg,saved,63270
"https://static-assets.artlogic.net/w_1600,h_1600,c_limit,f_auto,fl_lossy,q_auto/ws-pilevneli/usr/exhibitions/images/exhibitions/32/dsc_4427.jpg",media/3915b14abdb57390cc3b7739.jpg,saved,61264
"https://static-assets.artlogic.net/w_1600,h_1600,c_limit,f_auto,fl_lossy,q_auto/ws-pilevneli/usr/exhibitions/images/exhibitions/32/dsc_4428.jpg",media/6dba58825fdd35663497ba53.jpg,saved,93348
"https://static-assets.artlogic.net/w_1600,h_1600,c_limit,f_auto,fl_lossy,q_auto/ws-pilevneli/usr/exhibitions/images/exhibitions/32/dsc_4432.jpg",media/83f44ca69387458466bc2d91.jpg,saved,100894
"https://static-assets.artlogic.net/w_1600,h_1600,c_limit,f_auto,fl_lossy,q_auto/ws-pilevneli/usr/exhibitions/images/exhibitions/32/dsc_4435.jpg",media/fe39a4d381fc33fefb560c09.jpg,saved,63128
"https://static-assets.artlogic.net/w_1600,h_1600,c_limit,f_auto,fl_lossy,q_auto/ws-pilevneli/usr/exhibitions/images/exhibitions/32/dsc_4436.jpg",media/dae0c980b88f0ad03ed92424.jpg,saved,74428
"https://static-assets.artlogic.net/w_1600,h_1600,c_limit,f_auto,fl_lossy,q_auto/ws-pilevneli/usr/exhibitions/images/exhibitions/32/dsc_4438.jpg",media/ed96bd7c484cc2a8c08c9556.jpg,saved,80904
"https://static-assets.artlogic.net/w_1600,h_1600,c_limit,f_auto,fl_lossy,q_auto/ws-pilevneli/usr/exhibitions/images/exhibitions/32/dsc_4447.jpg",media/af8dad63a6beecb17f740045.jpg,saved,63318
"https://static-assets.artlogic.net/w_1600,h_1600,c_limit,f_auto,fl_lossy,q_auto/ws-pilevneli/usr/exhibitions/images/exhibitions/32/dsc_4451.jpg",media/b72ffd11741345844b8d4ff0.jpg,saved,84930
"https://static-assets.artlogic.net/w_1600,h_1600,c_limit,f_auto,fl_lossy,q_auto/ws-pilevneli/usr/exhibitions/images/exhibitions/32/dsc_4452.jpg",media/cdb7807f767b18aa5c4da131.jpg,saved,70858
"https://static-assets.artlogic.net/w_1600,h_1600,c_limit,f_auto,fl_lossy,q_auto/ws-pilevneli/usr/exhibitions/images/exhibitions/32/dsc_4457.jpg",media/60ad81bbd8862d674dbb9edd.jpg,saved,83322
"https://static-assets.artlogic.net/w_1600,h_1600,c_limit,f_auto,fl_lossy,q_auto/ws-pilevneli/usr/exhibitions/images/exhibitions/32/dsc_4458.jpg",media/d9cf94d528ed1227b7160f8c.jpg,saved,85572
"https://static-assets.artlogic.net/w_1600,h_1600,c_limit,f_auto,fl_lossy,q_auto/ws-pilevneli/usr/exhibitions/images/exhibitions/32/dsc_4465.jpg",media/c8d5363afc98387b8d2d1950.jpg,saved,139180
"https://static-assets.artlogic.net/w_1600,h_1600,c_limit,f_auto,fl_lossy,q_auto/ws-pilevneli/usr/exhibitions/images/exhibitions/32/dsc_4466.jpg",media/72cc670be669211ba967f33f.jpg,saved,108640
"https://static-assets.artlogic.net/w_1600,h_1600,c_limit,f_auto,fl_lossy,q_auto/ws-pilevneli/usr/exhibitions/images/exhibitions/32/dsc_4473.jpg",media/64bae02a9888ae39bd09fb74.jpg,saved,101646
"https://static-assets.artlogic.net/w_1600,h_1600,c_limit,f_auto,fl_lossy,q_auto/ws-pilevneli/usr/exhibitions/images/exhibitions/32/dsc_4474.jpg",media/cbc4e42aa56e9ea38344e804.jpg,saved,70712
"https://static-assets.artlogic.net/w_1600,h_1600,c_limit,f_auto,fl_lossy,q_auto/ws-pilevneli/usr/exhibitions/images/exhibitions/32/dsc_4477.jpg",media/09561c605e9c4646d6edc944.jpg,saved,83544
"https://static-assets.artlogic.net/w_1600,h_1600,c_limit,f_auto,fl_lossy,q_auto/ws-pilevneli/usr/exhibitions/images/exhibitions/32/dsc_4482.jpg",media/bd1fd579b2c8033b30eb8436.jpg,saved,84928
"https://static-assets.artlogic.net/w_1600,h_1600,c_limit,f_auto,fl_lossy,q_auto/ws-pilevneli/usr/exhibitions/images/exhibitions/32/dsc_4480.jpg",media/93df7a996a41a5e9eff8d65a.jpg,saved,82930
"https://static-assets.artlogic.net/w_1600,h_1600,c_limit,f_auto,fl_lossy,q_auto/ws-pilevneli/usr/exhibitions/images/exhibitions/33/bu-yu-kbas-i-2019.gif",media/84e9a79b4316188b9e4ef061.gif,saved,1041926
"https://static-assets.artlogic.net/w_1600,h_1600,c_limit,f_auto,fl_lossy,q_auto/ws-pilevneli/usr/exhibitions/images/exhibitions/33/bu-yu-kbas-ii-2019.gif",media/4b382bc37f6f29e9db40ae58.gif,saved,1243432
"https://static-assets.artlogic.net/w_1600,h_1600,c_limit,f_auto,fl_lossy,q_auto/ws-pilevneli/usr/exhibitions/images/exhibitions/33/bu-yu-kbas-iii-2019.gif",media/6417bab0e11314de96427960.gif,saved,1360525
"https://static-assets.artlogic.net/w_1600,h_1600,c_limit,f_auto,fl_lossy,q_auto/ws-pilevneli/usr/exhibitions/images/exhibitions/33/bu-yu-kbas-iv-2019.gif",media/1c3cc540b42c9d7109b64d75.gif,saved,1082585
"https://static-assets.artlogic.net/w_1600,h_1600,c_limit,f_auto,fl_lossy,q_auto/ws-pilevneli/usr/images/exhibitions/images_and_objects/33/bu-yu-kbas-v-2019-son.gif",media/05db8bd9880dd6e91512e4ab.gif,saved,342616
"https://static-assets.artlogic.net/w_1600,h_1600,c_limit,f_auto,fl_lossy,q_auto/ws-pilevneli/usr/exhibitions/images/exhibitions/33/bu-yu-kbas-vi-2019.gif",media/da2bbf04baf8c6d7e1bb9606.gif,saved,1150592
"https://static-assets.artlogic.net/w_1600,h_1600,c_limit,f_auto,fl_lossy,q_auto/ws-pilevneli/usr/exhibitions/images/exhibitions/33/i-brahim-in-hic-mi-suc-u-yok-i-2019.gif",media/8631ab04260a4b120a2c6ee9.gif,saved,868885
"https://static-assets.artlogic.net/w_1600,h_1600,c_limit,f_auto,fl_lossy,q_auto/ws-pilevneli/usr/exhibitions/images/exhibitions/33/i-brahim-in-hic-mi-suc-u-yok-ii-2019.gif",media/e4bf66d426bf0b7f336491b3.gif,saved,1099884
"https://static-assets.artlogic.net/w_1600,h_1600,c_limit,f_auto,fl_lossy,q_auto/ws-pilevneli/usr/exhibitions/images/exhibitions/33/holzweg-opus-1-2019.gif",media/ad8bd5647176337e24b34147.gif,saved,944618
"https://static-assets.artlogic.net/w_1600,h_1600,c_limit,f_auto,fl_lossy,q_auto/ws-pilevneli/usr/exhibitions/images/exhibitions/33/holzweg-opus-2-2019.gif",media/2592301bd0737ebb139e7c88.gif,saved,834676
"https://static-assets.artlogic.net/w_1600,h_1600,c_limit,f_auto,fl_lossy,q_auto/ws-pilevneli/usr/exhibitions/images/exhibitions/33/bak-s-i-2019.gif",media/251da4cd57d7855359fb121d.gif,saved,1289278
"https://static-assets.artlogic.net/w_1600,h_1600,c_limit,f_auto,fl_lossy,q_auto/ws-pilevneli/usr/exhibitions/images/exhibitions/33/bak-s-ii-2019.gif",media/96e9cfb25e3e6d469e1baf93.gif,saved,1388492
"https://static-assets.artlogic.net/w_1600,h_1600,c_limit,f_auto,fl_lossy,q_auto/ws-pilevneli/usr/exhibitions/images/exhibitions/33/bak-s-iii-2019.gif",media/ef6418deb415bbdd1dcb3b60.gif,saved,1284712
"https://static-assets.artlogic.net/w_1600,h_1600,c_limit,f_auto,fl_lossy,q_auto/ws-pilevneli/usr/exhibitions/images/exhibitions/33/yu-zsu-zler-i-2019.gif",media/07f6c680323a23f970749f68.gif,saved,1316568
"https://static-assets.artlogic.net/w_1600,h_1600,c_limit,f_auto,fl_lossy,q_auto/ws-pilevneli/usr/exhibitions/images/exhibitions/33/yu-zsu-zler-ii-2019.gif",media/fe70f39d9db6b3377a0f9a5c.gif,saved,1346451
"https://static-assets.artlogic.net/w_1600,h_1600,c_limit,f_auto,fl_lossy,q_auto/ws-pilevneli/usr/exhibitions/images/exhibitions/33/yu-zsu-zler-iii-2019.gif",media/4d5529dc5ed800a2207a9cac.gif,saved,1354372
"https://static-assets.artlogic.net/w_1600,h_1600,c_limit,f_auto,fl_lossy,q_auto/ws-pilevneli/usr/exhibitions/images/exhibitions/33/yu-zsu-zler-iv-2019.gif",media/16e4942b8d43d3138cd24d8a.gif,saved,1292489
"https://static-assets.artlogic.net/w_1600,h_1600,c_limit,f_auto,fl_lossy,q_auto/ws-pilevneli/usr/exhibitions/images/exhibitions/33/yu-zsu-zler-v-2019.gif",media/819db996d343d51feb762563.gif,saved,1560341
"https://static-assets.artlogic.net/w_1600,h_1600,c_limit,f_auto,fl_lossy,q_auto/ws-pilevneli/usr/exhibitions/images/exhibitions/33/yu-zsu-zler-vi-2019.gif",media/dfb866433de49f4d32f7187d.gif,saved,1334863
"https://static-assets.artlogic.net/w_1600,h_1600,c_limit,f_auto,fl_lossy,q_auto/ws-pilevneli/usr/images/exhibitions/images_and_objects/33/yu-zsu-zler-vii-2019-son1.gif",media/95a5cd8c7b0131680fd07bba.gif,saved,238302
"https://static-assets.artlogic.net/w_1600,h_1600,c_limit,f_auto,fl_lossy,q_auto/ws-pilevneli/usr/exhibitions/images/exhibitions/33/yu-zsu-zler-viii-2019.gif",media/6321f9eab0e6b85a0ef4f9b8.gif,saved,1400343
"https://static-assets.artlogic.net/w_1600,h_1600,c_limit,f_auto,fl_lossy,q_auto/ws-pilevneli/usr/exhibitions/images/exhibitions/33/yag-satar-m-bal-satar-m-ustam-o-lmu-s-ben-satar-m-i-2019.gif",media/997404b2cb88460bb8b08e82.gif,saved,1078068
"https://static-assets.artlogic.net/w_1600,h_1600,c_limit,f_auto,fl_lossy,q_auto/ws-pilevneli/usr/exhibitions/images/exhibitions/33/yag-satar-m-bal-satar-m-ustam-o-lmu-s-ben-satar-m-ii-2019.gif",media/809d4b73bac838c1e5bc1199.gif,saved,1180621
"https://static-assets.artlogic.net/w_1600,h_1600,c_limit,f_auto,fl_lossy,q_auto/ws-pilevneli/usr/exhibitions/images/exhibitions/33/yag-satar-m-bal-satar-m-ustam-o-lmu-s-ben-satar-m-iii-2019.gif",media/43b87c11de9322ad9f1904b6.gif,saved,1047482
"https://static-assets.artlogic.net/w_1600,h_1600,c_limit,f_auto,fl_lossy,q_auto/ws-pilevneli/usr/exhibitions/images/exhibitions/33/vicdan-ald-m-endazesi-on-yediye-i-2019.gif",media/0c76749c6714dfa84cf47d88.gif,saved,1024366
"https://static-assets.artlogic.net/w_1600,h_1600,c_limit,f_auto,fl_lossy,q_auto/ws-pilevneli/usr/exhibitions/images/exhibitions/33/vicdan-ald-m-endazesi-on-yediye-ii-2019.gif",media/4d940e49ec07cfb87813fcd3.gif,saved,985185
"https://static-assets.artlogic.net/w_1600,h_1600,c_limit,f_auto,fl_lossy,q_auto/ws-pilevneli/usr/exhibitions/images/exhibitions/33/vicdan-ald-m-endazesi-on-yediye-iii-2019.gif",media/e3b0d57e31eedcb821a4c067.gif,saved,903881
"https://static-assets.artlogic.net/w_1600,h_1600,c_limit,f_auto,fl_lossy,q_auto/ws-pilevneli/usr/exhibitions/images/exhibitions/33/rint-2019.gif",media/67fa52be939c56003e83d594.gif,saved,1348396
"https://static-assets.artlogic.net/w_1600,h_1600,c_limit,f_auto,fl_lossy,q_auto/ws-pilevneli/usr/exhibitions/images/exhibitions/33/tarih-meleg-i-2019.gif",media/c87bd5a0d58ead19975134f6.gif,saved,1141916
"https://static-assets.artlogic.net/w_1600,h_1600,c_limit,f_auto,fl_lossy,q_auto/ws-pilevneli/usr/exhibitions/images/exhibitions/33/i-c-tima-i-2017.gif",media/a7decfc262c9853ca4b12e79.gif,saved,1181089
"https://static-assets.artlogic.net/w_1600,h_1600,c_limit,f_auto,fl_lossy,q_auto/ws-pilevneli/usr/exhibitions/images/exhibitions/33/i-c-tima-ii-2017.gif",media/39f6eb54b2235adeaac41703.gif,saved,1164428
"https://static-assets.artlogic.net/w_1600,h_1600,c_limit,f_auto,fl_lossy,q_auto/ws-pilevneli/usr/images/exhibitions/images_and_objects/33/i-c-tima-iii-2017-son.gif",media/247ac831d76e4eadc1bce30b.gif,saved,198758
"https://static-assets.artlogic.net/w_1600,h_1600,c_limit,f_auto,fl_lossy,q_auto/ws-pilevneli/usr/exhibitions/images/exhibitions/33/sana-da-m-so-ylemediler-2017-tuval-u-zerine-yag-l-boya-300x425cm.gif",media/748df4c518e647dc58ab5b1f.gif,saved,925467
"https://static-assets.artlogic.net/w_1600,h_1600,c_limit,f_auto,fl_lossy,q_auto/ws-pilevneli/usr/exhibitions/images/exhibitions/33/diyet-2017-tuval-u-zerine-yag-l-boya-300x425cm.gif",media/415e7f86d0081687e9f3dcb7.gif,saved,908837
"https://static-assets.artlogic.net/w_1600,h_1600,c_limit,f_auto,fl_lossy,q_auto/ws-pilevneli/usr/images/exhibitions/images_and_objects/33/deg-il-2017.gif",media/8db50f5f5d4d64252614bd70.gif,saved,252658
"https://static-assets.artlogic.net/w_1600,h_1600,c_limit,f_auto,fl_lossy,q_auto/ws-pilevneli/usr/exhibitions/images/exhibitions/33/sag-m-solum-sobe-i-1-2019.gif",media/305f94045789b5b7d716d694.gif,saved,1075465
"https://static-assets.artlogic.net/w_1600,h_1600,c_limit,f_auto,fl_lossy,q_auto/ws-pilevneli/usr/exhibitions/images/exhibitions/33/sag-m-solum-sobe-i-2-2019.gif",media/cc2a82f5c467a5843df78b0f.gif,saved,1002491
"https://static-assets.artlogic.net/w_1600,h_1600,c_limit,f_auto,fl_lossy,q_auto/ws-pilevneli/usr/exhibitions/images/exhibitions/33/sag-m-solum-sobe-ii-2019.gif",media/4384f607f95639b49abacecf.gif,saved,957175
"https://static-assets.artlogic.net/w_1600,h_1600,c_limit,f_auto,fl_lossy,q_auto/ws-pilevneli/usr/images/exhibitions/images_and_objects/33/mu-stakil-bu-yu-kbas-i-1-2019-son.gif",media/917026dcfd26b3c80f711b74.gif,saved,208870
"https://static-assets.artlogic.net/w_1600,h_1600,c_limit,f_auto,fl_lossy,q_auto/ws-pilevneli/usr/exhibitions/images/exhibitions/33/mu-stakil-bu-yu-kbas-i-2-2019.gif",media/d1cf04bdaf321b6e527de7ac.gif,saved,961140
"https://static-assets.artlogic.net/w_1600,h_1600,c_limit,f_auto,fl_lossy,q_auto/ws-pilevneli/usr/exhibitions/images/exhibitions/33/mu-stakil-bu-yu-kbas-i-3-2019.gif",media/baf18b39ed9124815d1857ee.gif,saved,902460
"https://static-assets.artlogic.net/w_1600,h_1600,c_limit,f_auto,fl_lossy,q_auto/ws-pilevneli/usr/exhibitions/images/exhibitions/33/_8990.jpg",media/0a482813359cada601003a10.jpg,saved,86802
"https://static-assets.artlogic.net/w_1600,h_1600,c_limit,f_auto,fl_lossy,q_auto/ws-pilevneli/usr/exhibitions/images/exhibitions/34/_9020.jpg",media/d0d1a3b9febfbf71484c561c.jpg,saved,100028
"https://static-assets.artlogic.net/w_1600,h_1600,c_limit,f_auto,fl_lossy,q_auto/ws-pilevneli/usr/exhibitions/images/exhibitions/34/_9025.jpg",media/e2c8627a940793f30c6d8678.jpg,saved,118204
"https://static-assets.artlogic.net/w_1600,h_1600,c_limit,f_auto,fl_lossy,q_auto/ws-pilevneli/usr/exhibitions/images/exhibitions/34/dsc_4652.jpg",media/7bdb8240406b0ac96caeea12.jpg,saved,126336
"https://static-assets.artlogic.net/w_1600,h_1600,c_limit,f_auto,fl_lossy,q_auto/ws-pilevneli/usr/exhibitions/images/exhibitions/34/_9023.jpg",media/3049c012f77e74e6b38b0154.jpg,saved,97538
"https://static-assets.artlogic.net/w_1600,h_1600,c_limit,f_auto,fl_lossy,q_auto/ws-pilevneli/usr/exhibitions/images/exhibitions/34/dsc_4659-.jpg",media/579a454c674cfab704f057e6.jpg,saved,110450
"https://static-assets.artlogic.net/w_1600,h_1600,c_limit,f_auto,fl_lossy,q_auto/ws-pilevneli/usr/exhibitions/images/exhibitions/34/dsc_4696.jpg",media/fb3c15a5336ca0d4722ac56a.jpg,saved,138306
"https://static-assets.artlogic.net/w_1600,h_1600,c_limit,f_auto,fl_lossy,q_auto/ws-pilevneli/usr/exhibitions/images/exhibitions/34/dsc_4693.jpg",media/62d6ced2acf02284ab833619.jpg,saved,159530
"https://static-assets.artlogic.net/w_1600,h_1600,c_limit,f_auto,fl_lossy,q_auto/ws-pilevneli/usr/exhibitions/images/exhibitions/34/_9027.jpg",media/1c05b350a0a99d3efd08ed0c.jpg,saved,117318
"https://static-assets.artlogic.net/w_1600,h_1600,c_limit,f_auto,fl_lossy,q_auto/ws-pilevneli/usr/exhibitions/images/exhibitions/34/photo_hadiyecangokce_9028.jpg",media/c15baac64c83e84554bcf99d.jpg,saved,130562
"https://static-assets.artlogic.net/w_1600,h_1600,c_limit,f_auto,fl_lossy,q_auto/ws-pilevneli/usr/exhibitions/images/exhibitions/34/dsc_4667-.jpg",media/4dc653dd5229e6631b4def24.jpg,saved,126884
"https://static-assets.artlogic.net/w_1600,h_1600,c_limit,f_auto,fl_lossy,q_auto/ws-pilevneli/usr/exhibitions/images/exhibitions/34/dsc_4669-.jpg",media/5f94e1ac015787715675c2ea.jpg,saved,133826
"https://static-assets.artlogic.net/w_1600,h_1600,c_limit,f_auto,fl_lossy,q_auto/ws-pilevneli/usr/exhibitions/images/exhibitions/34/dsc_4673.jpg",media/d65d6e0c6a7c420f61c9fbcd.jpg,saved,151824
"https://static-assets.artlogic.net/w_1600,h_1600,c_limit,f_auto,fl_lossy,q_auto/ws-pilevneli/usr/exhibitions/images/exhibitions/34/dsc_4680.jpg",media/fd1f8ba5c84fd76d91a2da49.jpg,saved,135374
"https://static-assets.artlogic.net/w_1600,h_1600,c_limit,f_auto,fl_lossy,q_auto/ws-pilevneli/usr/exhibitions/images/exhibitions/34/dsc_4692.jpg",media/a4fd357f8182d05f1f0065ef.jpg,saved,129530
"https://static-assets.artlogic.net/w_1600,h_1600,c_limit,f_auto,fl_lossy,q_auto/ws-pilevneli/usr/exhibitions/images/exhibitions/34/dsc_4685.jpg",media/eb97033e3c51def822e45e99.jpg,saved,168764
"https://static-assets.artlogic.net/w_1600,h_1600,c_limit,f_auto,fl_lossy,q_auto/ws-pilevneli/usr/exhibitions/images/exhibitions/34/dsc_4683.jpg",media/a26d6dbb85dffd63831833b4.jpg,saved,161708
"https://static-assets.artlogic.net/w_1600,h_1600,c_limit,f_auto,fl_lossy,q_auto/ws-pilevneli/usr/images/exhibitions/group_images_override/34/vivisector-primage1.gif",media/9ba06cfec7c6e56783968ee5.gif,saved,282650
"https://static-assets.artlogic.net/w_1600,h_1600,c_limit,f_auto,fl_lossy,q_auto/ws-pilevneli/usr/exhibitions/images/exhibitions/34/img_5358.jpg",media/e5eaf9864401e28d6f144627.jpg,saved,86778
"https://static-assets.artlogic.net/w_1600,h_1600,c_limit,f_auto,fl_lossy,q_auto/ws-pilevneli/usr/exhibitions/images/exhibitions/34/img_5579.jpg",media/1345c2b47708ede0e5387288.jpg,saved,93248
"https://static-assets.artlogic.net/w_1600,h_1600,c_limit,f_auto,fl_lossy,q_auto/ws-pilevneli/usr/exhibitions/images/exhibitions/34/img_5255.jpg",media/5395cd1a2c9d6d74d7568cd0.jpg,saved,78590
"https://static-assets.artlogic.net/w_1600,h_1600,c_limit,f_auto,fl_lossy,q_auto/ws-pilevneli/usr/exhibitions/images/exhibitions/34/jcr_a045448_002.jpg",media/bfe3a5252096d6892345432f.jpg,saved,43222
"https://static-assets.artlogic.net/w_1600,h_1600,c_limit,f_auto,fl_lossy,q_auto/ws-pilevneli/usr/exhibitions/images/exhibitions/34/johan-creten_observation-point-no133.jpg",media/8af89477e0b52db6f9463f75.jpg,saved,43222
"https://static-assets.artlogic.net/w_1600,h_1600,c_limit,f_auto,fl_lossy,q_auto/ws-pilevneli/usr/exhibitions/images/exhibitions/34/johan-creten_observation-point-no100.jpg",media/3e6ec51e09785089f29a9a81.jpg,saved,43222
"https://static-assets.artlogic.net/w_1600,h_1600,c_limit,f_auto,fl_lossy,q_auto/ws-pilevneli/usr/exhibitions/images/exhibitions/34/observation_point_n85.png",media/fe3fd8348ff4f9dfed495cdf.png,saved,30316
"https://static-assets.artlogic.net/w_1600,h_1600,c_limit,f_auto,fl_lossy,q_auto/ws-pilevneli/usr/exhibitions/images/exhibitions/34/jcr_a044221_002.jpg",media/04b7405543f16be0a7ff0b34.jpg,saved,54158
"https://static-assets.artlogic.net/w_1600,h_1600,c_limit,f_auto,fl_lossy,q_auto/ws-pilevneli/usr/exhibitions/images/exhibitions/34/observation_point_n83.png",media/db248aae36de8a0a9bc770dd.png,saved,37654
"https://static-assets.artlogic.net/w_1600,h_1600,c_limit,f_auto,fl_lossy,q_auto/ws-pilevneli/usr/exhibitions/images/exhibitions/34/observation_point_n44.png",media/0e1551087fc68dc3e81c4e65.png,saved,31548
"https://static-assets.artlogic.net/w_1600,h_1600,c_limit,f_auto,fl_lossy,q_auto/ws-pilevneli/usr/exhibitions/images/exhibitions/34/observation_point_n67.gif",media/b223582220b52cc5e79aa155.gif,saved,143896
"https://static-assets.artlogic.net/w_1600,h_1600,c_limit,f_auto,fl_lossy,q_auto/ws-pilevneli/usr/images/exhibitions/images_and_objects/34/glory-roma1.gif",media/19b598b50b06a676f9ca3e38.gif,saved,243102
"https://static-assets.artlogic.net/w_1600,h_1600,c_limit,f_auto,fl_lossy,q_auto/ws-pilevneli/usr/images/exhibitions/images_and_objects/34/glory-roma2.gif",media/e3a0de506619eedca32e5c07.gif,saved,247018
"https://static-assets.artlogic.net/w_1600,h_1600,c_limit,f_auto,fl_lossy,q_auto/ws-pilevneli/usr/images/artists/artwork_image_for_artists_page/items/12/12f67ce4c52e4139a2c084cb2376d959/screen-shot-2023-03-16-at-5.36.26-pm-cropped.jpg",media/6f183de8a938986bb4ba5402.jpg,saved,119380
"https://static-assets.artlogic.net/w_1600,h_1600,c_limit,f_auto,fl_lossy,q_auto/ws-pilevneli/usr/exhibitions/images/exhibitions/35/ys1.jpg",media/50cb69ba6c664b70c4f07007.jpg,saved,115540
"https://static-assets.artlogic.net/w_1600,h_1600,c_limit,f_auto,fl_lossy,q_auto/ws-pilevneli/usr/exhibitions/images/exhibitions/35/ys2.jpg",media/dc6474da4437d9dbf13f0509.jpg,saved,92184
"https://static-assets.artlogic.net/w_1600,h_1600,c_limit,f_auto,fl_lossy,q_auto/ws-pilevneli/usr/exhibitions/images/exhibitions/35/ys3.jpg",media/52a9428633173e3698d06cca.jpg,saved,85642
"https://static-assets.artlogic.net/w_1600,h_1600,c_limit,f_auto,fl_lossy,q_auto/ws-pilevneli/usr/exhibitions/images/exhibitions/35/ys4.jpg",media/bde2e1f378341df044a5ca17.jpg,saved,152660
"https://static-assets.artlogic.net/w_1600,h_1600,c_limit,f_auto,fl_lossy,q_auto/ws-pilevneli/usr/exhibitions/images/exhibitions/35/ys6.jpg",media/f57fb6b73b2d200c9dc02308.jpg,saved,227828
"https://static-assets.artlogic.net/w_1600,h_1600,c_limit,f_auto,fl_lossy,q_auto/ws-pilevneli/usr/exhibitions/images/exhibitions/35/ys5.jpg",media/982882b38a48ca77b90351cf.jpg,saved,177862
"https://static-assets.artlogic.net/w_1600,h_1600,c_limit,f_auto,fl_lossy,q_auto/ws-pilevneli/usr/exhibitions/images/exhibitions/35/ys7.jpg",media/ff53aa9cceee4e25c0cb33c0.jpg,saved,70864
"https://static-assets.artlogic.net/w_1600,h_1600,c_limit,f_auto,fl_lossy,q_auto/ws-pilevneli/usr/exhibitions/images/exhibitions/35/ys8.jpg",media/1c52ab736803e458f08fdb8b.jpg,saved,112804
"https://static-assets.artlogic.net/w_1600,h_1600,c_limit,f_auto,fl_lossy,q_auto/ws-pilevneli/usr/exhibitions/images/exhibitions/35/ys9.jpg",media/6e20172d9f97238821409194.jpg,saved,51204
"https://static-assets.artlogic.net/w_1600,h_1600,c_limit,f_auto,fl_lossy,q_auto/ws-pilevneli/usr/exhibitions/images/exhibitions/35/_rrr1697bbb.jpg",media/76843d38ed6ea213ba36ff03.jpg,saved,169998
"https://static-assets.artlogic.net/w_1600,h_1600,c_limit,f_auto,fl_lossy,q_auto/ws-pilevneli/usr/exhibitions/images/exhibitions/35/_rrr1689bbbb.jpg",media/11cbb6363715b661e4ed1057.jpg,saved,207596
"https://static-assets.artlogic.net/w_1600,h_1600,c_limit,f_auto,fl_lossy,q_auto/ws-pilevneli/usr/exhibitions/images/exhibitions/35/_rrr1635bbb.jpg",media/851d80d72b21aa074fe728dc.jpg,saved,99436
"https://static-assets.artlogic.net/w_1600,h_1600,c_limit,f_auto,fl_lossy,q_auto/ws-pilevneli/usr/exhibitions/images/exhibitions/35/_rrr1641bbbb.jpg",media/8364ce18c0efac573dbe3143.jpg,saved,99358
"https://static-assets.artlogic.net/w_1600,h_1600,c_limit,f_auto,fl_lossy,q_auto/ws-pilevneli/usr/exhibitions/images/exhibitions/35/_rrr1655bb.jpg",media/e7be9594a6f145650c0d11fa.jpg,saved,92328
"https://static-assets.artlogic.net/w_1600,h_1600,c_limit,f_auto,fl_lossy,q_auto/ws-pilevneli/usr/exhibitions/images/exhibitions/35/_rrr1650bbb.jpg",media/a2f0e5ca934d2f06ebda7bff.jpg,saved,112182
"https://static-assets.artlogic.net/w_1600,h_1600,c_limit,f_auto,fl_lossy,q_auto/ws-pilevneli/usr/exhibitions/images/exhibitions/35/_rrr1664bbb.jpg",media/9795fd80b414a43a46cb9517.jpg,saved,67800
"https://static-assets.artlogic.net/w_1600,h_1600,c_limit,f_auto,fl_lossy,q_auto/ws-pilevneli/usr/exhibitions/images/exhibitions/35/_rrr1665bbbb.jpg",media/b1e0c29e6c67b465f51f97d1.jpg,saved,99610
"https://static-assets.artlogic.net/w_1600,h_1600,c_limit,f_auto,fl_lossy,q_auto/ws-pilevneli/usr/exhibitions/images/exhibitions/35/_rrr1680bbb.jpg",media/edc7de7227c4cf33a08ff92e.jpg,saved,114768
"https://static-assets.artlogic.net/w_1600,h_1600,c_limit,f_auto,fl_lossy,q_auto/ws-pilevneli/usr/exhibitions/images/exhibitions/35/_rrr1677bbb.jpg",media/e95982f1f885ee517ce79ed5.jpg,saved,124896
"https://static-assets.artlogic.net/w_1600,h_1600,c_limit,f_auto,fl_lossy,q_auto/ws-pilevneli/usr/exhibitions/images/exhibitions/35/_rrr1701bbb.jpg",media/a7646315845200097012e035.jpg,saved,147152
"https://static-assets.artlogic.net/w_1600,h_1600,c_limit,f_auto,fl_lossy,q_auto/ws-pilevneli/usr/exhibitions/images/exhibitions/35/_rrr1686bbb.jpg",media/a047a6084146504f0629e9fe.jpg,saved,120064
"https://static-assets.artlogic.net/w_1600,h_1600,c_limit,f_auto,fl_lossy,q_auto/ws-pilevneli/usr/exhibitions/images/exhibitions/35/_rrr1731bbb.jpg",media/f8788c56f528be6454815c12.jpg,saved,191656
"https://static-assets.artlogic.net/w_1600,h_1600,c_limit,f_auto,fl_lossy,q_auto/ws-pilevneli/usr/exhibitions/images/exhibitions/35/_rrr1938bbb.jpg",media/1c2dcc51a342f9a9163fc200.jpg,saved,263830
"https://static-assets.artlogic.net/w_1600,h_1600,c_limit,f_auto,fl_lossy,q_auto/ws-pilevneli/usr/exhibitions/images/exhibitions/35/_rrr1947bbbb.jpg",media/71918dd548e29cc8ae91451f.jpg,saved,204508
"https://static-assets.artlogic.net/w_1600,h_1600,c_limit,f_auto,fl_lossy,q_auto/ws-pilevneli/usr/exhibitions/images/exhibitions/35/_rrr1952bbb.jpg",media/68f467a14c87c560c12bd1d8.jpg,saved,191818
"https://static-assets.artlogic.net/w_1600,h_1600,c_limit,f_auto,fl_lossy,q_auto/ws-pilevneli/usr/exhibitions/images/exhibitions/35/_rrr1955bbb.jpg",media/07671bcbefbe0bbe78004df0.jpg,saved,213282
"https://static-assets.artlogic.net/w_1600,h_1600,c_limit,f_auto,fl_lossy,q_auto/ws-pilevneli/usr/exhibitions/images/exhibitions/35/_rrr1959bbb.jpg",media/8a314a566ac51fbfb063556b.jpg,saved,175684
"https://static-assets.artlogic.net/w_1600,h_1600,c_limit,f_auto,fl_lossy,q_auto/ws-pilevneli/usr/exhibitions/images/exhibitions/35/_rrr1965bbb.jpg",media/8570b252f78eb1d1940d29ab.jpg,saved,295886
"https://static-assets.artlogic.net/w_1600,h_1600,c_limit,f_auto,fl_lossy,q_auto/ws-pilevneli/usr/exhibitions/images/exhibitions/35/_rrr1979bbb.jpg",media/13f973bb4fede5a6877e6368.jpg,saved,216196
"https://static-assets.artlogic.net/w_1600,h_1600,c_limit,f_auto,fl_lossy,q_auto/ws-pilevneli/usr/exhibitions/images/exhibitions/35/_rrr1976bbb.jpg",media/be617b548e2b50281566bc52.jpg,saved,136502
"https://static-assets.artlogic.net/w_1600,h_1600,c_limit,f_auto,fl_lossy,q_auto/ws-pilevneli/usr/images/exhibitions/group_images_override/35/unsanatci-pr-image.gif",media/aa977079f23ef24c7b5b4bb0.gif,saved,166458
"https://static-assets.artlogic.net/w_1600,h_1600,c_limit,f_auto,fl_lossy,q_auto/ws-pilevneli/usr/exhibitions/images/exhibitions/36/ag_10001.jpeg",media/4b84bf98ab157467ebb53b41.jpeg,failed,"404 Client Error: Not Found for url: https://static-assets.artlogic.net/w_1600,h_1600,c_limit,f_auto,fl_lossy,q_auto/ws-pilevneli/usr/exhibitions/images/exhibitions/36/ag_10001.jpe"
"https://static-assets.artlogic.net/w_1600,h_1600,c_limit,f_auto,fl_lossy,q_auto/ws-pilevneli/usr/exhibitions/images/exhibitions/36/ag_10002.jpeg",media/92da596432ca75b9d4b348f2.jpeg,saved,88730
"https://static-assets.artlogic.net/w_1600,h_1600,c_limit,f_auto,fl_lossy,q_auto/ws-pilevneli/usr/exhibitions/images/exhibitions/36/ag_10004.jpeg",media/2d29a53a1fd47a84853d319e.jpeg,saved,201328
"https://static-assets.artlogic.net/w_1600,h_1600,c_limit,f_auto,fl_lossy,q_auto/ws-pilevneli/usr/exhibitions/images/exhibitions/36/ag_10006.jpeg",media/888dd2561e08c744cb623555.jpeg,saved,207152
"https://static-assets.artlogic.net/w_1600,h_1600,c_limit,f_auto,fl_lossy,q_auto/ws-pilevneli/usr/exhibitions/images/exhibitions/36/ag_10008.jpeg",media/77f4124cf1dd59c1177d5925.jpeg,saved,128722
"https://static-assets.artlogic.net/w_1600,h_1600,c_limit,f_auto,fl_lossy,q_auto/ws-pilevneli/usr/exhibitions/images/exhibitions/36/ag_10009.jpeg",media/219b1bfbf9bfa63326093bd8.jpeg,saved,124726
"https://static-assets.artlogic.net/w_1600,h_1600,c_limit,f_auto,fl_lossy,q_auto/ws-pilevneli/usr/exhibitions/images/exhibitions/36/ag_10010.jpeg",media/43670f0c3acab4e0c655b25d.jpeg,saved,108534
"https://static-assets.artlogic.net/w_1600,h_1600,c_limit,f_auto,fl_lossy,q_auto/ws-pilevneli/usr/exhibitions/images/exhibitions/36/ag_10011.jpeg",media/f506aceeb7bc9714b94cf551.jpeg,saved,44514
"https://static-assets.artlogic.net/w_1600,h_1600,c_limit,f_auto,fl_lossy,q_auto/ws-pilevneli/usr/exhibitions/images/exhibitions/36/ag_10012.jpeg",media/d57045c8f90cbbbcc2dc8466.jpeg,saved,145212
"https://static-assets.artlogic.net/w_1600,h_1600,c_limit,f_auto,fl_lossy,q_auto/ws-pilevneli/usr/exhibitions/images/exhibitions/36/ag_10015.jpeg",media/14eb4e36b6abe9fc639f6273.jpeg,saved,153198
"https://static-assets.artlogic.net/w_1600,h_1600,c_limit,f_auto,fl_lossy,q_auto/ws-pilevneli/usr/exhibitions/images/exhibitions/36/ag_10016.jpeg",media/cf9c9d94d2bd0b027d9d468d.jpeg,saved,139578
"https://static-assets.artlogic.net/w_1600,h_1600,c_limit,f_auto,fl_lossy,q_auto/ws-pilevneli/usr/exhibitions/images/exhibitions/36/ag_10020.jpeg",media/e7e49a5da9f518bcab9075ea.jpeg,saved,130218
"https://static-assets.artlogic.net/w_1600,h_1600,c_limit,f_auto,fl_lossy,q_auto/ws-pilevneli/usr/exhibitions/images/exhibitions/36/ag_10021.jpeg",media/6ca350e88190719ea42181df.jpeg,failed,"404 Client Error: Not Found for url: https://static-assets.artlogic.net/w_1600,h_1600,c_limit,f_auto,fl_lossy,q_auto/ws-pilevneli/usr/exhibitions/images/exhibitions/36/ag_10021.jpe"
"https://static-assets.artlogic.net/w_1600,h_1600,c_limit,f_auto,fl_lossy,q_auto/ws-pilevneli/usr/exhibitions/images/exhibitions/36/ag_10025.jpeg",media/631ee954a699f85f0ad4594b.jpeg,saved,164312
"https://static-assets.artlogic.net/w_1600,h_1600,c_limit,f_auto,fl_lossy,q_auto/ws-pilevneli/usr/exhibitions/images/exhibitions/36/ag_10026.jpeg",media/4d8728205537b281cd685017.jpeg,saved,160878
"https://static-assets.artlogic.net/w_1600,h_1600,c_limit,f_auto,fl_lossy,q_auto/ws-pilevneli/usr/exhibitions/images/exhibitions/36/ag_10027.jpeg",media/f8c75451ff86166248ba9687.jpeg,saved,112752
"https://static-assets.artlogic.net/w_1600,h_1600,c_limit,f_auto,fl_lossy,q_auto/ws-pilevneli/usr/exhibitions/images/exhibitions/36/ag_10028.jpeg",media/e7f6cc3dee66e864a168487c.jpeg,saved,82896
"https://static-assets.artlogic.net/w_1600,h_1600,c_limit,f_auto,fl_lossy,q_auto/ws-pilevneli/usr/exhibitions/images/exhibitions/36/ag_10030.jpeg",media/c2db77c104d2671c144d6665.jpeg,saved,159010
"https://static-assets.artlogic.net/w_1600,h_1600,c_limit,f_auto,fl_lossy,q_auto/ws-pilevneli/usr/exhibitions/images/exhibitions/36/ag_10058.jpeg",media/99a5bdadd95cd03c0f63f78b.jpeg,saved,157216
"https://static-assets.artlogic.net/w_1600,h_1600,c_limit,f_auto,fl_lossy,q_auto/ws-pilevneli/usr/exhibitions/images/exhibitions/36/ag_10032.jpeg",media/dd794ee6a80fc2ab7ce4e008.jpeg,saved,150656
"https://static-assets.artlogic.net/w_1600,h_1600,c_limit,f_auto,fl_lossy,q_auto/ws-pilevneli/usr/exhibitions/images/exhibitions/36/ag_10033.jpeg",media/89d75f3e461f0cfd334dd1d7.jpeg,saved,90250
"https://static-assets.artlogic.net/w_1600,h_1600,c_limit,f_auto,fl_lossy,q_auto/ws-pilevneli/usr/exhibitions/images/exhibitions/36/ag_10035.jpeg",media/d45d7cd15e119bbe94c5eb65.jpeg,saved,209004
"https://static-assets.artlogic.net/w_1600,h_1600,c_limit,f_auto,fl_lossy,q_auto/ws-pilevneli/usr/exhibitions/images/exhibitions/36/ag_10057.jpeg",media/c5242a468a33f726481056f7.jpeg,saved,110788
"https://static-assets.artlogic.net/w_1600,h_1600,c_limit,f_auto,fl_lossy,q_auto/ws-pilevneli/usr/exhibitions/images/exhibitions/36/bal-klar.gif",media/8637954a1cb9d344102cea0f.gif,saved,822058
"https://static-assets.artlogic.net/w_1600,h_1600,c_limit,f_auto,fl_lossy,q_auto/ws-pilevneli/usr/exhibitions/images/exhibitions/36/bal-k-detay.gif",media/ca76ef7e34319c9ceb97afdf.gif,saved,1018214
"https://static-assets.artlogic.net/w_1600,h_1600,c_limit,f_auto,fl_lossy,q_auto/ws-pilevneli/usr/exhibitions/images/exhibitions/36/c-u-ru-me-yoktunuz2.gif",media/552a7a75799ed75688d98b0f.gif,saved,646152
"https://static-assets.artlogic.net/w_1600,h_1600,c_limit,f_auto,fl_lossy,q_auto/ws-pilevneli/usr/exhibitions/images/exhibitions/36/yoktunuz-c-u-ru-me.gif",media/6ba98617f5e2a762192acd8a.gif,saved,632488
"https://static-assets.artlogic.net/w_1600,h_1600,c_limit,f_auto,fl_lossy,q_auto/ws-pilevneli/usr/exhibitions/images/exhibitions/36/yoktunuz.gif",media/320db488476a11174f31ab67.gif,saved,793520
"https://static-assets.artlogic.net/w_1600,h_1600,c_limit,f_auto,fl_lossy,q_auto/ws-pilevneli/usr/exhibitions/images/exhibitions/36/haf-za-tepesi-detay-2.gif",media/19aafca80bac044a7f9c1a1a.gif,saved,859801
"https://static-assets.artlogic.net/w_1600,h_1600,c_limit,f_auto,fl_lossy,q_auto/ws-pilevneli/usr/exhibitions/images/exhibitions/36/haf-za-tepesi.gif",media/897ad6ef20fe3daf687d6ed5.gif,saved,899269
"https://static-assets.artlogic.net/w_1600,h_1600,c_limit,f_auto,fl_lossy,q_auto/ws-pilevneli/usr/images/exhibitions/group_images_override/36/memory-pr-image-1.gif",media/c8e6c28cd05fe0d0f856ebae.gif,saved,113940
"https://static-assets.artlogic.net/w_1600,h_1600,c_limit,f_auto,fl_lossy,q_auto/ws-pilevneli/usr/images/exhibitions/images_and_objects/37/dsc_5034.jpg",media/93728bb190ba1abc8a73168f.jpg,saved,112538
"https://static-assets.artlogic.net/w_1600,h_1600,c_limit,f_auto,fl_lossy,q_auto/ws-pilevneli/usr/exhibitions/images/exhibitions/38/dsc00764.gif",media/5eaa4a8d8e080c7fa840cec2.gif,saved,237620
"https://static-assets.artlogic.net/w_1600,h_1600,c_limit,f_auto,fl_lossy,q_auto/ws-pilevneli/usr/exhibitions/images/exhibitions/38/ra_10531.gif",media/98e5e6c3b76a7791ae9ff738.gif,saved,235998
"https://static-assets.artlogic.net/w_1600,h_1600,c_limit,f_auto,fl_lossy,q_auto/ws-pilevneli/usr/exhibitions/images/exhibitions/38/dsc00589.gif",media/53266953bed66947aa320c18.gif,saved,81580
"https://static-assets.artlogic.net/w_1600,h_1600,c_limit,f_auto,fl_lossy,q_auto/ws-pilevneli/usr/exhibitions/images/exhibitions/38/dsc00605.gif",media/fee3e7c98371fe3ee49680dc.gif,saved,104382
"https://static-assets.artlogic.net/w_1600,h_1600,c_limit,f_auto,fl_lossy,q_auto/ws-pilevneli/usr/exhibitions/images/exhibitions/38/ra_10513.gif",media/d4d5ea6f600417e3d238d2bb.gif,saved,109936
"https://static-assets.artlogic.net/w_1600,h_1600,c_limit,f_auto,fl_lossy,q_auto/ws-pilevneli/usr/exhibitions/images/exhibitions/38/dsc00410.gif",media/1251f7d5bbd16f89767ffadd.gif,saved,168518
"https://static-assets.artlogic.net/w_1600,h_1600,c_limit,f_auto,fl_lossy,q_auto/ws-pilevneli/usr/exhibitions/images/exhibitions/38/dsc00402.gif",media/08e30aba541e7059f0d68531.gif,saved,266102
"https://static-assets.artlogic.net/w_1600,h_1600,c_limit,f_auto,fl_lossy,q_auto/ws-pilevneli/usr/exhibitions/images/exhibitions/38/dsc00334.gif",media/e4284f29023681802adb1c32.gif,saved,162716
"https://static-assets.artlogic.net/w_1600,h_1600,c_limit,f_auto,fl_lossy,q_auto/ws-pilevneli/usr/exhibitions/images/exhibitions/38/dsc00307.gif",media/f562fffa3133d517267a5f28.gif,saved,293016
"https://static-assets.artlogic.net/w_1600,h_1600,c_limit,f_auto,fl_lossy,q_auto/ws-pilevneli/usr/exhibitions/images/exhibitions/38/dsc00228.gif",media/19fae1cef7b88aaf66c301d9.gif,saved,243134
"https://static-assets.artlogic.net/w_1600,h_1600,c_limit,f_auto,fl_lossy,q_auto/ws-pilevneli/usr/exhibitions/images/exhibitions/38/dsc00295.gif",media/f2425d94eca458e220ea6bf6.gif,saved,251098
"https://static-assets.artlogic.net/w_1600,h_1600,c_limit,f_auto,fl_lossy,q_auto/ws-pilevneli/usr/exhibitions/images/exhibitions/38/ra_10474.gif",media/1c4c074b7ab80a386246ab69.gif,saved,78922
"https://static-assets.artlogic.net/w_1600,h_1600,c_limit,f_auto,fl_lossy,q_auto/ws-pilevneli/usr/exhibitions/images/exhibitions/38/ra_10475.gif",media/2a8f393cc22fb452fa0cc0f1.gif,saved,45798
"https://static-assets.artlogic.net/w_1600,h_1600,c_limit,f_auto,fl_lossy,q_auto/ws-pilevneli/usr/exhibitions/images/exhibitions/38/ra_10506.gif",media/e90ddb8c73820f1a24078a49.gif,saved,95530
"https://static-assets.artlogic.net/w_1600,h_1600,c_limit,f_auto,fl_lossy,q_auto/ws-pilevneli/usr/exhibitions/images/exhibitions/38/ra_10492.gif",media/5342cd8d703fb1ed83aad6b9.gif,saved,49634
"https://static-assets.artlogic.net/w_1600,h_1600,c_limit,f_auto,fl_lossy,q_auto/ws-pilevneli/usr/exhibitions/images/exhibitions/38/dsc00576.gif",media/60082e757d86cde24ae4eaa5.gif,saved,109514
"https://static-assets.artlogic.net/w_1600,h_1600,c_limit,f_auto,fl_lossy,q_auto/ws-pilevneli/usr/images/exhibitions/group_images_override/38/dsc00720.gif",media/f4b05b6d856b35babfdff1a7.gif,saved,195022
"https://static-assets.artlogic.net/w_1600,h_1600,c_limit,f_auto,fl_lossy,q_auto/ws-pilevneli/usr/exhibitions/images/exhibitions/38/data-room-9min-right-00683-.gif",media/86f2c9b812ea0f7f2ab006f0.gif,saved,166790
"https://static-assets.artlogic.net/w_1600,h_1600,c_limit,f_auto,fl_lossy,q_auto/ws-pilevneli/usr/exhibitions/images/exhibitions/38/ai-data-sculpture-iss-mro-hubble-1.gif",media/fcd1a2f8be4e91ba28090fef.gif,saved,479312
"https://static-assets.artlogic.net/w_1600,h_1600,c_limit,f_auto,fl_lossy,q_auto/ws-pilevneli/usr/exhibitions/images/exhibitions/38/machine-memoirs-24.gif",media/2ae871cc118b495ca8aca01c.gif,saved,344330
"https://static-assets.artlogic.net/w_1600,h_1600,c_limit,f_auto,fl_lossy,q_auto/ws-pilevneli/usr/exhibitions/images/exhibitions/38/mh-mars-synthetic-landscapes-01.gif",media/1885848d610e1bb776125130.gif,saved,328182
"https://static-assets.artlogic.net/w_1600,h_1600,c_limit,f_auto,fl_lossy,q_auto/ws-pilevneli/usr/exhibitions/images/exhibitions/38/snapseed.gif",media/6911141335782f1d1ca3af8c.gif,saved,120208
"https://static-assets.artlogic.net/w_1600,h_1600,c_limit,f_auto,fl_lossy,q_auto/ws-pilevneli/usr/exhibitions/images/exhibitions/38/print-iss-dreams-a.gif",media/51149e294259e81110ca80c4.gif,saved,726012
"https://static-assets.artlogic.net/w_1600,h_1600,c_limit,f_auto,fl_lossy,q_auto/ws-pilevneli/usr/exhibitions/images/exhibitions/38/print-iss-dreams-b.gif",media/97b904d20c0d437ae6fbfbbc.gif,saved,819804
"https://static-assets.artlogic.net/w_1600,h_1600,c_limit,f_auto,fl_lossy,q_auto/ws-pilevneli/usr/exhibitions/images/exhibitions/38/print-iss-dreams-c.gif",media/f704a6e2c710a1a2e89d119d.gif,saved,806122
"https://static-assets.artlogic.net/w_1600,h_1600,c_limit,f_auto,fl_lossy,q_auto/ws-pilevneli/usr/exhibitions/images/exhibitions/38/mh-iss-dreams-a.gif",media/976e1e061301ecf0194af763.gif,saved,608380
"https://static-assets.artlogic.net/w_1600,h_1600,c_limit,f_auto,fl_lossy,q_auto/ws-pilevneli/usr/exhibitions/images/exhibitions/38/mh-iss-dreams-b.gif",media/07225a52ba707051843870f4.gif,saved,433296
"https://static-assets.artlogic.net/w_1600,h_1600,c_limit,f_auto,fl_lossy,q_auto/ws-pilevneli/usr/exhibitions/images/exhibitions/38/mh-iss-dreams-c.gif",media/bbe2f7fd970f9418d898430d.gif,saved,627960
"https://static-assets.artlogic.net/w_1600,h_1600,c_limit,f_auto,fl_lossy,q_auto/ws-pilevneli/usr/exhibitions/images/exhibitions/38/mh-hubble-a.gif",media/3a0e3183675a46b4b80002d4.gif,saved,402830
"https://static-assets.artlogic.net/w_1600,h_1600,c_limit,f_auto,fl_lossy,q_auto/ws-pilevneli/usr/images/exhibitions/images_and_objects/38/mh-hubble-b.gif",media/e01aca4578599b092399c666.gif,saved,467602
"https://static-assets.artlogic.net/w_1600,h_1600,c_limit,f_auto,fl_lossy,q_auto/ws-pilevneli/usr/exhibitions/images/exhibitions/38/mh-hubble-c.gif",media/0a6ede08f84903ceeb1beb9d.gif,saved,506426
"https://static-assets.artlogic.net/w_1600,h_1600,c_limit,f_auto,fl_lossy,q_auto/ws-pilevneli/usr/exhibitions/images/exhibitions/38/mh-mro-a.gif",media/5fc357e861c00de1da81d828.gif,saved,447540
"https://static-assets.artlogic.net/w_1600,h_1600,c_limit,f_auto,fl_lossy,q_auto/ws-pilevneli/usr/exhibitions/images/exhibitions/38/mh-mro-b.gif",media/3573fa10638b63505e01bf03.gif,saved,422572
"https://static-assets.artlogic.net/w_1600,h_1600,c_limit,f_auto,fl_lossy,q_auto/ws-pilevneli/usr/exhibitions/images/exhibitions/38/mh-mro-c.gif",media/d7ab5d30b0edddd0c417e8d2.gif,saved,449710
"https://static-assets.artlogic.net/w_1600,h_1600,c_limit,f_auto,fl_lossy,q_auto/ws-pilevneli/usr/images/artists/artwork_image_for_artists_page/items/3e/3e4d7150964343a1bc657fc348d1f4d2/2-qm-noise-b-nft_1800x1786.jpg",media/9751794359db185d47e9185b.jpg,saved,107568
"https://static-assets.artlogic.net/w_1600,h_1600,c_limit,f_auto,fl_lossy,q_auto/ws-pilevneli/usr/images/exhibitions/group_images_override/39/lkr-p3826_studiomajo_ajanda-ea.gif",media/1abc6cdbaa3ead05f445ea11.gif,saved,304868
"https://static-assets.artlogic.net/w_1600,h_1600,c_limit,f_auto,fl_lossy,q_auto/ws-pilevneli/usr/exhibitions/images/exhibitions/40/pi_4350.jpg",media/23ba5dfcc53a87714567709b.jpg,saved,93656
"https://static-assets.artlogic.net/w_1600,h_1600,c_limit,f_auto,fl_lossy,q_auto/ws-pilevneli/usr/exhibitions/images/exhibitions/40/pi_4359.jpg",media/e819e228bb4586c007280fb4.jpg,saved,100618
"https://static-assets.artlogic.net/w_1600,h_1600,c_limit,f_auto,fl_lossy,q_auto/ws-pilevneli/usr/exhibitions/images/exhibitions/40/pi_4353.jpg",media/a640246c03e4dfebc3f159cb.jpg,saved,96812
"https://static-assets.artlogic.net/w_1600,h_1600,c_limit,f_auto,fl_lossy,q_auto/ws-pilevneli/usr/exhibitions/images/exhibitions/40/pi_4352.jpg",media/d91ca480e6e7a6f6dc5a74d2.jpg,saved,98560
"https://static-assets.artlogic.net/w_1600,h_1600,c_limit,f_auto,fl_lossy,q_auto/ws-pilevneli/usr/exhibitions/images/exhibitions/40/pi_4366.jpg",media/97c5596a2aaf7852e3ca588b.jpg,saved,101944
"https://static-assets.artlogic.net/w_1600,h_1600,c_limit,f_auto,fl_lossy,q_auto/ws-pilevneli/usr/exhibitions/images/exhibitions/40/pi_4363.jpg",media/381fc46b656c00e8989b418b.jpg,saved,63208
"https://static-assets.artlogic.net/w_1600,h_1600,c_limit,f_auto,fl_lossy,q_auto/ws-pilevneli/usr/exhibitions/images/exhibitions/40/pi_4377.jpg",media/d378e72a658c91039de6547c.jpg,saved,58876
"https://static-assets.artlogic.net/w_1600,h_1600,c_limit,f_auto,fl_lossy,q_auto/ws-pilevneli/usr/exhibitions/images/exhibitions/40/pi_4361.jpg",media/ff254659f0893d1871097be0.jpg,saved,52066
"https://static-assets.artlogic.net/w_1600,h_1600,c_limit,f_auto,fl_lossy,q_auto/ws-pilevneli/usr/exhibitions/images/exhibitions/40/pi_4373.jpg",media/21bf5b7112e1fd80c140409f.jpg,saved,109284
"https://static-assets.artlogic.net/w_1600,h_1600,c_limit,f_auto,fl_lossy,q_auto/ws-pilevneli/usr/exhibitions/images/exhibitions/40/pi_4341.jpg",media/2c6a2156e0bb3f1963f39c17.jpg,saved,212500
"https://static-assets.artlogic.net/w_1600,h_1600,c_limit,f_auto,fl_lossy,q_auto/ws-pilevneli/usr/exhibitions/images/exhibitions/40/pi_4344.jpg",media/e4feb0e325022e2dac09d02b.jpg,saved,89094
"https://static-assets.artlogic.net/w_1600,h_1600,c_limit,f_auto,fl_lossy,q_auto/ws-pilevneli/usr/exhibitions/images/exhibitions/40/pi_4417.jpg",media/2b046638dde0f3351da3f0f5.jpg,saved,114486
"https://static-assets.artlogic.net/w_1600,h_1600,c_limit,f_auto,fl_lossy,q_auto/ws-pilevneli/usr/exhibitions/images/exhibitions/40/pi_4325.jpg",media/3606b4e117ea88d6d3623305.jpg,saved,89970
"https://static-assets.artlogic.net/w_1600,h_1600,c_limit,f_auto,fl_lossy,q_auto/ws-pilevneli/usr/exhibitions/images/exhibitions/40/pi_4358.jpg",media/0a8221bd526fb0837df18f33.jpg,saved,72174
"https://static-assets.artlogic.net/w_1600,h_1600,c_limit,f_auto,fl_lossy,q_auto/ws-pilevneli/usr/images/exhibitions/images_and_objects/40/rw.gif",media/670667bb883790a9f5917d68.gif,saved,29434
"https://static-assets.artlogic.net/w_1600,h_1600,c_limit,f_auto,fl_lossy,q_auto/ws-pilevneli/usr/exhibitions/images/exhibitions/40/pi_4368.jpg",media/6319276004056337a4244829.jpg,saved,58786
"https://static-assets.artlogic.net/w_1600,h_1600,c_limit,f_auto,fl_lossy,q_auto/ws-pilevneli/usr/images/exhibitions/images_and_objects/40/pi_4399.gif",media/beec6cb25d80c664eeafb968.gif,saved,77168
"https://static-assets.artlogic.net/w_1600,h_1600,c_limit,f_auto,fl_lossy,q_auto/ws-pilevneli/usr/images/exhibitions/images_and_objects/40/pi_4405.gif",media/80bc5eed943581de6eee4875.gif,saved,175480
"https://static-assets.artlogic.net/w_1600,h_1600,c_limit,f_auto,fl_lossy,q_auto/ws-pilevneli/usr/exhibitions/images/exhibitions/40/pi_4403.gif",media/96e4c329efbcf648b0beedf0.gif,saved,156258
"https://static-assets.artlogic.net/w_1600,h_1600,c_limit,f_auto,fl_lossy,q_auto/ws-pilevneli/usr/exhibitions/images/exhibitions/40/pi_4400.gif",media/1d27cf0ae08b834590a1cfeb.gif,saved,174936
"https://static-assets.artlogic.net/w_1600,h_1600,c_limit,f_auto,fl_lossy,q_auto/ws-pilevneli/usr/exhibitions/images/exhibitions/40/pi_4398.gif",media/d348fa26a1d75eb4ce59ea8e.gif,saved,119396
"https://static-assets.artlogic.net/w_1600,h_1600,c_limit,f_auto,fl_lossy,q_auto/ws-pilevneli/usr/exhibitions/images/exhibitions/40/pi_4371.jpg",media/910bd4d7c894b919737c8e24.jpg,saved,79136
"https://static-assets.artlogic.net/w_1600,h_1600,c_limit,f_auto,fl_lossy,q_auto/ws-pilevneli/usr/exhibitions/images/exhibitions/40/pi_4396.gif",media/6ecc1c6ac3636e184e03c5ca.gif,saved,186316
"https://static-assets.artlogic.net/w_1600,h_1600,c_limit,f_auto,fl_lossy,q_auto/ws-pilevneli/usr/exhibitions/images/exhibitions/40/pi_4357.jpg",media/35fd1ccb25696fa3b56afaf2.jpg,saved,65130
"https://static-assets.artlogic.net/w_1600,h_1600,c_limit,f_auto,fl_lossy,q_auto/ws-pilevneli/usr/images/exhibitions/images_and_objects/40/pi_4389.gif",media/ff6fda214478aba7f2a45c65.gif,saved,116920
"https://static-assets.artlogic.net/w_1600,h_1600,c_limit,f_auto,fl_lossy,q_auto/ws-pilevneli/usr/exhibitions/images/exhibitions/40/pi_4355.jpg",media/4f05a4986bf1489d191cc1f7.jpg,saved,118776
"https://static-assets.artlogic.net/w_1600,h_1600,c_limit,f_auto,fl_lossy,q_auto/ws-pilevneli/usr/exhibitions/images/exhibitions/40/pi_4395.gif",media/01029ced0f62f17950154ce5.gif,saved,115098
"https://static-assets.artlogic.net/w_1600,h_1600,c_limit,f_auto,fl_lossy,q_auto/ws-pilevneli/usr/exhibitions/images/exhibitions/40/pi_4406.gif",media/0c85ef5c3b154d59dd83ac8b.gif,saved,92614
"https://static-assets.artlogic.net/w_1600,h_1600,c_limit,f_auto,fl_lossy,q_auto/ws-pilevneli/usr/exhibitions/images/exhibitions/40/pi_4369.jpg",media/bebb0cc845169606aeaf1006.jpg,saved,33034
"https://static-assets.artlogic.net/w_1600,h_1600,c_limit,f_auto,fl_lossy,q_auto/ws-pilevneli/usr/exhibitions/images/exhibitions/40/pi_4372.jpg",media/0a46f8601cff39b3c4aa5389.jpg,saved,82136
"https://static-assets.artlogic.net/w_1600,h_1600,c_limit,f_auto,fl_lossy,q_auto/ws-pilevneli/usr/exhibitions/images/exhibitions/40/pi_4402.gif",media/d779cf0e6555b477a5b6625d.gif,saved,126604
"https://static-assets.artlogic.net/w_1600,h_1600,c_limit,f_auto,fl_lossy,q_auto/ws-pilevneli/usr/exhibitions/images/exhibitions/40/pi_4383.gif",media/0b7fd0fa8a233670df62d084.gif,saved,133642
"https://static-assets.artlogic.net/w_1600,h_1600,c_limit,f_auto,fl_lossy,q_auto/ws-pilevneli/usr/exhibitions/images/exhibitions/40/pi_4382.gif",media/523c38c01a8d5f0e38a22e3d.gif,saved,90254
"https://static-assets.artlogic.net/w_1600,h_1600,c_limit,f_auto,fl_lossy,q_auto/ws-pilevneli/usr/exhibitions/images/exhibitions/40/pi_4385.gif",media/133fdf871af0dc4acf217fa8.gif,saved,45540
"https://static-assets.artlogic.net/w_1600,h_1600,c_limit,f_auto,fl_lossy,q_auto/ws-pilevneli/usr/exhibitions/images/exhibitions/40/pi_4387.gif",media/b22c3301fc466b4c6a598eb4.gif,saved,58692
"https://static-assets.artlogic.net/w_1600,h_1600,c_limit,f_auto,fl_lossy,q_auto/ws-pilevneli/usr/exhibitions/images/exhibitions/40/pi_4392-.gif",media/e7a02132aca9fb271441fd4d.gif,saved,439378
"https://static-assets.artlogic.net/w_1600,h_1600,c_limit,f_auto,fl_lossy,q_auto/ws-pilevneli/usr/exhibitions/images/exhibitions/40/pi_4391-.gif",media/3ad43570c34dbef337a657f0.gif,saved,392560
"https://static-assets.artlogic.net/w_1600,h_1600,c_limit,f_auto,fl_lossy,q_auto/ws-pilevneli/usr/images/artists/artwork_image_for_artists_page/items/cf/cfc9bd7f4f1b42c2b9c0d9600662e318/richard-wilson.gif",media/03c177faa234d3afabfb4230.gif,saved,67388
"https://static-assets.artlogic.net/w_1600,h_1600,c_limit,f_auto,fl_lossy,q_auto/ws-pilevneli/usr/exhibitions/images/exhibitions/41/pi_4309.jpg",media/723de798850bf2005dd2ee03.jpg,saved,104862
"https://static-assets.artlogic.net/w_1600,h_1600,c_limit,f_auto,fl_lossy,q_auto/ws-pilevneli/usr/exhibitions/images/exhibitions/41/pi_4312.jpg",media/ae7dd4f36edee57a5daf600c.jpg,saved,137284
"https://static-assets.artlogic.net/w_1600,h_1600,c_limit,f_auto,fl_lossy,q_auto/ws-pilevneli/usr/exhibitions/images/exhibitions/41/pi_4305.jpg",media/5462b6c981e0029818cd19ee.jpg,saved,125858
"https://static-assets.artlogic.net/w_1600,h_1600,c_limit,f_auto,fl_lossy,q_auto/ws-pilevneli/usr/exhibitions/images/exhibitions/41/pi_4296-.jpg",media/74e3f1e5bdedbcfa7d1a6675.jpg,saved,82450
"https://static-assets.artlogic.net/w_1600,h_1600,c_limit,f_auto,fl_lossy,q_auto/ws-pilevneli/usr/exhibitions/images/exhibitions/41/pi_4293-.jpg",media/a70a88702d82a8aa80b20c47.jpg,saved,88364
"https://static-assets.artlogic.net/w_1600,h_1600,c_limit,f_auto,fl_lossy,q_auto/ws-pilevneli/usr/exhibitions/images/exhibitions/41/pi_4292.jpg",media/fb961b4aab1ae2efc8b2650b.jpg,saved,93942
"https://static-assets.artlogic.net/w_1600,h_1600,c_limit,f_auto,fl_lossy,q_auto/ws-pilevneli/usr/exhibitions/images/exhibitions/41/pi_4299.jpg",media/3d5f966cc01fca230bbf8d57.jpg,saved,314562
"https://static-assets.artlogic.net/w_1600,h_1600,c_limit,f_auto,fl_lossy,q_auto/ws-pilevneli/usr/exhibitions/images/exhibitions/41/pi_4302.jpg",media/7c5b4e581da3b5c489db48d0.jpg,saved,586892
"https://static-assets.artlogic.net/w_1600,h_1600,c_limit,f_auto,fl_lossy,q_auto/ws-pilevneli/usr/exhibitions/images/exhibitions/41/pi_4268.jpg",media/5e1a793dbfac06647733aae8.jpg,saved,21884
"https://static-assets.artlogic.net/w_1600,h_1600,c_limit,f_auto,fl_lossy,q_auto/ws-pilevneli/usr/exhibitions/images/exhibitions/41/pi_4276.jpg",media/a421974fb6dc8ad0c664ad54.jpg,saved,211618
"https://static-assets.artlogic.net/w_1600,h_1600,c_limit,f_auto,fl_lossy,q_auto/ws-pilevneli/usr/exhibitions/images/exhibitions/41/pi_4278.jpg",media/cb740bb8e9d9b949799a1965.jpg,saved,276360
"https://static-assets.artlogic.net/w_1600,h_1600,c_limit,f_auto,fl_lossy,q_auto/ws-pilevneli/usr/exhibitions/images/exhibitions/41/pi_4283.jpg",media/15f54387cccde5e8a1a04991.jpg,saved,154954
"https://static-assets.artlogic.net/w_1600,h_1600,c_limit,f_auto,fl_lossy,q_auto/ws-pilevneli/usr/exhibitions/images/exhibitions/41/pi_4285.jpg",media/0f1473047055b6645aa70b12.jpg,saved,118636
"https://static-assets.artlogic.net/w_1600,h_1600,c_limit,f_auto,fl_lossy,q_auto/ws-pilevneli/usr/images/artists/artwork_image_for_artists_page/items/af/af1decf87f4e42c7935ec1260c1f9c7f/defne-tesal.gif",media/402c91dd6e4be156bee88016.gif,saved,388758
"https://static-assets.artlogic.net/w_1600,h_1600,c_limit,f_auto,fl_lossy,q_auto/ws-pilevneli/usr/images/publications/main_image/32/pi_4409.jpg",media/3dcb25abb635dc92586e37fe.jpg,saved,264388
"https://static-assets.artlogic.net/w_1600,h_1600,c_limit,f_auto,fl_lossy,q_auto/ws-pilevneli/usr/exhibitions/images/exhibitions/41/usta-yapmadan-yapar-defne-tesal_screenshot.jpg",media/b2b5bc7cde4949ba88fab4b9.jpg,saved,102816
"https://static-assets.artlogic.net/w_1600,h_1600,c_limit,f_auto,fl_lossy,q_auto/ws-pilevneli/usr/exhibitions/images/exhibitions/41/defne-tesal-pus_haze-150x210cm-kag-t-u-zeri-murekkep-ink-on-paper-foto-hadiye-cango-kc-e.jpg",media/4c96b43acbf88b2229b13e4e.jpg,saved,508156
"https://static-assets.artlogic.net/w_1600,h_1600,c_limit,f_auto,fl_lossy,q_auto/ws-pilevneli/usr/exhibitions/images/exhibitions/41/defne-tesal-yans-_reflection-210x150cm-kag-t-u-zeri-murekkep-ink-on-paper-foto-hadiye-cango-kc-e.jpg",media/2841fafa5be93b92294c205e.jpg,saved,602530
"https://static-assets.artlogic.net/w_1600,h_1600,c_limit,f_auto,fl_lossy,q_auto/ws-pilevneli/usr/exhibitions/images/exhibitions/41/defne-tesal-buz_ice-105x150cm-kag-t-u-zeri-murekkep-ink-on-paper-foto-hadiye-cango-kc-e.jpg",media/d760fa3c1b8266cb0a2e409f.jpg,saved,585776
"https://static-assets.artlogic.net/w_1600,h_1600,c_limit,f_auto,fl_lossy,q_auto/ws-pilevneli/usr/exhibitions/images/exhibitions/41/du-s-en-ig-neler-falling-needles-defne-tesal-screenshot.jpg",media/ca3a18781ce9f3fdfcafc3af.jpg,saved,343994
"https://static-assets.artlogic.net/w_1600,h_1600,c_limit,f_auto,fl_lossy,q_auto/ws-pilevneli/usr/exhibitions/images/exhibitions/41/du-s-en-nohutlar-falling-chickpeas-defne-tesal-screenshot.jpg",media/3f36a54019058d713e287d05.jpg,saved,178346
"https://static-assets.artlogic.net/w_1600,h_1600,c_limit,f_auto,fl_lossy,q_auto/ws-pilevneli/usr/exhibitions/images/exhibitions/41/du-s-en-i-pler-_-falling-needles-defne-tesal-screenshot.jpg",media/53b67b414a4ce0019fa959ae.jpg,saved,137098
"https://static-assets.artlogic.net/w_1600,h_1600,c_limit,f_auto,fl_lossy,q_auto/ws-pilevneli/usr/exhibitions/images/exhibitions/41/mavi-kaya-_-blue-rock-110x125cm-kumas-u-zeri-ip-yarn-on-fabric-foto-hadiye-cango-kc-e.jpg",media/cdd272a7d30a74a36e56f2e3.jpg,saved,264888
"https://static-assets.artlogic.net/w_1600,h_1600,c_limit,f_auto,fl_lossy,q_auto/ws-pilevneli/usr/exhibitions/images/exhibitions/41/kusurlar-manzara-1-22x17-5cm-2020.jpg",media/c37dd8ab6f367f9896a60554.jpg,saved,323378
"https://static-assets.artlogic.net/w_1600,h_1600,c_limit,f_auto,fl_lossy,q_auto/ws-pilevneli/usr/exhibitions/images/exhibitions/41/kusurlar-manzara-2-22x17-5cm-2020.jpg",media/fd6a154d1a3189a21f859a57.jpg,saved,175774
"https://static-assets.artlogic.net/w_1600,h_1600,c_limit,f_auto,fl_lossy,q_auto/ws-pilevneli/usr/exhibitions/images/exhibitions/41/kusurlar-manzara-3-17-5x22cm-2020.jpg",media/09a68741293e2daa9be1e794.jpg,saved,611122
"https://static-assets.artlogic.net/w_1600,h_1600,c_limit,f_auto,fl_lossy,q_auto/ws-pilevneli/usr/exhibitions/images/exhibitions/41/kusurlar-manzara-4-17-5x22cm-2020.jpg",media/5b7ee71b715f470bb8d4ffa0.jpg,saved,189672
"https://static-assets.artlogic.net/w_1600,h_1600,c_limit,f_auto,fl_lossy,q_auto/ws-pilevneli/usr/exhibitions/images/exhibitions/41/kusurlar-manzara-5-22x17-5cm-2020.jpg",media/7b1cd6231d57343da62604b5.jpg,saved,189966
"https://static-assets.artlogic.net/w_1600,h_1600,c_limit,f_auto,fl_lossy,q_auto/ws-pilevneli/usr/exhibitions/images/exhibitions/41/kusurlar-manzara-6-22x17-5cm-2020.jpg",media/0be88418dcd2422327b3d676.jpg,saved,579756
"https://static-assets.artlogic.net/w_1600,h_1600,c_limit,f_auto,fl_lossy,q_auto/ws-pilevneli/usr/exhibitions/images/exhibitions/41/kusurlar-manzara-7-22x17-5cm-2020.jpg",media/1a7b3e498d35b561de15cc32.jpg,saved,211730
"https://static-assets.artlogic.net/w_1600,h_1600,c_limit,f_auto,fl_lossy,q_auto/ws-pilevneli/usr/exhibitions/images/exhibitions/41/kusurlar-manzara-8-22x17-5cm-2020.jpg",media/00231d00cf0a3313bb1ef548.jpg,saved,610726
"https://static-assets.artlogic.net/w_1600,h_1600,c_limit,f_auto,fl_lossy,q_auto/ws-pilevneli/usr/exhibitions/images/exhibitions/41/kusurlar-manzara-9-22x17-5cm-2020.jpg",media/f8e6f0b35dbd113e3db0ebb3.jpg,saved,730386
"https://static-assets.artlogic.net/w_1600,h_1600,c_limit,f_auto,fl_lossy,q_auto/ws-pilevneli/usr/exhibitions/images/exhibitions/41/kusurlar-manzara-10-22x17-5cm-2020.jpg",media/2aabbcca3ea7e550f4c0df84.jpg,saved,437802
"https://static-assets.artlogic.net/w_1600,h_1600,c_limit,f_auto,fl_lossy,q_auto/ws-pilevneli/usr/exhibitions/images/exhibitions/41/kusurlar-manzara-11-22x17-5cm-2020.jpg",media/be04f821872a971bd6c8eb1e.jpg,saved,335918
"https://static-assets.artlogic.net/w_1600,h_1600,c_limit,f_auto,fl_lossy,q_auto/ws-pilevneli/usr/exhibitions/images/exhibitions/41/kusurlar-manzara-12-22x17-5cm-2020.jpg",media/736ce60c3e64365ff9a9c7d1.jpg,saved,765800
"https://static-assets.artlogic.net/w_1600,h_1600,c_limit,f_auto,fl_lossy,q_auto/ws-pilevneli/usr/exhibitions/images/exhibitions/41/kusurlar-manzara-13-22x17-5cm-2020.jpg",media/ed34adf8e10d3c37ca5a7661.jpg,saved,218414
"https://static-assets.artlogic.net/w_1600,h_1600,c_limit,f_auto,fl_lossy,q_auto/ws-pilevneli/usr/images/exhibitions/group_images_override/42/walldancing_gif2.gif",media/99ca1b85da6f9796e8139861.gif,saved,25596
"https://static-assets.artlogic.net/w_1600,h_1600,c_limit,f_auto,fl_lossy,q_auto/ws-pilevneli/usr/images/exhibitions/images_and_objects/42/pilevneli_mandarin-15-.gif",media/4db20cc7cc4e2e35da42bf75.gif,saved,48008
"https://static-assets.artlogic.net/w_1600,h_1600,c_limit,f_auto,fl_lossy,q_auto/ws-pilevneli/usr/images/exhibitions/images_and_objects/42/pilevneli_mandarin-14-.gif",media/62b7d27a1e3d23cd3dba1992.gif,saved,48080
"https://static-assets.artlogic.net/w_1600,h_1600,c_limit,f_auto,fl_lossy,q_auto/ws-pilevneli/usr/images/exhibitions/images_and_objects/42/pilevneli_mandarin-16-.gif",media/59e2156ab1d4a57434f2bcf5.gif,saved,24428
"https://static-assets.artlogic.net/w_1600,h_1600,c_limit,f_auto,fl_lossy,q_auto/ws-pilevneli/usr/images/exhibitions/images_and_objects/42/pilevneli_mandarin-17-.gif",media/6ede08e17f27cf300a5a3705.gif,saved,21136
"https://static-assets.artlogic.net/w_1600,h_1600,c_limit,f_auto,fl_lossy,q_auto/ws-pilevneli/usr/images/exhibitions/images_and_objects/42/pilevneli_mandarin-45-.gif",media/c96aa717a218ffa30140b66c.gif,saved,32034
"https://static-assets.artlogic.net/w_1600,h_1600,c_limit,f_auto,fl_lossy,q_auto/ws-pilevneli/usr/exhibitions/images/exhibitions/42/siyah.gif",media/af887f2e1e54081e0952fd37.gif,saved,37250
"https://static-assets.artlogic.net/w_1600,h_1600,c_limit,f_auto,fl_lossy,q_auto/ws-pilevneli/usr/exhibitions/images/exhibitions/42/gri.gif",media/ee1c75463807c926d9812a88.gif,saved,38958
"https://static-assets.artlogic.net/w_1600,h_1600,c_limit,f_auto,fl_lossy,q_auto/ws-pilevneli/usr/exhibitions/images/exhibitions/42/20210514_195853.gif",media/d389adad813a625cc780f510.gif,saved,42956
"https://static-assets.artlogic.net/w_1600,h_1600,c_limit,f_auto,fl_lossy,q_auto/ws-pilevneli/usr/exhibitions/images/exhibitions/43/_12363.gif",media/35a383d99ad4f4ef0736a226.gif,saved,255672
"https://static-assets.artlogic.net/w_1600,h_1600,c_limit,f_auto,fl_lossy,q_auto/ws-pilevneli/usr/exhibitions/images/exhibitions/43/_12366.gif",media/0b64dab606987f592bfb66ed.gif,saved,647918
"https://static-assets.artlogic.net/w_1600,h_1600,c_limit,f_auto,fl_lossy,q_auto/ws-pilevneli/usr/exhibitions/images/exhibitions/43/_12379.gif",media/cea5866943d1197bd6ca3e7c.gif,saved,153658
"https://static-assets.artlogic.net/w_1600,h_1600,c_limit,f_auto,fl_lossy,q_auto/ws-pilevneli/usr/exhibitions/images/exhibitions/43/_12383.gif",media/3b1cbbc3d4e2d1c2c6586f54.gif,saved,120804
"https://static-assets.artlogic.net/w_1600,h_1600,c_limit,f_auto,fl_lossy,q_auto/ws-pilevneli/usr/exhibitions/images/exhibitions/43/_12239.gif",media/5fd094aa25daeb0824990222.gif,saved,187178
"https://static-assets.artlogic.net/w_1600,h_1600,c_limit,f_auto,fl_lossy,q_auto/ws-pilevneli/usr/exhibitions/images/exhibitions/43/_12248.gif",media/9ba38b21f95470dfe4f48e55.gif,saved,103006
"https://static-assets.artlogic.net/w_1600,h_1600,c_limit,f_auto,fl_lossy,q_auto/ws-pilevneli/usr/exhibitions/images/exhibitions/43/_12277.gif",media/61210a5a7a2159c49e0f2a9a.gif,saved,108510
"https://static-assets.artlogic.net/w_1600,h_1600,c_limit,f_auto,fl_lossy,q_auto/ws-pilevneli/usr/exhibitions/images/exhibitions/43/_12389.gif",media/880bb77e158ebdc50b4d9643.gif,saved,42738
"https://static-assets.artlogic.net/w_1600,h_1600,c_limit,f_auto,fl_lossy,q_auto/ws-pilevneli/usr/exhibitions/images/exhibitions/43/_12391.gif",media/e70f070adc7736634464ac9f.gif,saved,92372
"https://static-assets.artlogic.net/w_1600,h_1600,c_limit,f_auto,fl_lossy,q_auto/ws-pilevneli/usr/exhibitions/images/exhibitions/43/_12404.gif",media/5e41656c3f5fb68b6714a342.gif,saved,136760
"https://static-assets.artlogic.net/w_1600,h_1600,c_limit,f_auto,fl_lossy,q_auto/ws-pilevneli/usr/exhibitions/images/exhibitions/43/_12403-.gif",media/520fa8acf6827b265911e738.gif,saved,186700
"https://static-assets.artlogic.net/w_1600,h_1600,c_limit,f_auto,fl_lossy,q_auto/ws-pilevneli/usr/exhibitions/images/exhibitions/43/_12352.gif",media/d3cdf7df39499de44779edcf.gif,saved,277226
"https://static-assets.artlogic.net/w_1600,h_1600,c_limit,f_auto,fl_lossy,q_auto/ws-pilevneli/usr/exhibitions/images/exhibitions/43/_12357.gif",media/e6e2dfc858eb264cbb2012b6.gif,saved,174448
"https://static-assets.artlogic.net/w_1600,h_1600,c_limit,f_auto,fl_lossy,q_auto/ws-pilevneli/usr/exhibitions/images/exhibitions/43/_12344.gif",media/e9d090be1ba2170c36497c67.gif,saved,159134
"https://static-assets.artlogic.net/w_1600,h_1600,c_limit,f_auto,fl_lossy,q_auto/ws-pilevneli/usr/exhibitions/images/exhibitions/43/_12339.gif",media/99f8943c32ca124175d7d44f.gif,saved,218152
"https://static-assets.artlogic.net/w_1600,h_1600,c_limit,f_auto,fl_lossy,q_auto/ws-pilevneli/usr/exhibitions/images/exhibitions/43/_12335.gif",media/d6b9a55dc03a601c95763336.gif,saved,203154
"https://static-assets.artlogic.net/w_1600,h_1600,c_limit,f_auto,fl_lossy,q_auto/ws-pilevneli/usr/exhibitions/images/exhibitions/43/_12289.gif",media/40f8d521a923e206af984c25.gif,saved,231726
"https://static-assets.artlogic.net/w_1600,h_1600,c_limit,f_auto,fl_lossy,q_auto/ws-pilevneli/usr/exhibitions/images/exhibitions/43/_12287.gif",media/ddd9bbbf0fd5c2083aca17be.gif,saved,244468
"https://static-assets.artlogic.net/w_1600,h_1600,c_limit,f_auto,fl_lossy,q_auto/ws-pilevneli/usr/exhibitions/images/exhibitions/43/_12301.gif",media/6e6f666d5d3aa6ab3961ceae.gif,saved,228868
"https://static-assets.artlogic.net/w_1600,h_1600,c_limit,f_auto,fl_lossy,q_auto/ws-pilevneli/usr/exhibitions/images/exhibitions/43/_12313.gif",media/ea3d3333ccb377c38a0eb55e.gif,saved,176582
"https://static-assets.artlogic.net/w_1600,h_1600,c_limit,f_auto,fl_lossy,q_auto/ws-pilevneli/usr/exhibitions/images/exhibitions/43/_12305.gif",media/b6290ff56a455b90317a5bb1.gif,saved,121026
"https://static-assets.artlogic.net/w_1600,h_1600,c_limit,f_auto,fl_lossy,q_auto/ws-pilevneli/usr/exhibitions/images/exhibitions/43/_12291.gif",media/1beff245c911fba359518621.gif,saved,141492
"https://static-assets.artlogic.net/w_1600,h_1600,c_limit,f_auto,fl_lossy,q_auto/ws-pilevneli/usr/exhibitions/images/exhibitions/43/_12415.gif",media/f08d89a8c256017125115ea5.gif,saved,96584
"https://static-assets.artlogic.net/w_1600,h_1600,c_limit,f_auto,fl_lossy,q_auto/ws-pilevneli/usr/exhibitions/images/exhibitions/43/_12419.gif",media/9c071dd62066e2c770ad9356.gif,saved,234960
"https://static-assets.artlogic.net/w_1600,h_1600,c_limit,f_auto,fl_lossy,q_auto/ws-pilevneli/usr/exhibitions/images/exhibitions/43/_12428.gif",media/c0bae13b4c6ba9bbb991e0a5.gif,saved,84422
"https://static-assets.artlogic.net/w_1600,h_1600,c_limit,f_auto,fl_lossy,q_auto/ws-pilevneli/usr/exhibitions/images/exhibitions/43/_12433.gif",media/c9100e1ece55577c8a700b05.gif,saved,165392
"https://static-assets.artlogic.net/w_1600,h_1600,c_limit,f_auto,fl_lossy,q_auto/ws-pilevneli/usr/exhibitions/images/exhibitions/43/_12438.gif",media/7c8bf640b67d2fcbca06dc86.gif,saved,112196
"https://static-assets.artlogic.net/w_1600,h_1600,c_limit,f_auto,fl_lossy,q_auto/ws-pilevneli/usr/exhibitions/images/exhibitions/43/_12447.gif",media/4bdf504ceb7235ec27fd8047.gif,saved,153360
"https://static-assets.artlogic.net/w_1600,h_1600,c_limit,f_auto,fl_lossy,q_auto/ws-pilevneli/usr/exhibitions/images/exhibitions/43/_12449-.gif",media/0f4b4e593aad98735b542cbd.gif,saved,177492
"https://static-assets.artlogic.net/w_1600,h_1600,c_limit,f_auto,fl_lossy,q_auto/ws-pilevneli/usr/exhibitions/images/exhibitions/43/_12465.gif",media/2667c63860e84877af85a1f7.gif,saved,51984
"https://static-assets.artlogic.net/w_1600,h_1600,c_limit,f_auto,fl_lossy,q_auto/ws-pilevneli/usr/exhibitions/images/exhibitions/43/_12479.gif",media/ab239b3af8f56a4668285e85.gif,saved,229406
"https://static-assets.artlogic.net/w_1600,h_1600,c_limit,f_auto,fl_lossy,q_auto/ws-pilevneli/usr/exhibitions/images/exhibitions/43/_12369.gif",media/ad8b27d67812b5482145f5c8.gif,saved,239918
"https://static-assets.artlogic.net/w_1600,h_1600,c_limit,f_auto,fl_lossy,q_auto/ws-pilevneli/usr/exhibitions/images/exhibitions/43/_12503.gif",media/3993bb09b8eac264b37775e0.gif,saved,564474
"https://static-assets.artlogic.net/w_1600,h_1600,c_limit,f_auto,fl_lossy,q_auto/ws-pilevneli/usr/exhibitions/images/exhibitions/43/_12327.gif",media/732ec46d75bbf915417950ca.gif,saved,39994
"https://static-assets.artlogic.net/w_1600,h_1600,c_limit,f_auto,fl_lossy,q_auto/ws-pilevneli/usr/exhibitions/images/exhibitions/43/_arik_levy-departuremarble-photo_ian_scigliuzzi_0094.gif",media/3206cd0086189a9c306fb70e.gif,saved,33532
"https://static-assets.artlogic.net/w_1600,h_1600,c_limit,f_auto,fl_lossy,q_auto/ws-pilevneli/usr/exhibitions/images/exhibitions/43/ans_s_5_00.gif",media/0d69611af34b19db9262ff32.gif,saved,74852
"https://static-assets.artlogic.net/w_1600,h_1600,c_limit,f_auto,fl_lossy,q_auto/ws-pilevneli/usr/exhibitions/images/exhibitions/43/ans_s_69_00.gif",media/14f007e945c767af292415db.gif,saved,18992
"https://static-assets.artlogic.net/w_1600,h_1600,c_limit,f_auto,fl_lossy,q_auto/ws-pilevneli/usr/images/exhibitions/images_and_objects/43/ak_f_297_031.gif",media/5c1a9b25bcba09f65740a1ee.gif,saved,166376
"https://static-assets.artlogic.net/w_1600,h_1600,c_limit,f_auto,fl_lossy,q_auto/ws-pilevneli/usr/images/exhibitions/images_and_objects/43/ak_f_316_021.gif",media/08be1aaeaf9c83e2d48dbd1d.gif,saved,84748
"https://static-assets.artlogic.net/w_1600,h_1600,c_limit,f_auto,fl_lossy,q_auto/ws-pilevneli/usr/images/exhibitions/images_and_objects/43/ak_f_336_021.gif",media/9c63c38ee732985d5eb959b9.gif,saved,161756
"https://static-assets.artlogic.net/w_1600,h_1600,c_limit,f_auto,fl_lossy,q_auto/ws-pilevneli/usr/images/exhibitions/images_and_objects/43/ak_f_346_021.gif",media/e9236491e5afa5aaa86a3ebe.gif,saved,153856
"https://static-assets.artlogic.net/w_1600,h_1600,c_limit,f_auto,fl_lossy,q_auto/ws-pilevneli/usr/exhibitions/images/exhibitions/43/imageshift-04.gif",media/67b2bb697dcb713741623d0d.gif,saved,21552
"https://static-assets.artlogic.net/w_1600,h_1600,c_limit,f_auto,fl_lossy,q_auto/ws-pilevneli/usr/exhibitions/images/exhibitions/43/_ariklevy_imageshift05_dsc5009.gif",media/3ea9566b26d69a68e6252ea3.gif,saved,13518
"https://static-assets.artlogic.net/w_1600,h_1600,c_limit,f_auto,fl_lossy,q_auto/ws-pilevneli/usr/exhibitions/images/exhibitions/43/mutualair.gif",media/36916a7cae7786cacbc83a1a.gif,saved,77852
"https://static-assets.artlogic.net/w_1600,h_1600,c_limit,f_auto,fl_lossy,q_auto/ws-pilevneli/usr/exhibitions/images/exhibitions/43/rockfusion-small.jpg",media/bee191bc8b16c33072d6ca1f.jpg,saved,26274
"https://static-assets.artlogic.net/w_1600,h_1600,c_limit,f_auto,fl_lossy,q_auto/ws-pilevneli/usr/exhibitions/images/exhibitions/43/als_rockformationtower_132.gif",media/7f0990140338c4f72760d085.gif,saved,78404
"https://static-assets.artlogic.net/w_1600,h_1600,c_limit,f_auto,fl_lossy,q_auto/ws-pilevneli/usr/exhibitions/images/exhibitions/43/_ariklevy_rockformationtower_157_corten_07.gif",media/07dad3e997997920edf750cb.gif,saved,681884
"https://static-assets.artlogic.net/w_1600,h_1600,c_limit,f_auto,fl_lossy,q_auto/ws-pilevneli/usr/exhibitions/images/exhibitions/43/arik_levy_at_louise_alexander_gallery_-_2020_-2.gif",media/901f7cc38f7091dea85c2bff.gif,saved,177780
"https://static-assets.artlogic.net/w_1600,h_1600,c_limit,f_auto,fl_lossy,q_auto/ws-pilevneli/usr/exhibitions/images/exhibitions/43/solidliquidbronze.gif",media/a41b64614cb477a15e615c38.gif,saved,19128
"https://static-assets.artlogic.net/w_1600,h_1600,c_limit,f_auto,fl_lossy,q_auto/ws-pilevneli/usr/images/exhibitions/images_and_objects/43/_l2a99533.gif",media/3a4bcdcb15de2d36bd1230a1.gif,saved,532664
"https://static-assets.artlogic.net/w_1600,h_1600,c_limit,f_auto,fl_lossy,q_auto/ws-pilevneli/usr/images/exhibitions/images_and_objects/43/_l2a99511.gif",media/6d7677902b551b1f425ff365.gif,saved,625412
"https://static-assets.artlogic.net/w_1600,h_1600,c_limit,f_auto,fl_lossy,q_auto/ws-pilevneli/usr/images/exhibitions/images_and_objects/43/_l2a99566.gif",media/85550a95e45f46f9846384ce.gif,saved,418988
"https://static-assets.artlogic.net/w_1600,h_1600,c_limit,f_auto,fl_lossy,q_auto/ws-pilevneli/usr/images/exhibitions/images_and_objects/43/_l2a99577.gif",media/8770c8fe8876887b1f1f6e33.gif,saved,515736
"https://static-assets.artlogic.net/w_1600,h_1600,c_limit,f_auto,fl_lossy,q_auto/ws-pilevneli/usr/images/exhibitions/images_and_objects/43/_l2a99588.gif",media/3660a88ce04ecb92824b3d77.gif,saved,474274
"https://static-assets.artlogic.net/w_1600,h_1600,c_limit,f_auto,fl_lossy,q_auto/ws-pilevneli/usr/images/exhibitions/images_and_objects/43/_l2a99599.gif",media/886d88f12e6a906314f4553f.gif,saved,456832
"https://static-assets.artlogic.net/w_1600,h_1600,c_limit,f_auto,fl_lossy,q_auto/ws-pilevneli/usr/images/exhibitions/images_and_objects/43/_l2a99600.gif",media/b47f32b7a8c26e76431e37b0.gif,saved,463300
"https://static-assets.artlogic.net/w_1600,h_1600,c_limit,f_auto,fl_lossy,q_auto/ws-pilevneli/usr/images/exhibitions/images_and_objects/43/_l2a99622.gif",media/355c5fbd083418b9832f1f11.gif,saved,495042
"https://static-assets.artlogic.net/w_1600,h_1600,c_limit,f_auto,fl_lossy,q_auto/ws-pilevneli/usr/images/exhibitions/images_and_objects/43/_l2a99655.gif",media/0097f1800b5a07246673f402.gif,saved,609494
"https://static-assets.artlogic.net/w_1600,h_1600,c_limit,f_auto,fl_lossy,q_auto/ws-pilevneli/usr/images/exhibitions/images_and_objects/43/_l2a99666.gif",media/a26ba5cc4cb6200e9c10c67a.gif,saved,482596
"https://static-assets.artlogic.net/w_1600,h_1600,c_limit,f_auto,fl_lossy,q_auto/ws-pilevneli/usr/images/exhibitions/images_and_objects/43/ba_-alk-_-applause-_1083.gif",media/37da0029bb96ce25efb92739.gif,saved,184392
"https://static-assets.artlogic.net/w_1600,h_1600,c_limit,f_auto,fl_lossy,q_auto/ws-pilevneli/usr/images/artworks/main_image/items/36/360508cc61a7461cbed61909b2fc1a49/baapplause5-5.gif",media/6a1b936fec832e60cab6f0b1.gif,saved,160234
"https://static-assets.artlogic.net/w_1600,h_1600,c_limit,f_auto,fl_lossy,q_auto/ws-pilevneli/usr/exhibitions/images/exhibitions/43/che_s_121_00.gif",media/ecaa5b424e5becadf03f04d8.gif,saved,36042
"https://static-assets.artlogic.net/w_1600,h_1600,c_limit,f_auto,fl_lossy,q_auto/ws-pilevneli/usr/exhibitions/images/exhibitions/43/cc_s_59_00.gif",media/bfc7f615a876b8b3d37a67fb.gif,saved,41740
"https://static-assets.artlogic.net/w_1600,h_1600,c_limit,f_auto,fl_lossy,q_auto/ws-pilevneli/usr/exhibitions/images/exhibitions/43/daniel-firman_neon.gif",media/d226e43d4f5ee928fb1cf9d1.gif,saved,245122
"https://static-assets.artlogic.net/w_1600,h_1600,c_limit,f_auto,fl_lossy,q_auto/ws-pilevneli/usr/exhibitions/images/exhibitions/43/dsc_4271.gif",media/052cac5540b6893d06b9e623.gif,saved,24318
"https://static-assets.artlogic.net/w_1600,h_1600,c_limit,f_auto,fl_lossy,q_auto/ws-pilevneli/usr/exhibitions/images/exhibitions/43/pilevneli_mandarin-8-.gif",media/bc752cf38cf1678a990cc3ff.gif,saved,21362
"https://static-assets.artlogic.net/w_1600,h_1600,c_limit,f_auto,fl_lossy,q_auto/ws-pilevneli/usr/exhibitions/images/exhibitions/43/pilevneli_mandarin-45-.gif",media/c477aeecc426a5970e1d04ab.gif,saved,32034
"https://static-assets.artlogic.net/w_1600,h_1600,c_limit,f_auto,fl_lossy,q_auto/ws-pilevneli/usr/exhibitions/images/exhibitions/43/whatsapp-image-2021-06-07-at-12.221.gif",media/4adf420dee6d2c35bac9ed9d.gif,saved,18342
"https://static-assets.artlogic.net/w_1600,h_1600,c_limit,f_auto,fl_lossy,q_auto/ws-pilevneli/usr/exhibitions/images/exhibitions/43/whatsapp-image-2021-06-07-at-12.26.gif",media/8e8fc91054a956ecad8a85c9.gif,saved,103568
"https://static-assets.artlogic.net/w_1600,h_1600,c_limit,f_auto,fl_lossy,q_auto/ws-pilevneli/usr/exhibitions/images/exhibitions/43/acr623438281241626733269.gif",media/a63ef7a56b682ee95f6c9fa1.gif,saved,45534
"https://static-assets.artlogic.net/w_1600,h_1600,c_limit,f_auto,fl_lossy,q_auto/ws-pilevneli/usr/exhibitions/images/exhibitions/43/whatsapp-image-2021-06-07-at-12.40.gif",media/e9caf2a1cd11b59f74470727.gif,saved,21684
"https://static-assets.artlogic.net/w_1600,h_1600,c_limit,f_auto,fl_lossy,q_auto/ws-pilevneli/usr/images/exhibitions/images_and_objects/43/img_23366.gif",media/3b86967bc244af11d991c0ad.gif,saved,227144
"https://static-assets.artlogic.net/w_1600,h_1600,c_limit,f_auto,fl_lossy,q_auto/ws-pilevneli/usr/images/exhibitions/images_and_objects/43/img_23344.gif",media/ac6edf1feadb3b6584d6391a.gif,saved,155528
"https://static-assets.artlogic.net/w_1600,h_1600,c_limit,f_auto,fl_lossy,q_auto/ws-pilevneli/usr/images/exhibitions/images_and_objects/43/img_23355.gif",media/eaf621e806bb3d6c689646a3.gif,saved,246460
"https://static-assets.artlogic.net/w_1600,h_1600,c_limit,f_auto,fl_lossy,q_auto/ws-pilevneli/usr/exhibitions/images/exhibitions/43/zugunruhe.gif",media/9cde9369804e9b567ff3a71b.gif,saved,33466
"https://static-assets.artlogic.net/w_1600,h_1600,c_limit,f_auto,fl_lossy,q_auto/ws-pilevneli/usr/exhibitions/images/exhibitions/43/ez_har-2021.gif",media/260259087b1081a97f757c07.gif,saved,133428
"https://static-assets.artlogic.net/w_1600,h_1600,c_limit,f_auto,fl_lossy,q_auto/ws-pilevneli/usr/exhibitions/images/exhibitions/43/ez_hur-2021.gif",media/b01c860f322b597a1f90cc59.gif,saved,125476
"https://static-assets.artlogic.net/w_1600,h_1600,c_limit,f_auto,fl_lossy,q_auto/ws-pilevneli/usr/exhibitions/images/exhibitions/43/ez_marco.gif",media/1fbf80a0f1ecde5012e3b1bd.gif,saved,207570
"https://static-assets.artlogic.net/w_1600,h_1600,c_limit,f_auto,fl_lossy,q_auto/ws-pilevneli/usr/images/exhibitions/images_and_objects/43/ez_g-z-20211.gif",media/ca57c0ca6b94e79fd18a9661.gif,saved,222284
"https://static-assets.artlogic.net/w_1600,h_1600,c_limit,f_auto,fl_lossy,q_auto/ws-pilevneli/usr/images/exhibitions/images_and_objects/43/img_23488.gif",media/e7d18ae164e4636deedec0fa.gif,saved,121648
"https://static-assets.artlogic.net/w_1600,h_1600,c_limit,f_auto,fl_lossy,q_auto/ws-pilevneli/usr/images/exhibitions/images_and_objects/43/holzweg-opus-1-20199.gif",media/e79ecd762dd40ad15b77b026.gif,saved,186116
"https://static-assets.artlogic.net/w_1600,h_1600,c_limit,f_auto,fl_lossy,q_auto/ws-pilevneli/usr/exhibitions/images/exhibitions/43/ew_s_178_03.gif",media/dc1d8dd3de6ab8fbaec18952.gif,saved,83320
"https://static-assets.artlogic.net/w_1600,h_1600,c_limit,f_auto,fl_lossy,q_auto/ws-pilevneli/usr/exhibitions/images/exhibitions/43/ew_s_216_00.gif",media/aca9cefa5f23fbdaa99bebbf.gif,saved,33698
"https://static-assets.artlogic.net/w_1600,h_1600,c_limit,f_auto,fl_lossy,q_auto/ws-pilevneli/usr/exhibitions/images/exhibitions/43/ew_s_266_01.gif",media/539110c401e7a5da1461a7e6.gif,saved,95650
"https://static-assets.artlogic.net/w_1600,h_1600,c_limit,f_auto,fl_lossy,q_auto/ws-pilevneli/usr/exhibitions/images/exhibitions/43/headstone.gif",media/37809645571397029a029e66.gif,saved,78820
"https://static-assets.artlogic.net/w_1600,h_1600,c_limit,f_auto,fl_lossy,q_auto/ws-pilevneli/usr/exhibitions/images/exhibitions/43/clouds.gif",media/d5ff46a66dfcb28a8f4b1541.gif,saved,50134
"https://static-assets.artlogic.net/w_1600,h_1600,c_limit,f_auto,fl_lossy,q_auto/ws-pilevneli/usr/exhibitions/images/exhibitions/43/waves.gif",media/25a007083fb1c7dcccf2106c.gif,saved,40768
"https://static-assets.artlogic.net/w_1600,h_1600,c_limit,f_auto,fl_lossy,q_auto/ws-pilevneli/usr/exhibitions/images/exhibitions/43/whatsapp-image-2021-06-22-at-7.50.gif",media/e60e2f74b696bc787f82199b.gif,saved,154716
"https://static-assets.artlogic.net/w_1600,h_1600,c_limit,f_auto,fl_lossy,q_auto/ws-pilevneli/usr/exhibitions/images/exhibitions/43/whatsapp-image-2021-06-22-at-7.501.gif",media/4e66fe7a23f8ab2c7f1ad1ec.gif,saved,71830
"https://static-assets.artlogic.net/w_1600,h_1600,c_limit,f_auto,fl_lossy,q_auto/ws-pilevneli/usr/images/exhibitions/images_and_objects/43/0.gif",media/ac57629787250901d261206b.gif,saved,143006
"https://static-assets.artlogic.net/w_1600,h_1600,c_limit,f_auto,fl_lossy,q_auto/ws-pilevneli/usr/images/exhibitions/images_and_objects/43/fku_m_129_000.gif",media/6783611028f7651b9e9fa6be.gif,saved,64886
"https://static-assets.artlogic.net/w_1600,h_1600,c_limit,f_auto,fl_lossy,q_auto/ws-pilevneli/usr/exhibitions/images/exhibitions/43/fku_m_131_00555.gif",media/b2e5288fdafae031eb4fa7af.gif,saved,47418
"https://static-assets.artlogic.net/w_1600,h_1600,c_limit,f_auto,fl_lossy,q_auto/ws-pilevneli/usr/exhibitions/images/exhibitions/43/happy-birthday-1.gif",media/43ab9f86ea367f80609e815a.gif,saved,46666
"https://static-assets.artlogic.net/w_1600,h_1600,c_limit,f_auto,fl_lossy,q_auto/ws-pilevneli/usr/exhibitions/images/exhibitions/43/hummingbird.gif",media/0f69d1d32b766c51aad3c494.gif,saved,178392
"https://static-assets.artlogic.net/w_1600,h_1600,c_limit,f_auto,fl_lossy,q_auto/ws-pilevneli/usr/exhibitions/images/exhibitions/43/celeste-smoking-4.gif",media/462de1e5fc44e130c739b695.gif,saved,21372
"https://static-assets.artlogic.net/w_1600,h_1600,c_limit,f_auto,fl_lossy,q_auto/ws-pilevneli/usr/images/exhibitions/images_and_objects/43/2011-sabena4_pv.gif",media/718997da07b88f614c735bff.gif,saved,703900
"https://static-assets.artlogic.net/w_1600,h_1600,c_limit,f_auto,fl_lossy,q_auto/ws-pilevneli/usr/images/exhibitions/images_and_objects/43/2.gif",media/9d3bf1e846c65934ea0ebfa5.gif,saved,752778
"https://static-assets.artlogic.net/w_1600,h_1600,c_limit,f_auto,fl_lossy,q_auto/ws-pilevneli/usr/exhibitions/images/exhibitions/43/the-witch-on-the-tree-of-life-iii_lh.gif",media/7df4c6593873601473b99644.gif,saved,108886
"https://static-assets.artlogic.net/w_1600,h_1600,c_limit,f_auto,fl_lossy,q_auto/ws-pilevneli/usr/exhibitions/images/exhibitions/43/whatsapp-image-2021-06-29-at-9.19.gif",media/d7ba055eae976f70bb413551.gif,saved,50948
"https://static-assets.artlogic.net/w_1600,h_1600,c_limit,f_auto,fl_lossy,q_auto/ws-pilevneli/usr/exhibitions/images/exhibitions/43/whatsapp-image-2021-08-11-at-17.01.gif",media/43a6bbbadc7997638ea98d22.gif,saved,82898
"https://static-assets.artlogic.net/w_1600,h_1600,c_limit,f_auto,fl_lossy,q_auto/ws-pilevneli/usr/exhibitions/images/exhibitions/43/jh_i_120_01.gif",media/267c634e40f4d7ce20a35820.gif,saved,246136
"https://static-assets.artlogic.net/w_1600,h_1600,c_limit,f_auto,fl_lossy,q_auto/ws-pilevneli/usr/exhibitions/images/exhibitions/43/jsh_s_53_00.gif",media/8b4bb6d63dd7cb831599d163.gif,saved,173618
"https://static-assets.artlogic.net/w_1600,h_1600,c_limit,f_auto,fl_lossy,q_auto/ws-pilevneli/usr/exhibitions/images/exhibitions/43/p_10164.gif",media/37cecd8d1fa8c13bb24fef66.gif,saved,20238
"https://static-assets.artlogic.net/w_1600,h_1600,c_limit,f_auto,fl_lossy,q_auto/ws-pilevneli/usr/exhibitions/images/exhibitions/43/p_10160.gif",media/8ed73603a5c270a049671921.gif,saved,28004
"https://static-assets.artlogic.net/w_1600,h_1600,c_limit,f_auto,fl_lossy,q_auto/ws-pilevneli/usr/exhibitions/images/exhibitions/43/p_10159.gif",media/1f0b101b9d4e246015c8319b.gif,saved,38410
"https://static-assets.artlogic.net/w_1600,h_1600,c_limit,f_auto,fl_lossy,q_auto/ws-pilevneli/usr/exhibitions/images/exhibitions/43/p_10165.gif",media/a2438b9a29b565bab4b62c07.gif,saved,20902
"https://static-assets.artlogic.net/w_1600,h_1600,c_limit,f_auto,fl_lossy,q_auto/ws-pilevneli/usr/exhibitions/images/exhibitions/43/jcr_a053400_368776_master.gif",media/41299e4bd57f1557edbb7747.gif,saved,72812
"https://static-assets.artlogic.net/w_1600,h_1600,c_limit,f_auto,fl_lossy,q_auto/ws-pilevneli/usr/exhibitions/images/exhibitions/43/jcr_a053401_368777_master-2.gif",media/6d05b332b59967b48e87283b.gif,saved,79330
"https://static-assets.artlogic.net/w_1600,h_1600,c_limit,f_auto,fl_lossy,q_auto/ws-pilevneli/usr/exhibitions/images/exhibitions/43/jda_s_50_00.gif",media/a25686140f080152454a9d1f.gif,saved,15764
"https://static-assets.artlogic.net/w_1600,h_1600,c_limit,f_auto,fl_lossy,q_auto/ws-pilevneli/usr/images/exhibitions/images_and_objects/43/kg_m_187_000.gif",media/9cad9df50e982a9ae92b8ada.gif,saved,136652
"https://static-assets.artlogic.net/w_1600,h_1600,c_limit,f_auto,fl_lossy,q_auto/ws-pilevneli/usr/exhibitions/images/exhibitions/43/km_s_104_00.gif",media/6c75ef3370e759a42e714a15.gif,saved,185264
"https://static-assets.artlogic.net/w_1600,h_1600,c_limit,f_auto,fl_lossy,q_auto/ws-pilevneli/usr/images/exhibitions/images_and_objects/43/mwe_p_40_0012.gif",media/32a466ea02edd5e7bc2acb4c.gif,saved,244620
"https://static-assets.artlogic.net/w_1600,h_1600,c_limit,f_auto,fl_lossy,q_auto/ws-pilevneli/usr/exhibitions/images/exhibitions/43/screen-shot-2021-07-06-at-20.33.gif",media/025514f2ae8fe93c68c9e1be.gif,saved,147816
"https://static-assets.artlogic.net/w_1600,h_1600,c_limit,f_auto,fl_lossy,q_auto/ws-pilevneli/usr/exhibitions/images/exhibitions/43/screen-shot-2021-07-06-at-20.32.gif",media/486def54228364928b97279b.gif,saved,127828
"https://static-assets.artlogic.net/w_1600,h_1600,c_limit,f_auto,fl_lossy,q_auto/ws-pilevneli/usr/exhibitions/images/exhibitions/43/img_9670.gif",media/fe61ab0f678f8a3ce88f5995.gif,saved,77488
"https://static-assets.artlogic.net/w_1600,h_1600,c_limit,f_auto,fl_lossy,q_auto/ws-pilevneli/usr/exhibitions/images/exhibitions/43/nbi_m_15_005.gif",media/6ec54b473f873dee9ca5bd02.gif,saved,167038
"https://static-assets.artlogic.net/w_1600,h_1600,c_limit,f_auto,fl_lossy,q_auto/ws-pilevneli/usr/exhibitions/images/exhibitions/43/ai-data-sculpture-iss-mro-hubble-1.gif",media/773d115d4525a4ee31ca218e.gif,saved,479312
"https://static-assets.artlogic.net/w_1600,h_1600,c_limit,f_auto,fl_lossy,q_auto/ws-pilevneli/usr/exhibitions/images/exhibitions/43/mh-iss-dreams-a.gif",media/3cd2584352fb97eefefac9fb.gif,saved,608380
"https://static-assets.artlogic.net/w_1600,h_1600,c_limit,f_auto,fl_lossy,q_auto/ws-pilevneli/usr/exhibitions/images/exhibitions/43/mh-iss-dreams-b.gif",media/69b97a23e38ee2394c00d700.gif,saved,433296
"https://static-assets.artlogic.net/w_1600,h_1600,c_limit,f_auto,fl_lossy,q_auto/ws-pilevneli/usr/exhibitions/images/exhibitions/43/mh-hubble-c.gif",media/de6c04a1da7b153f27010715.gif,saved,506426
"https://static-assets.artlogic.net/w_1600,h_1600,c_limit,f_auto,fl_lossy,q_auto/ws-pilevneli/usr/exhibitions/images/exhibitions/43/bosphorus.gif",media/5313d64fe89c7d5744057b87.gif,saved,119284
"https://static-assets.artlogic.net/w_1600,h_1600,c_limit,f_auto,fl_lossy,q_auto/ws-pilevneli/usr/exhibitions/images/exhibitions/43/melting-memories.gif",media/20442435c69b2c291a96e2b7.gif,saved,30688
"https://static-assets.artlogic.net/w_1600,h_1600,c_limit,f_auto,fl_lossy,q_auto/ws-pilevneli/usr/exhibitions/images/exhibitions/43/screen-shot-2021-06-27-at-10.56.gif",media/b423119ad7f1fab860a5601e.gif,saved,25150
"https://static-assets.artlogic.net/w_1600,h_1600,c_limit,f_auto,fl_lossy,q_auto/ws-pilevneli/usr/exhibitions/images/exhibitions/43/screen-shot-2021-06-27-at-10.56323.gif",media/cb4cb3c491a20ae184d6f41e.gif,saved,83190
"https://static-assets.artlogic.net/w_1600,h_1600,c_limit,f_auto,fl_lossy,q_auto/ws-pilevneli/usr/exhibitions/images/exhibitions/43/shelia-hicks.gif",media/89b79d3097faa077e7d759a6.gif,saved,40088
"https://static-assets.artlogic.net/w_1600,h_1600,c_limit,f_auto,fl_lossy,q_auto/ws-pilevneli/usr/exhibitions/images/exhibitions/43/shelia-hicks-red.gif",media/0714b852694646671fc6ea5e.gif,saved,318364
"https://static-assets.artlogic.net/w_1600,h_1600,c_limit,f_auto,fl_lossy,q_auto/ws-pilevneli/usr/exhibitions/images/exhibitions/43/supermuslim.gif",media/c49411bcb787a1e31e86fdf9.gif,saved,99840
"https://static-assets.artlogic.net/w_1600,h_1600,c_limit,f_auto,fl_lossy,q_auto/ws-pilevneli/usr/exhibitions/images/exhibitions/43/lets_collab.gif",media/18bda6a3b9b42df25bd04306.gif,saved,227266
"https://static-assets.artlogic.net/w_1600,h_1600,c_limit,f_auto,fl_lossy,q_auto/ws-pilevneli/usr/exhibitions/images/exhibitions/43/whatsapp-image-2021-08-11-at-16.09.gif",media/a413d85ed9c8feb8c765ab27.gif,saved,148562
"https://static-assets.artlogic.net/w_1600,h_1600,c_limit,f_auto,fl_lossy,q_auto/ws-pilevneli/usr/exhibitions/images/exhibitions/43/tt_s_207_00.gif",media/1b889e8c54d7744b5b5e3bbc.gif,saved,72038
"https://static-assets.artlogic.net/w_1600,h_1600,c_limit,f_auto,fl_lossy,q_auto/ws-pilevneli/usr/exhibitions/images/exhibitions/43/tt_s_209_00.gif",media/5c594cb20a6ec09bb797ebb4.gif,saved,97204
"https://static-assets.artlogic.net/w_1600,h_1600,c_limit,f_auto,fl_lossy,q_auto/ws-pilevneli/usr/exhibitions/images/exhibitions/43/tayfun.gif",media/8ae51c0dd95b4a4139a2095e.gif,saved,97190
"https://static-assets.artlogic.net/w_1600,h_1600,c_limit,f_auto,fl_lossy,q_auto/ws-pilevneli/usr/exhibitions/images/exhibitions/43/the-gathering_2021_oilonlinen_73x84cm.gif",media/86f02ae65436d684175cc1cf.gif,saved,316228
"https://static-assets.artlogic.net/w_1600,h_1600,c_limit,f_auto,fl_lossy,q_auto/ws-pilevneli/usr/exhibitions/images/exhibitions/43/the-conclusion_2021_oil-on-linen_94-x108cm.gif",media/4df3124d6235ef86e5ce1489.gif,saved,176580
"https://static-assets.artlogic.net/w_1600,h_1600,c_limit,f_auto,fl_lossy,q_auto/ws-pilevneli/usr/exhibitions/images/exhibitions/43/zor.gif",media/f27fbb38ab2bd688272d56bb.gif,saved,57328
"https://static-assets.artlogic.net/w_1600,h_1600,c_limit,f_auto,fl_lossy,q_auto/ws-pilevneli/usr/images/exhibitions/group_images_override/44/201467072_156014643229798_8160862722302251209_n.gif",media/722ca6f350d5cec57fa53b91.gif,saved,88904
"https://static-assets.artlogic.net/w_1600,h_1600,c_limit,f_auto,fl_lossy,q_auto/ws-pilevneli/usr/images/artists/artwork_image_for_artists_page/items/81/81709d879df94d39a0d354b2d7144c9d/ae3031.gif",media/62981859445cc21d3537db9b.gif,saved,170634
"https://static-assets.artlogic.net/w_1600,h_1600,c_limit,f_auto,fl_lossy,q_auto/ws-pilevneli/usr/images/artists/artwork_image_for_artists_page/items/eb/eb5f19a102704085b4f2bb3580663ebd/tarik-tore.gif",media/60b6adc6f3539d98832b1481.gif,saved,159908
"https://static-assets.artlogic.net/w_1600,h_1600,c_limit,f_auto,fl_lossy,q_auto/ws-pilevneli/usr/exhibitions/images/exhibitions/44/mh-iss-dreams-a.gif",media/74aef9681b83b8a227c0489d.gif,saved,608380
"https://static-assets.artlogic.net/w_1600,h_1600,c_limit,f_auto,fl_lossy,q_auto/ws-pilevneli/usr/exhibitions/images/exhibitions/44/mh-mro-a.gif",media/edf61907d168b64a3f635758.gif,saved,447540
"https://static-assets.artlogic.net/w_1600,h_1600,c_limit,f_auto,fl_lossy,q_auto/ws-pilevneli/usr/exhibitions/images/exhibitions/44/p_10165.gif",media/35031040b13856b9ef478600.gif,saved,20902
"https://static-assets.artlogic.net/w_1600,h_1600,c_limit,f_auto,fl_lossy,q_auto/ws-pilevneli/usr/exhibitions/images/exhibitions/44/p_10164.gif",media/972db0a35518bc8fdd8ec733.gif,saved,20238
"https://static-assets.artlogic.net/w_1600,h_1600,c_limit,f_auto,fl_lossy,q_auto/ws-pilevneli/usr/exhibitions/images/exhibitions/44/p_10160.gif",media/2cba96ee0943b3e2d1e4da99.gif,saved,28004
"https://static-assets.artlogic.net/w_1600,h_1600,c_limit,f_auto,fl_lossy,q_auto/ws-pilevneli/usr/exhibitions/images/exhibitions/44/p_10159.gif",media/03ce31af9f14d4fe1353e502.gif,saved,38410
"https://static-assets.artlogic.net/w_1600,h_1600,c_limit,f_auto,fl_lossy,q_auto/ws-pilevneli/usr/exhibitions/images/exhibitions/44/ali-elmac-yen-.gif",media/fd32d709dd9fb4ce2b7550d4.gif,saved,353120
"https://static-assets.artlogic.net/w_1600,h_1600,c_limit,f_auto,fl_lossy,q_auto/ws-pilevneli/usr/exhibitions/images/exhibitions/44/_11284-copy.gif",media/6041691327664ea4ee1eecc0.gif,saved,469272
"https://static-assets.artlogic.net/w_1600,h_1600,c_limit,f_auto,fl_lossy,q_auto/ws-pilevneli/usr/exhibitions/images/exhibitions/44/_11283-copy.gif",media/ba4ec03a3bb119610c06e48d.gif,saved,359006
"https://static-assets.artlogic.net/w_1600,h_1600,c_limit,f_auto,fl_lossy,q_auto/ws-pilevneli/usr/exhibitions/images/exhibitions/44/pilevneli_mandarin-15-.gif",media/7a3deed65fc2ef4fd33f5b1f.gif,saved,48008
"https://static-assets.artlogic.net/w_1600,h_1600,c_limit,f_auto,fl_lossy,q_auto/ws-pilevneli/usr/exhibitions/images/exhibitions/44/pilevneli_mandarin-45-.gif",media/e9a8e15c2ab551d24b636f80.gif,saved,32034
"https://static-assets.artlogic.net/w_1600,h_1600,c_limit,f_auto,fl_lossy,q_auto/ws-pilevneli/usr/exhibitions/images/exhibitions/44/cicek.jpg",media/c22c7f520b1a1389c22a1211.jpg,saved,144312
"https://static-assets.artlogic.net/w_1600,h_1600,c_limit,f_auto,fl_lossy,q_auto/ws-pilevneli/usr/exhibitions/images/exhibitions/44/ez_7.gif",media/d1df2be8a236595a5a310117.gif,saved,188092
"https://static-assets.artlogic.net/w_1600,h_1600,c_limit,f_auto,fl_lossy,q_auto/ws-pilevneli/usr/exhibitions/images/exhibitions/44/p_10093.gif",media/96056fa828570bffe58e7487.gif,saved,83318
"https://static-assets.artlogic.net/w_1600,h_1600,c_limit,f_auto,fl_lossy,q_auto/ws-pilevneli/usr/images/exhibitions/images_and_objects/44/p_10091-1new.gif",media/960543cae5dc76432dead30d.gif,saved,251214
"https://static-assets.artlogic.net/w_1600,h_1600,c_limit,f_auto,fl_lossy,q_auto/ws-pilevneli/usr/exhibitions/images/exhibitions/44/p_10092.gif",media/c54cf2af4fb14f642aad2431.gif,saved,169158
"https://static-assets.artlogic.net/w_1600,h_1600,c_limit,f_auto,fl_lossy,q_auto/ws-pilevneli/usr/exhibitions/images/exhibitions/45/_12272.gif",media/aca77809b72ef54354c58d53.gif,saved,109972
"https://static-assets.artlogic.net/w_1600,h_1600,c_limit,f_auto,fl_lossy,q_auto/ws-pilevneli/usr/exhibitions/images/exhibitions/45/_12263.gif",media/2b5baeba3e410ca472c28d11.gif,saved,151282
"https://static-assets.artlogic.net/w_1600,h_1600,c_limit,f_auto,fl_lossy,q_auto/ws-pilevneli/usr/exhibitions/images/exhibitions/45/_12233-n-net.gif",media/309ede61b55db051974b0392.gif,saved,63832
"https://static-assets.artlogic.net/w_1600,h_1600,c_limit,f_auto,fl_lossy,q_auto/ws-pilevneli/usr/exhibitions/images/exhibitions/45/_12247-arka.gif",media/bcc08f3dc8047ec8f4b33197.gif,saved,68678
"https://static-assets.artlogic.net/w_1600,h_1600,c_limit,f_auto,fl_lossy,q_auto/ws-pilevneli/usr/exhibitions/images/exhibitions/45/_12260-n.gif",media/3b1b87eb38383d54a88542ab.gif,saved,98794
"https://static-assets.artlogic.net/w_1600,h_1600,c_limit,f_auto,fl_lossy,q_auto/ws-pilevneli/usr/exhibitions/images/exhibitions/45/_12254-arka.gif",media/2d67bcbbb8a5378ebc556bbf.gif,saved,127958
"https://static-assets.artlogic.net/w_1600,h_1600,c_limit,f_auto,fl_lossy,q_auto/ws-pilevneli/usr/exhibitions/images/exhibitions/45/_12246-n.gif",media/a7e8904925cf44a613396981.gif,saved,138964
"https://static-assets.artlogic.net/w_1600,h_1600,c_limit,f_auto,fl_lossy,q_auto/ws-pilevneli/usr/exhibitions/images/exhibitions/45/_12241-n.gif",media/25b12a0971fe6158667cbf8b.gif,saved,58336
"https://static-assets.artlogic.net/w_1600,h_1600,c_limit,f_auto,fl_lossy,q_auto/ws-pilevneli/usr/exhibitions/images/exhibitions/45/_12277.gif",media/6ca250d28536c5b0b18e89ed.gif,saved,107676
"https://static-assets.artlogic.net/w_1600,h_1600,c_limit,f_auto,fl_lossy,q_auto/ws-pilevneli/usr/exhibitions/images/exhibitions/45/_ariklevy_lovemetender_-_2014__photo.gif",media/c11160392e0c1a3c3da62cf3.gif,saved,26684
"https://static-assets.artlogic.net/w_1600,h_1600,c_limit,f_auto,fl_lossy,q_auto/ws-pilevneli/usr/exhibitions/images/exhibitions/45/932973f6-6fff-4d2a-9d77-0c271cd6a40a_dscf4661.jpg",media/1cf035be8bf313303388a019.jpg,saved,90796
"https://static-assets.artlogic.net/w_1600,h_1600,c_limit,f_auto,fl_lossy,q_auto/ws-pilevneli/usr/exhibitions/images/exhibitions/45/5e64b7c9-adc3-404f-8c00-5ecc76f5866f_eca-100x70cm-copie.jpg",media/d1ab495ee15f11adfdbd8c1b.jpg,saved,78814
"https://static-assets.artlogic.net/w_1600,h_1600,c_limit,f_auto,fl_lossy,q_auto/ws-pilevneli/usr/exhibitions/images/exhibitions/45/07c380f1-0b06-4b13-bba9-33106d20b3e1_dscf3912.jpg",media/60a23ef70554183cf1c6ebce.jpg,saved,53482
"https://static-assets.artlogic.net/w_1600,h_1600,c_limit,f_auto,fl_lossy,q_auto/ws-pilevneli/usr/exhibitions/images/exhibitions/45/3b2f439e-99f9-40d5-b981-61388599db77_dscf3902.jpg",media/0fb3c8b8e8960d7c4af525ad.jpg,saved,69728
"https://static-assets.artlogic.net/w_1600,h_1600,c_limit,f_auto,fl_lossy,q_auto/ws-pilevneli/usr/exhibitions/images/exhibitions/45/06b9a36e-a2d4-4d41-ae6f-6b9858b473b0_dscf5025.jpg",media/1c1301f383e93318b7c7aa51.jpg,saved,144082
"https://static-assets.artlogic.net/w_1600,h_1600,c_limit,f_auto,fl_lossy,q_auto/ws-pilevneli/usr/exhibitions/images/exhibitions/45/a0d240f6-01cd-420b-899d-e7be5b692a17_painting-blue-206x90cm-zoeouvrier.full-copie.jpg",media/2ee226df70b396235aa61f80.jpg,saved,77068
"https://static-assets.artlogic.net/w_1600,h_1600,c_limit,f_auto,fl_lossy,q_auto/ws-pilevneli/usr/exhibitions/images/exhibitions/45/ekran-resmi-2021-08-25-13.47.49.png",media/099193d5cd2f9f0b5665377e.png,saved,48912
"https://static-assets.artlogic.net/w_1600,h_1600,c_limit,f_auto,fl_lossy,q_auto/ws-pilevneli/usr/exhibitions/images/exhibitions/45/ekran-resmi-2021-08-25-13.52.00.png",media/b9c022d2cc21953a70aaaebb.png,saved,50674
"https://static-assets.artlogic.net/w_1600,h_1600,c_limit,f_auto,fl_lossy,q_auto/ws-pilevneli/usr/exhibitions/images/exhibitions/45/ekran-resmi-2021-08-25-13.54.25.png",media/2f6ad0ecd8d81759e1d7dd74.png,saved,47904
"https://static-assets.artlogic.net/w_1600,h_1600,c_limit,f_auto,fl_lossy,q_auto/ws-pilevneli/usr/exhibitions/images/exhibitions/45/ekran-resmi-2021-08-25-13.56.39.png",media/4495eeac006fd78fdbeaadbc.png,saved,75442
"https://static-assets.artlogic.net/w_1600,h_1600,c_limit,f_auto,fl_lossy,q_auto/ws-pilevneli/usr/exhibitions/images/exhibitions/45/_ariklevy_crossfacet_dsc6603.gif",media/1b498306ad96ba70142ef1d3.gif,saved,74166
"https://static-assets.artlogic.net/w_1600,h_1600,c_limit,f_auto,fl_lossy,q_auto/ws-pilevneli/usr/exhibitions/images/exhibitions/45/_ariklevy_crossfacet_dsc6596.gif",media/6456eaaae5e3334202c33bbb.gif,saved,97842
"https://static-assets.artlogic.net/w_1600,h_1600,c_limit,f_auto,fl_lossy,q_auto/ws-pilevneli/usr/exhibitions/images/exhibitions/45/_ariklevy_ghost41bronze_dsc5859.gif",media/509914679af5a8d4f3a9973d.gif,saved,40996
"https://static-assets.artlogic.net/w_1600,h_1600,c_limit,f_auto,fl_lossy,q_auto/ws-pilevneli/usr/exhibitions/images/exhibitions/45/ghost-plaster.gif",media/a34b92c481e419ea47298978.gif,saved,37288
"https://static-assets.artlogic.net/w_1600,h_1600,c_limit,f_auto,fl_lossy,q_auto/ws-pilevneli/usr/images/exhibitions/images_and_objects/45/ba-l-ks-z-1.gif",media/50c8ee41efd2e21d0a23ae47.gif,saved,38844
"https://static-assets.artlogic.net/w_1600,h_1600,c_limit,f_auto,fl_lossy,q_auto/ws-pilevneli/usr/images/exhibitions/images_and_objects/45/ba-l-ks-z-2.gif",media/441097161724a62a2111b84f.gif,saved,112402
"https://static-assets.artlogic.net/w_1600,h_1600,c_limit,f_auto,fl_lossy,q_auto/ws-pilevneli/usr/images/exhibitions/images_and_objects/45/ba-l-ks-z-3.gif",media/7e820e7aae79faa9f32a5f38.gif,saved,77332
"https://static-assets.artlogic.net/w_1600,h_1600,c_limit,f_auto,fl_lossy,q_auto/ws-pilevneli/usr/images/exhibitions/images_and_objects/45/ba-l-ks-z-4.gif",media/418599d8c12a24a6a8cdccc9.gif,saved,126180
"https://static-assets.artlogic.net/w_1600,h_1600,c_limit,f_auto,fl_lossy,q_auto/ws-pilevneli/usr/images/exhibitions/images_and_objects/45/ba-l-ks-z-5.gif",media/f99fa74d54ee71cc6f38e7d9.gif,saved,77902
"https://static-assets.artlogic.net/w_1600,h_1600,c_limit,f_auto,fl_lossy,q_auto/ws-pilevneli/usr/images/exhibitions/images_and_objects/45/ba-l-ks-z-6.gif",media/a67c18152e224115d207a5b8.gif,saved,72604
"https://static-assets.artlogic.net/w_1600,h_1600,c_limit,f_auto,fl_lossy,q_auto/ws-pilevneli/usr/exhibitions/images/exhibitions/45/microrocks-liquid-metal-zinc-.gif",media/32b23e00385037962396657a.gif,saved,30994
"https://static-assets.artlogic.net/w_1600,h_1600,c_limit,f_auto,fl_lossy,q_auto/ws-pilevneli/usr/exhibitions/images/exhibitions/45/_ariklevy_mrfwood_glass56_dsc5846.gif",media/407911305bfbce7ea4602fff.gif,saved,29990
"https://static-assets.artlogic.net/w_1600,h_1600,c_limit,f_auto,fl_lossy,q_auto/ws-pilevneli/usr/exhibitions/images/exhibitions/45/_ariklevy_microrockformation-glass-45_dsc5271.gif",media/e81a08f5375837b92df10ed4.gif,saved,20828
"https://static-assets.artlogic.net/w_1600,h_1600,c_limit,f_auto,fl_lossy,q_auto/ws-pilevneli/usr/exhibitions/images/exhibitions/45/_ariklevy_microrockformation-glass-67_dsc5290.gif",media/e4fef1b7158dc0cc2267c44f.gif,saved,22932
"https://static-assets.artlogic.net/w_1600,h_1600,c_limit,f_auto,fl_lossy,q_auto/ws-pilevneli/usr/exhibitions/images/exhibitions/45/_ariklevy_mrfwood88_dsc6400.gif",media/acf351bfeb5c52cb854af23d.gif,saved,20402
"https://static-assets.artlogic.net/w_1600,h_1600,c_limit,f_auto,fl_lossy,q_auto/ws-pilevneli/usr/exhibitions/images/exhibitions/45/_ariklevy_mrfwood54_dsc5746.gif",media/9bbe729a9ab1c516421e697f.gif,saved,24256
"https://static-assets.artlogic.net/w_1600,h_1600,c_limit,f_auto,fl_lossy,q_auto/ws-pilevneli/usr/exhibitions/images/exhibitions/45/rockfusion-small.gif",media/47b7cb2e81d3c82542a27e60.gif,saved,27134
"https://static-assets.artlogic.net/w_1600,h_1600,c_limit,f_auto,fl_lossy,q_auto/ws-pilevneli/usr/exhibitions/images/exhibitions/45/rockgrowth-58.gif",media/9b86173f5ce8589e95993763.gif,saved,57420
"https://static-assets.artlogic.net/w_1600,h_1600,c_limit,f_auto,fl_lossy,q_auto/ws-pilevneli/usr/exhibitions/images/exhibitions/45/8b766ef0506ec1f966fb352f84eba8abdc0e3f72_arik-levy-minirockphoto.gif",media/6e0d1bab598340a0dbdcae59.gif,saved,46136
"https://static-assets.artlogic.net/w_1600,h_1600,c_limit,f_auto,fl_lossy,q_auto/ws-pilevneli/usr/exhibitions/images/exhibitions/45/_arik_levy-rockstonebronze_50_photo.gif",media/aedf941c09ff57883ba2a5a2.gif,saved,14272
"https://static-assets.artlogic.net/w_1600,h_1600,c_limit,f_auto,fl_lossy,q_auto/ws-pilevneli/usr/exhibitions/images/exhibitions/45/solidliquidaqua.gif",media/37524dd1920a41cc4e5ecd21.gif,saved,13848
"https://static-assets.artlogic.net/w_1600,h_1600,c_limit,f_auto,fl_lossy,q_auto/ws-pilevneli/usr/exhibitions/images/exhibitions/45/solidliquidlightpurple.gif",media/6b392e5a93b6b86ce03eb50c.gif,saved,12268
"https://static-assets.artlogic.net/w_1600,h_1600,c_limit,f_auto,fl_lossy,q_auto/ws-pilevneli/usr/exhibitions/images/exhibitions/45/solidliquidbronze.gif",media/66233a62ac0bbe17b802e608.gif,saved,19128
"https://static-assets.artlogic.net/w_1600,h_1600,c_limit,f_auto,fl_lossy,q_auto/ws-pilevneli/usr/exhibitions/images/exhibitions/45/_ariklevy_thenewworldbronze_-_2016_-_pic_gabriel_-__img_002_.gif",media/a50c0bc565dff30a8a95bcde.gif,saved,27494
"https://static-assets.artlogic.net/w_1600,h_1600,c_limit,f_auto,fl_lossy,q_auto/ws-pilevneli/usr/exhibitions/images/exhibitions/45/rockformationtower-110-.gif",media/9b01c757b3fe56bb7d1fe1e3.gif,saved,691800
"https://static-assets.artlogic.net/w_1600,h_1600,c_limit,f_auto,fl_lossy,q_auto/ws-pilevneli/usr/exhibitions/images/exhibitions/45/rocktotem-181.gif",media/981eb307c6ef5af9920ea6d4.gif,saved,645476
"https://static-assets.artlogic.net/w_1600,h_1600,c_limit,f_auto,fl_lossy,q_auto/ws-pilevneli/usr/exhibitions/images/exhibitions/46/_ariklevy_lovemetender_-_2014__photo.gif",media/627db6dc7a87075ab9894488.gif,saved,26684
"https://static-assets.artlogic.net/w_1600,h_1600,c_limit,f_auto,fl_lossy,q_auto/ws-pilevneli/usr/exhibitions/images/exhibitions/46/_ariklevy_crossfacet_dsc6603.gif",media/9ae9c6f12ac7e0a892e9f464.gif,failed,"404 Client Error: Not Found for url: https://static-assets.artlogic.net/w_1600,h_1600,c_limit,f_auto,fl_lossy,q_auto/ws-pilevneli/usr/exhibitions/images/exhibitions/46/_ariklevy_cr"
"https://static-assets.artlogic.net/w_1600,h_1600,c_limit,f_auto,fl_lossy,q_auto/ws-pilevneli/usr/exhibitions/images/exhibitions/46/_ariklevy_crossfacet_dsc6596.gif",media/35741a8d128812ff75fd3ff5.gif,saved,97842
"https://static-assets.artlogic.net/w_1600,h_1600,c_limit,f_auto,fl_lossy,q_auto/ws-pilevneli/usr/exhibitions/images/exhibitions/46/_ariklevy_ghost41bronze_dsc5859.gif",media/c6d4e9675fe3d8a01ce073a9.gif,saved,40996
"https://static-assets.artlogic.net/w_1600,h_1600,c_limit,f_auto,fl_lossy,q_auto/ws-pilevneli/usr/exhibitions/images/exhibitions/46/ghost-plaster.gif",media/31c538fcb7fdcd3740009c0a.gif,saved,37288
"https://static-assets.artlogic.net/w_1600,h_1600,c_limit,f_auto,fl_lossy,q_auto/ws-pilevneli/usr/exhibitions/images/exhibitions/46/als_mercury_po201202_bronze_n_2_5_del_11_01_2021.gif",media/9484056b565865804e388aff.gif,saved,46102
"https://static-assets.artlogic.net/w_1600,h_1600,c_limit,f_auto,fl_lossy,q_auto/ws-pilevneli/usr/exhibitions/images/exhibitions/46/als_mercury_po201202_darkblue_n_5_5_del_11_01_2021.gif",media/a496044e18f4dd694bc26199.gif,saved,86254
"https://static-assets.artlogic.net/w_1600,h_1600,c_limit,f_auto,fl_lossy,q_auto/ws-pilevneli/usr/exhibitions/images/exhibitions/46/als_mercury_po201202_gold_n_3_5_del_11_01_2021.gif",media/6e71b365e0468411232d7b26.gif,saved,77060
"https://static-assets.artlogic.net/w_1600,h_1600,c_limit,f_auto,fl_lossy,q_auto/ws-pilevneli/usr/exhibitions/images/exhibitions/46/als_mercury_po201202_olivegreen_n_5_5_del_11_01_2021.gif",media/9894eef013a225a3072d7b27.gif,saved,116656
"https://static-assets.artlogic.net/w_1600,h_1600,c_limit,f_auto,fl_lossy,q_auto/ws-pilevneli/usr/exhibitions/images/exhibitions/46/als_mercury_po201202_purple_n_2_5_del_11_01_2021.gif",media/35767d2544ac9edff63b86ed.gif,saved,77926
"https://static-assets.artlogic.net/w_1600,h_1600,c_limit,f_auto,fl_lossy,q_auto/ws-pilevneli/usr/exhibitions/images/exhibitions/46/als_mercury_po201202_silver_n_5_9_del_11_01_2021.gif",media/6149f28913cec06eb92dd70b.gif,saved,76248
"https://static-assets.artlogic.net/w_1600,h_1600,c_limit,f_auto,fl_lossy,q_auto/ws-pilevneli/usr/exhibitions/images/exhibitions/46/microrocks-liquid-metal-zinc-.gif",media/b11222be53fe116c7ee6d443.gif,failed,"404 Client Error: Not Found for url: https://static-assets.artlogic.net/w_1600,h_1600,c_limit,f_auto,fl_lossy,q_auto/ws-pilevneli/usr/exhibitions/images/exhibitions/46/microrocks-l"
"https://static-assets.artlogic.net/w_1600,h_1600,c_limit,f_auto,fl_lossy,q_auto/ws-pilevneli/usr/exhibitions/images/exhibitions/46/_ariklevy_mrfwood_glass56_dsc5846.gif",media/1dc353a4a6f364907c910eae.gif,saved,29990
"https://static-assets.artlogic.net/w_1600,h_1600,c_limit,f_auto,fl_lossy,q_auto/ws-pilevneli/usr/exhibitions/images/exhibitions/46/_ariklevy_microrockformation-glass-45_dsc5271.gif",media/833ac72cd143d0521b8c5762.gif,failed,"404 Client Error: Not Found for url: https://static-assets.artlogic.net/w_1600,h_1600,c_limit,f_auto,fl_lossy,q_auto/ws-pilevneli/usr/exhibitions/images/exhibitions/46/_ariklevy_mi"
"https://static-assets.artlogic.net/w_1600,h_1600,c_limit,f_auto,fl_lossy,q_auto/ws-pilevneli/usr/exhibitions/images/exhibitions/46/_ariklevy_microrockformation-glass-67_dsc5290.gif",media/b8b94fc588f057ccc7540a51.gif,saved,22932
"https://static-assets.artlogic.net/w_1600,h_1600,c_limit,f_auto,fl_lossy,q_auto/ws-pilevneli/usr/exhibitions/images/exhibitions/46/_ariklevy_mrfwood88_dsc6400.gif",media/3eb90dc16145a3ce0ecf9958.gif,saved,20402
"https://static-assets.artlogic.net/w_1600,h_1600,c_limit,f_auto,fl_lossy,q_auto/ws-pilevneli/usr/exhibitions/images/exhibitions/46/_ariklevy_mrfwood54_dsc5746.gif",media/176a108e943f57b5e42026d6.gif,saved,24256
"https://static-assets.artlogic.net/w_1600,h_1600,c_limit,f_auto,fl_lossy,q_auto/ws-pilevneli/usr/exhibitions/images/exhibitions/46/rockfusion-small.gif",media/b551482c9843b96ab28703c0.gif,saved,27134
"https://static-assets.artlogic.net/w_1600,h_1600,c_limit,f_auto,fl_lossy,q_auto/ws-pilevneli/usr/exhibitions/images/exhibitions/46/rockgrowth-58.gif",media/40055e4ff90f946f77ca7a61.gif,failed,"404 Client Error: Not Found for url: https://static-assets.artlogic.net/w_1600,h_1600,c_limit,f_auto,fl_lossy,q_auto/ws-pilevneli/usr/exhibitions/images/exhibitions/46/rockgrowth-5"
"https://static-assets.artlogic.net/w_1600,h_1600,c_limit,f_auto,fl_lossy,q_auto/ws-pilevneli/usr/exhibitions/images/exhibitions/46/8b766ef0506ec1f966fb352f84eba8abdc0e3f72_arik-levy-minirockphoto.gif",media/143993e1a08d7a26ffa242a5.gif,saved,46136
"https://static-assets.artlogic.net/w_1600,h_1600,c_limit,f_auto,fl_lossy,q_auto/ws-pilevneli/usr/exhibitions/images/exhibitions/46/_arik_levy-rockstonebronze_50_photo.gif",media/d2555800cd48f80dd8fa8d38.gif,saved,14272
"https://static-assets.artlogic.net/w_1600,h_1600,c_limit,f_auto,fl_lossy,q_auto/ws-pilevneli/usr/exhibitions/images/exhibitions/46/solidliquidaqua.gif",media/83d41b74b28c20ad01f09182.gif,saved,13848
"https://static-assets.artlogic.net/w_1600,h_1600,c_limit,f_auto,fl_lossy,q_auto/ws-pilevneli/usr/exhibitions/images/exhibitions/46/solidliquidlightpurple.gif",media/6982baa5f493f18d46f3d86e.gif,saved,12268
"https://static-assets.artlogic.net/w_1600,h_1600,c_limit,f_auto,fl_lossy,q_auto/ws-pilevneli/usr/exhibitions/images/exhibitions/46/solidliquidbronze.gif",media/4e55f2322bab7f093fedfa4d.gif,saved,19128
"https://static-assets.artlogic.net/w_1600,h_1600,c_limit,f_auto,fl_lossy,q_auto/ws-pilevneli/usr/exhibitions/images/exhibitions/46/_ariklevy_thenewworldbronze_-_2016_-_pic_gabriel_-__img_002_.gif",media/82dd768e18a28153656c68c8.gif,saved,27494
"https://static-assets.artlogic.net/w_1600,h_1600,c_limit,f_auto,fl_lossy,q_auto/ws-pilevneli/usr/exhibitions/images/exhibitions/46/rockformationtower-110-.gif",media/6d4af8021e19018fc274785d.gif,saved,691800
"https://static-assets.artlogic.net/w_1600,h_1600,c_limit,f_auto,fl_lossy,q_auto/ws-pilevneli/usr/exhibitions/images/exhibitions/46/rocktotem-181.gif",media/0fc4f2bd22f4da88af3a4cc9.gif,saved,645476
"https://static-assets.artlogic.net/w_1600,h_1600,c_limit,f_auto,fl_lossy,q_auto/ws-pilevneli/usr/exhibitions/images/exhibitions/47/240999581_381447570055866_3286732283420613503_n.gif",media/38a7cb284f8d50ebf1ea76f6.gif,saved,67422
"https://static-assets.artlogic.net/w_1600,h_1600,c_limit,f_auto,fl_lossy,q_auto/ws-pilevneli/usr/images/artists/artwork_image_for_artists_page/items/c5/c539f5727a0240d799b04755c0ab2204/234905754_904093200204375_4311511332967400297_n.gif",media/7b00b1ae2ca7f2bff4eba98c.gif,failed,"404 Client Error: Not Found for url: https://static-assets.artlogic.net/w_1600,h_1600,c_limit,f_auto,fl_lossy,q_auto/ws-pilevneli/usr/images/artists/artwork_image_for_artists_page/"
"https://static-assets.artlogic.net/w_1600,h_1600,c_limit,f_auto,fl_lossy,q_auto/ws-pilevneli/usr/images/exhibitions/group_images_override/47/renklerin-tefekkuru-2-two.1.jpg",media/b9bec9142d6fa1b2ffbd7067.jpg,saved,751520
"https://static-assets.artlogic.net/w_1600,h_1600,c_limit,f_auto,fl_lossy,q_auto/ws-pilevneli/usr/exhibitions/images/exhibitions/47/renklerin-tefekkuru-0-zero.gif",media/6e30e6789a45458deff994dd.gif,saved,701714
"https://static-assets.artlogic.net/w_1600,h_1600,c_limit,f_auto,fl_lossy,q_auto/ws-pilevneli/usr/exhibitions/images/exhibitions/47/renklerin-tefekkuru-1-one.gif",media/f24c50118c808a63653ddad1.gif,saved,500056
"https://static-assets.artlogic.net/w_1600,h_1600,c_limit,f_auto,fl_lossy,q_auto/ws-pilevneli/usr/exhibitions/images/exhibitions/47/renklerin-tefekkuru-2-two.gif",media/63274591c92c08d974efd4e8.gif,saved,706254
"https://static-assets.artlogic.net/w_1600,h_1600,c_limit,f_auto,fl_lossy,q_auto/ws-pilevneli/usr/exhibitions/images/exhibitions/47/renklerin-tefekkuru-3-three.gif",media/766fe568a94d98caf60b68c2.gif,saved,545078
"https://static-assets.artlogic.net/w_1600,h_1600,c_limit,f_auto,fl_lossy,q_auto/ws-pilevneli/usr/exhibitions/images/exhibitions/47/renklerin-tefekkuru-4-four.gif",media/657bc7757cc3642217ced59f.gif,saved,531578
"https://static-assets.artlogic.net/w_1600,h_1600,c_limit,f_auto,fl_lossy,q_auto/ws-pilevneli/usr/exhibitions/images/exhibitions/47/renklerin-tefekkuru-5-five.gif",media/4fc0bb7d06e0cf7345080750.gif,saved,769140
"https://static-assets.artlogic.net/w_1600,h_1600,c_limit,f_auto,fl_lossy,q_auto/ws-pilevneli/usr/exhibitions/images/exhibitions/47/renklerin-tefekkuru-6-six.gif",media/a219162dae0701a4df74996f.gif,saved,571658
"https://static-assets.artlogic.net/w_1600,h_1600,c_limit,f_auto,fl_lossy,q_auto/ws-pilevneli/usr/exhibitions/images/exhibitions/47/renklerin-tefekkuru-7-seven.gif",media/7e0ded336523ff2cf3ebfe76.gif,saved,683854
"https://static-assets.artlogic.net/w_1600,h_1600,c_limit,f_auto,fl_lossy,q_auto/ws-pilevneli/usr/exhibitions/images/exhibitions/47/renklerin_teffek-r-109.gif",media/fb2901f49ae1e15c55b6d947.gif,saved,593232
"https://static-assets.artlogic.net/w_1600,h_1600,c_limit,f_auto,fl_lossy,q_auto/ws-pilevneli/usr/exhibitions/images/exhibitions/47/renklerin_teffek-r-112.gif",media/786a91c7cebaabbfec118660.gif,saved,498214
"https://static-assets.artlogic.net/w_1600,h_1600,c_limit,f_auto,fl_lossy,q_auto/ws-pilevneli/usr/exhibitions/images/exhibitions/47/renklerin_teffek-r-122.gif",media/e2bafd37ae1e121cb0f5f8ad.gif,saved,484096
"https://static-assets.artlogic.net/w_1600,h_1600,c_limit,f_auto,fl_lossy,q_auto/ws-pilevneli/usr/exhibitions/images/exhibitions/47/renklerin_teffek-r-100.gif",media/2c8f005f9263fea4fd808862.gif,saved,667820
"https://static-assets.artlogic.net/w_1600,h_1600,c_limit,f_auto,fl_lossy,q_auto/ws-pilevneli/usr/exhibitions/images/exhibitions/49/flowerrond_10_021.gif",media/0ba280c042d7cfcddadc6d3b.gif,saved,59262
"https://static-assets.artlogic.net/w_1600,h_1600,c_limit,f_auto,fl_lossy,q_auto/ws-pilevneli/usr/exhibitions/images/exhibitions/49/flowerrond_03_033.gif",media/61c789cc1bd87ca11ae2eea0.gif,saved,132090
"https://static-assets.artlogic.net/w_1600,h_1600,c_limit,f_auto,fl_lossy,q_auto/ws-pilevneli/usr/exhibitions/images/exhibitions/49/flowerrond_02_037.gif",media/e7532e8b8be34cb7f32e9312.gif,saved,181546
"https://static-assets.artlogic.net/w_1600,h_1600,c_limit,f_auto,fl_lossy,q_auto/ws-pilevneli/usr/exhibitions/images/exhibitions/49/flowerrond_08_017.gif",media/4dec5b0287655961c9dcc0fa.gif,saved,136798
"https://static-assets.artlogic.net/w_1600,h_1600,c_limit,f_auto,fl_lossy,q_auto/ws-pilevneli/usr/exhibitions/images/exhibitions/49/flowerrond_12-102.gif",media/914b326152dd295bd36331dd.gif,saved,241564
"https://static-assets.artlogic.net/w_1600,h_1600,c_limit,f_auto,fl_lossy,q_auto/ws-pilevneli/usr/exhibitions/images/exhibitions/49/flowerrond_05_088.gif",media/9260a0dcad85d28906fa3547.gif,saved,84732
"https://static-assets.artlogic.net/w_1600,h_1600,c_limit,f_auto,fl_lossy,q_auto/ws-pilevneli/usr/images/exhibitions/images_and_objects/49/18494-art-11j-gb.jpg",media/5c4d50fa00e968fe671c1429.jpg,saved,116438
"https://static-assets.artlogic.net/w_1600,h_1600,c_limit,f_auto,fl_lossy,q_auto/ws-pilevneli/usr/images/exhibitions/images_and_objects/49/10230-art-21g-gb.jpg",media/a88004eb1f9bfed4a96bed35.jpg,saved,103380
"https://static-assets.artlogic.net/w_1600,h_1600,c_limit,f_auto,fl_lossy,q_auto/ws-pilevneli/usr/images/exhibitions/images_and_objects/49/17631-art-09o-gb.jpg",media/d12562da39abae2223513283.jpg,saved,577018
"https://static-assets.artlogic.net/w_1600,h_1600,c_limit,f_auto,fl_lossy,q_auto/ws-pilevneli/usr/images/exhibitions/images_and_objects/49/17631-art-19n-gb.jpg",media/2b4cf9077fabd7b8e03d38ff.jpg,saved,213144
"https://static-assets.artlogic.net/w_1600,h_1600,c_limit,f_auto,fl_lossy,q_auto/ws-pilevneli/usr/images/exhibitions/images_and_objects/49/gbd19650101a001.jpg",media/631d8559dff53ce1e638b965.jpg,saved,103528
"https://static-assets.artlogic.net/w_1600,h_1600,c_limit,f_auto,fl_lossy,q_auto/ws-pilevneli/usr/exhibitions/images/exhibitions/49/52771931_407693043351495_661150237305921139_n.gif",media/60e330b0356d10f483a8f36e.gif,saved,86088
"https://static-assets.artlogic.net/w_1600,h_1600,c_limit,f_auto,fl_lossy,q_auto/ws-pilevneli/usr/exhibitions/images/exhibitions/49/_l2a994222.gif",media/5a5df536e1da32f14e8f202d.gif,saved,569764
"https://static-assets.artlogic.net/w_1600,h_1600,c_limit,f_auto,fl_lossy,q_auto/ws-pilevneli/usr/exhibitions/images/exhibitions/49/_l2a99466.gif",media/3492d8e3e2822bbd07508085.gif,saved,695154
"https://static-assets.artlogic.net/w_1600,h_1600,c_limit,f_auto,fl_lossy,q_auto/ws-pilevneli/usr/exhibitions/images/exhibitions/49/_l2a99444.gif",media/67b1fe59e0e4a2d3823b3e99.gif,saved,547844
"https://static-assets.artlogic.net/w_1600,h_1600,c_limit,f_auto,fl_lossy,q_auto/ws-pilevneli/usr/images/artists/artwork_image_for_artists_page/items/b8/b875609130a74954b3b5053cf539eda1/bjarne-melgaard.gif",media/50b64478c54cc67accc37274.gif,saved,226896
"https://static-assets.artlogic.net/w_1600,h_1600,c_limit,f_auto,fl_lossy,q_auto/ws-pilevneli/usr/images/artists/artwork_image_for_artists_page/items/f6/f68476c566de45f3aefbfb42fc1facd7/screen-shot-2023-03-16-at-4.08.22-pm-cropped-02.jpeg",media/b3bb3123d49f107194a99557.jpeg,saved,31562
"https://static-assets.artlogic.net/w_1600,h_1600,c_limit,f_auto,fl_lossy,q_auto/ws-pilevneli/usr/images/artists/artwork_image_for_artists_page/items/62/62a258a829ac4b03833b732291b32a10/bjarne.jpg",media/abd75e7f13ec3749a4f3811b.jpg,saved,156956
"https://static-assets.artlogic.net/w_1600,h_1600,c_limit,f_auto,fl_lossy,q_auto/ws-pilevneli/usr/images/publications/main_image/33/ahmetgunestekin.com-hafiza-odasi-istanbul-duplicate-1-hafiza-odasi-848x1024.jpg",media/aa096267c8a43dad8f3d5f98.jpg,saved,148588
"https://static-assets.artlogic.net/w_1600,h_1600,c_limit,f_auto,fl_lossy,q_auto/ws-pilevneli/usr/exhibitions/images/exhibitions/52/image12.gif",media/6ffd973e362f4543616a559a.gif,saved,164102
"https://static-assets.artlogic.net/w_1600,h_1600,c_limit,f_auto,fl_lossy,q_auto/ws-pilevneli/usr/images/artists/artwork_image_for_artists_page/items/32/3292961c17c44f79a257d41b2bed9d4e/serkan-sar-er-son.gif",media/593620de5cfcfbfbca6c3bd1.gif,saved,132982
"https://static-assets.artlogic.net/w_1600,h_1600,c_limit,f_auto,fl_lossy,q_auto/ws-pilevneli/usr/images/artists/artwork_image_for_artists_page/items/0c/0c0819b264d04353a4810776721ea4cd/imageeee.jpg",media/604f3bb33da99f1b7c9898c3.jpg,saved,112056
"https://static-assets.artlogic.net/w_1600,h_1600,c_limit,f_auto,fl_lossy,q_auto/ws-pilevneli/usr/exhibitions/images/exhibitions/53/al-_6462-.jpg",media/6fe0754a3c9cf08a787336f1.jpg,saved,65970
"https://static-assets.artlogic.net/w_1600,h_1600,c_limit,f_auto,fl_lossy,q_auto/ws-pilevneli/usr/exhibitions/images/exhibitions/53/al-_6465.jpg",media/13dc8eee0d90f47f9a730ddd.jpg,saved,70084
"https://static-assets.artlogic.net/w_1600,h_1600,c_limit,f_auto,fl_lossy,q_auto/ws-pilevneli/usr/exhibitions/images/exhibitions/53/al-_6471.jpg",media/62d2c1b377f0d85c6df038f8.jpg,saved,60880
"https://static-assets.artlogic.net/w_1600,h_1600,c_limit,f_auto,fl_lossy,q_auto/ws-pilevneli/usr/exhibitions/images/exhibitions/53/al-_6473-.jpg",media/cee70a1745beee0c1b66b725.jpg,saved,74762
"https://static-assets.artlogic.net/w_1600,h_1600,c_limit,f_auto,fl_lossy,q_auto/ws-pilevneli/usr/exhibitions/images/exhibitions/53/al-_6476-.jpg",media/bd5eeeb53f71fd6d9315be64.jpg,saved,77942
"https://static-assets.artlogic.net/w_1600,h_1600,c_limit,f_auto,fl_lossy,q_auto/ws-pilevneli/usr/exhibitions/images/exhibitions/53/al-_6494.jpg",media/8aa465b2572b3482f74032c2.jpg,saved,50584
"https://static-assets.artlogic.net/w_1600,h_1600,c_limit,f_auto,fl_lossy,q_auto/ws-pilevneli/usr/exhibitions/images/exhibitions/53/al-_6421.jpg",media/f2bf6fc9039c57f6c6759ea8.jpg,saved,135386
"https://static-assets.artlogic.net/w_1600,h_1600,c_limit,f_auto,fl_lossy,q_auto/ws-pilevneli/usr/exhibitions/images/exhibitions/53/al-_6460.jpg",media/d20e790069e5d55002be07b0.jpg,saved,72368
"https://static-assets.artlogic.net/w_1600,h_1600,c_limit,f_auto,fl_lossy,q_auto/ws-pilevneli/usr/exhibitions/images/exhibitions/53/al-_6457.jpg",media/ca5396d5e1fc6454b3199e3b.jpg,saved,72904
"https://static-assets.artlogic.net/w_1600,h_1600,c_limit,f_auto,fl_lossy,q_auto/ws-pilevneli/usr/exhibitions/images/exhibitions/53/al-_6430.jpg",media/b932a59398e579f7232b4bdd.jpg,saved,61750
"https://static-assets.artlogic.net/w_1600,h_1600,c_limit,f_auto,fl_lossy,q_auto/ws-pilevneli/usr/exhibitions/images/exhibitions/53/al-_6452.jpg",media/8e2aa12112fe28535dd53db0.jpg,saved,65200
"https://static-assets.artlogic.net/w_1600,h_1600,c_limit,f_auto,fl_lossy,q_auto/ws-pilevneli/usr/exhibitions/images/exhibitions/53/al-_6425.jpg",media/ae550cbea3af2211054b3060.jpg,saved,63480
"https://static-assets.artlogic.net/w_1600,h_1600,c_limit,f_auto,fl_lossy,q_auto/ws-pilevneli/usr/exhibitions/images/exhibitions/53/al-_6455.jpg",media/b771949c4eee88481a81385f.jpg,saved,63332
"https://static-assets.artlogic.net/w_1600,h_1600,c_limit,f_auto,fl_lossy,q_auto/ws-pilevneli/usr/exhibitions/images/exhibitions/53/al-_6438.jpg",media/e4eff815043a71396c013576.jpg,saved,114950
"https://static-assets.artlogic.net/w_1600,h_1600,c_limit,f_auto,fl_lossy,q_auto/ws-pilevneli/usr/exhibitions/images/exhibitions/53/al-_6496.jpg",media/53d34f343107388fcd662992.jpg,saved,58800
"https://static-assets.artlogic.net/w_1600,h_1600,c_limit,f_auto,fl_lossy,q_auto/ws-pilevneli/usr/exhibitions/images/exhibitions/53/al-_6497.jpg",media/a27f792a483112458e3507d6.jpg,saved,186858
"https://static-assets.artlogic.net/w_1600,h_1600,c_limit,f_auto,fl_lossy,q_auto/ws-pilevneli/usr/exhibitions/images/exhibitions/53/al-_6511.jpg",media/9eaa6ba698ea02ac4de13a8b.jpg,saved,75254
"https://static-assets.artlogic.net/w_1600,h_1600,c_limit,f_auto,fl_lossy,q_auto/ws-pilevneli/usr/exhibitions/images/exhibitions/53/al-_6502.jpg",media/b302ab345a3c2c98152551f2.jpg,saved,57236
"https://static-assets.artlogic.net/w_1600,h_1600,c_limit,f_auto,fl_lossy,q_auto/ws-pilevneli/usr/exhibitions/images/exhibitions/53/al-_6506.jpg",media/f9d356069bbfa0586a92a882.jpg,saved,60526
"https://static-assets.artlogic.net/w_1600,h_1600,c_limit,f_auto,fl_lossy,q_auto/ws-pilevneli/usr/exhibitions/images/exhibitions/53/al-_6507.jpg",media/2c1e8183a63dafb032a52813.jpg,saved,57412
"https://static-assets.artlogic.net/w_1600,h_1600,c_limit,f_auto,fl_lossy,q_auto/ws-pilevneli/usr/exhibitions/images/exhibitions/53/ariklevy-abstractstone-199_01.jpeg",media/3ea93bd8ecb5c555f1401c39.jpeg,saved,49460
"https://static-assets.artlogic.net/w_1600,h_1600,c_limit,f_auto,fl_lossy,q_auto/ws-pilevneli/usr/exhibitions/images/exhibitions/53/_ariklevy_cratercell150_corten_2020_.jpg",media/07a5f0143e216ac4641178cd.jpg,saved,377068
"https://static-assets.artlogic.net/w_1600,h_1600,c_limit,f_auto,fl_lossy,q_auto/ws-pilevneli/usr/exhibitions/images/exhibitions/53/ekran-resmi-2021-12-18-16.32.28.png",media/e6e9d5a36f5dd7b3124c04ad.png,saved,173474
"https://static-assets.artlogic.net/w_1600,h_1600,c_limit,f_auto,fl_lossy,q_auto/ws-pilevneli/usr/exhibitions/images/exhibitions/53/_arik_levy_ghost_214_facet.jpg",media/b4d60314d9dd4c987806b1a9.jpg,saved,33732
"https://static-assets.artlogic.net/w_1600,h_1600,c_limit,f_auto,fl_lossy,q_auto/ws-pilevneli/usr/exhibitions/images/exhibitions/53/_ariklevy_glassblockreflection32_dsc4843.jpg",media/04cb02c78b962006dd30ac2c.jpg,saved,13794
"https://static-assets.artlogic.net/w_1600,h_1600,c_limit,f_auto,fl_lossy,q_auto/ws-pilevneli/usr/exhibitions/images/exhibitions/53/_ariklevy_glassblockreflection32_glass.jpg",media/1c78dcfdbd40edfb7e535ee2.jpg,saved,78746
"https://static-assets.artlogic.net/w_1600,h_1600,c_limit,f_auto,fl_lossy,q_auto/ws-pilevneli/usr/exhibitions/images/exhibitions/53/_ariklevy_glassblockreflection42_dsc4796.jpg",media/081f8c545d8618eda0a63521.jpg,saved,22080
"https://static-assets.artlogic.net/w_1600,h_1600,c_limit,f_auto,fl_lossy,q_auto/ws-pilevneli/usr/exhibitions/images/exhibitions/53/_ariklevy_glassblockreflection42_dsc4799.jpg",media/6a355e718c25c54a5fc52dec.jpg,saved,20034
"https://static-assets.artlogic.net/w_1600,h_1600,c_limit,f_auto,fl_lossy,q_auto/ws-pilevneli/usr/exhibitions/images/exhibitions/53/ariklevy-logformationdependence-595.jpg",media/1d31350b15abbf4d8899276f.jpg,saved,56120
"https://static-assets.artlogic.net/w_1600,h_1600,c_limit,f_auto,fl_lossy,q_auto/ws-pilevneli/usr/exhibitions/images/exhibitions/53/ariklevy-logfusionwall-102-bronze_01.jpg",media/839e75d35351a17cd9501d08.jpg,saved,24564
"https://static-assets.artlogic.net/w_1600,h_1600,c_limit,f_auto,fl_lossy,q_auto/ws-pilevneli/usr/exhibitions/images/exhibitions/53/aquaturquoise.gif",media/ea738b72473ffa19c50399f1.gif,saved,255458
"https://static-assets.artlogic.net/w_1600,h_1600,c_limit,f_auto,fl_lossy,q_auto/ws-pilevneli/usr/exhibitions/images/exhibitions/53/black.gif",media/8d965e6bc9866905498adc98.gif,saved,192776
"https://static-assets.artlogic.net/w_1600,h_1600,c_limit,f_auto,fl_lossy,q_auto/ws-pilevneli/usr/exhibitions/images/exhibitions/53/bluegreen.gif",media/7cf9d08828b1ef35f2e014c6.gif,saved,268610
"https://static-assets.artlogic.net/w_1600,h_1600,c_limit,f_auto,fl_lossy,q_auto/ws-pilevneli/usr/exhibitions/images/exhibitions/53/brown.gif",media/93b51ea04bc7d4a8960cabc7.gif,saved,292618
"https://static-assets.artlogic.net/w_1600,h_1600,c_limit,f_auto,fl_lossy,q_auto/ws-pilevneli/usr/exhibitions/images/exhibitions/53/darkblue.gif",media/e2efae56d486d209d802744e.gif,saved,196214
"https://static-assets.artlogic.net/w_1600,h_1600,c_limit,f_auto,fl_lossy,q_auto/ws-pilevneli/usr/exhibitions/images/exhibitions/53/gold.gif",media/0ada8178c7d609c01ed83dba.gif,saved,271390
"https://static-assets.artlogic.net/w_1600,h_1600,c_limit,f_auto,fl_lossy,q_auto/ws-pilevneli/usr/exhibitions/images/exhibitions/53/glassgreen.gif",media/ef9b938393e0cfee5fd19a38.gif,saved,413236
"https://static-assets.artlogic.net/w_1600,h_1600,c_limit,f_auto,fl_lossy,q_auto/ws-pilevneli/usr/exhibitions/images/exhibitions/53/icegreen.gif",media/ddb9b1b07f1b46b2b985d7af.gif,saved,352944
"https://static-assets.artlogic.net/w_1600,h_1600,c_limit,f_auto,fl_lossy,q_auto/ws-pilevneli/usr/exhibitions/images/exhibitions/53/olivegreen.gif",media/b553f2a7be45f6ce6ecc5f5c.gif,saved,236924
"https://static-assets.artlogic.net/w_1600,h_1600,c_limit,f_auto,fl_lossy,q_auto/ws-pilevneli/usr/exhibitions/images/exhibitions/53/orange.gif",media/7611ef41781d07044b6984ed.gif,saved,274716
"https://static-assets.artlogic.net/w_1600,h_1600,c_limit,f_auto,fl_lossy,q_auto/ws-pilevneli/usr/exhibitions/images/exhibitions/53/pink.gif",media/43d1b952624b7cbc947202e5.gif,saved,284354
"https://static-assets.artlogic.net/w_1600,h_1600,c_limit,f_auto,fl_lossy,q_auto/ws-pilevneli/usr/exhibitions/images/exhibitions/53/red.gif",media/bb34035260b849d4a9a8b0f4.gif,saved,442452
"https://static-assets.artlogic.net/w_1600,h_1600,c_limit,f_auto,fl_lossy,q_auto/ws-pilevneli/usr/exhibitions/images/exhibitions/53/seablue.gif",media/ecdf404aa9e1628e7939f80e.gif,saved,278836
"https://static-assets.artlogic.net/w_1600,h_1600,c_limit,f_auto,fl_lossy,q_auto/ws-pilevneli/usr/exhibitions/images/exhibitions/53/silver.gif",media/4271ae5592cf6ef4b3df1440.gif,saved,311002
"https://static-assets.artlogic.net/w_1600,h_1600,c_limit,f_auto,fl_lossy,q_auto/ws-pilevneli/usr/exhibitions/images/exhibitions/53/smockygrey.gif",media/f7416d058c80e97687f2e1c3.gif,saved,278120
"https://static-assets.artlogic.net/w_1600,h_1600,c_limit,f_auto,fl_lossy,q_auto/ws-pilevneli/usr/exhibitions/images/exhibitions/53/_ariklevy_microrockformationglass_48_02.jpg",media/ec33d9627dc14c5c8a0f99df.jpg,saved,14546
"https://static-assets.artlogic.net/w_1600,h_1600,c_limit,f_auto,fl_lossy,q_auto/ws-pilevneli/usr/exhibitions/images/exhibitions/53/_ariklevy_mrf_glass52_dsc7266.jpg",media/d8e30b097ee03788b04cd04e.jpg,saved,20478
"https://static-assets.artlogic.net/w_1600,h_1600,c_limit,f_auto,fl_lossy,q_auto/ws-pilevneli/usr/exhibitions/images/exhibitions/53/_ariklevy_microrockformation-glass-53_dsc5227.jpg",media/abd992e7027fe5de6fc5af84.jpg,saved,15156
"https://static-assets.artlogic.net/w_1600,h_1600,c_limit,f_auto,fl_lossy,q_auto/ws-pilevneli/usr/exhibitions/images/exhibitions/53/_ariklevy_microrockformation-glass-54_dsc5204.jpg",media/99d04b00d1fc557e6306f507.jpg,saved,14444
"https://static-assets.artlogic.net/w_1600,h_1600,c_limit,f_auto,fl_lossy,q_auto/ws-pilevneli/usr/exhibitions/images/exhibitions/53/_ariklevy_mrfwood54_dsc5746.gif",media/3df1c9659fa72240761a37f9.gif,saved,24256
"https://static-assets.artlogic.net/w_1600,h_1600,c_limit,f_auto,fl_lossy,q_auto/ws-pilevneli/usr/exhibitions/images/exhibitions/53/_ariklevy_microrockformationwood___glass_86_01.jpg",media/b04d4cb4f0c60763be23b544.jpg,saved,25094
"https://static-assets.artlogic.net/w_1600,h_1600,c_limit,f_auto,fl_lossy,q_auto/ws-pilevneli/usr/exhibitions/images/exhibitions/53/_ariklevy_mrfwoodfire_glass63_dsc6249.jpg",media/aca1bde5fb8a51fda3f90ab8.jpg,saved,19100
"https://static-assets.artlogic.net/w_1600,h_1600,c_limit,f_auto,fl_lossy,q_auto/ws-pilevneli/usr/exhibitions/images/exhibitions/53/_ariklevy_microrockformationwoodfire___glass_64_01.jpg",media/5be2dfc6d6c903b97dcae926.jpg,saved,18438
"https://static-assets.artlogic.net/w_1600,h_1600,c_limit,f_auto,fl_lossy,q_auto/ws-pilevneli/usr/exhibitions/images/exhibitions/53/ariklevy-microrockformationwoodfire-log-glass-63.jpg",media/9af656eba18c0f89a284b359.jpg,saved,31006
"https://static-assets.artlogic.net/w_1600,h_1600,c_limit,f_auto,fl_lossy,q_auto/ws-pilevneli/usr/exhibitions/images/exhibitions/53/microrocks-liquid-metal-zinc-.gif",media/4a41a46d58d8ca5135503922.gif,saved,30994
"https://static-assets.artlogic.net/w_1600,h_1600,c_limit,f_auto,fl_lossy,q_auto/ws-pilevneli/usr/exhibitions/images/exhibitions/53/ariklevy-rockcorten-set_01.jpeg",media/09b1e6ed7dfa41791d89b2a9.jpeg,saved,421190
"https://static-assets.artlogic.net/w_1600,h_1600,c_limit,f_auto,fl_lossy,q_auto/ws-pilevneli/usr/exhibitions/images/exhibitions/53/rockformationtower-147.jpeg",media/e09ecb4f3451cb3f3232d6ae.jpeg,saved,660626
"https://static-assets.artlogic.net/w_1600,h_1600,c_limit,f_auto,fl_lossy,q_auto/ws-pilevneli/usr/exhibitions/images/exhibitions/53/ariklevy-rockformationtower-158.jpeg",media/e8122fd1d99ebebb9de1868a.jpeg,saved,664358
"https://static-assets.artlogic.net/w_1600,h_1600,c_limit,f_auto,fl_lossy,q_auto/ws-pilevneli/usr/exhibitions/images/exhibitions/53/rockfusion-small.gif",media/02c585f55ab155fa229d5793.gif,saved,27134
"https://static-assets.artlogic.net/w_1600,h_1600,c_limit,f_auto,fl_lossy,q_auto/ws-pilevneli/usr/exhibitions/images/exhibitions/53/rockgrowth-58.jpeg",media/8363341f3cb359e59cc3616e.jpeg,saved,47040
"https://static-assets.artlogic.net/w_1600,h_1600,c_limit,f_auto,fl_lossy,q_auto/ws-pilevneli/usr/exhibitions/images/exhibitions/53/ariklevy-rockgrowth-280-root-_02.jpg",media/fa82dec43ca44e494e543076.jpg,saved,35056
"https://static-assets.artlogic.net/w_1600,h_1600,c_limit,f_auto,fl_lossy,q_auto/ws-pilevneli/usr/exhibitions/images/exhibitions/53/_ariklevy_rockstonecarbon__dsc2551.jpg",media/6234c9d80063cc88bb4a04e3.jpg,saved,37100
"https://static-assets.artlogic.net/w_1600,h_1600,c_limit,f_auto,fl_lossy,q_auto/ws-pilevneli/usr/exhibitions/images/exhibitions/53/_ariklevy_rockmesh300__2020.jpg",media/c9f6167d1a9948e4296f166a.jpg,saved,450906
"https://static-assets.artlogic.net/w_1600,h_1600,c_limit,f_auto,fl_lossy,q_auto/ws-pilevneli/usr/exhibitions/images/exhibitions/53/rocktotem-181.jpeg",media/ad60fad128a4871953ca79f8.jpeg,saved,563162
"https://static-assets.artlogic.net/w_1600,h_1600,c_limit,f_auto,fl_lossy,q_auto/ws-pilevneli/usr/exhibitions/images/exhibitions/54/pi_4344.jpg",media/cfd02a2c79a32fc4a1d66f9e.jpg,saved,89094
"https://static-assets.artlogic.net/w_1600,h_1600,c_limit,f_auto,fl_lossy,q_auto/ws-pilevneli/usr/exhibitions/images/exhibitions/54/pi_4343.jpg",media/a0cd2a9ceac0353b3eb5b4bd.jpg,saved,95402
"https://static-assets.artlogic.net/w_1600,h_1600,c_limit,f_auto,fl_lossy,q_auto/ws-pilevneli/usr/exhibitions/images/exhibitions/54/pi_4342.jpg",media/38ef2f4a2a5c7058a01a5735.jpg,saved,86328
"https://static-assets.artlogic.net/w_1600,h_1600,c_limit,f_auto,fl_lossy,q_auto/ws-pilevneli/usr/exhibitions/images/exhibitions/54/pi_4340.jpg",media/65910c1ccb01af995dfba183.jpg,saved,74678
"https://static-assets.artlogic.net/w_1600,h_1600,c_limit,f_auto,fl_lossy,q_auto/ws-pilevneli/usr/exhibitions/images/exhibitions/54/pi_4417.jpg",media/8e4a9694a13ed02e9ee7b93b.jpg,saved,114486
"https://static-assets.artlogic.net/w_1600,h_1600,c_limit,f_auto,fl_lossy,q_auto/ws-pilevneli/usr/exhibitions/images/exhibitions/54/pi_4421.jpg",media/16b38a8e12943a07d8739a55.jpg,saved,130802
"https://static-assets.artlogic.net/w_1600,h_1600,c_limit,f_auto,fl_lossy,q_auto/ws-pilevneli/usr/exhibitions/images/exhibitions/54/pi_4325.jpg",media/400490f30b88850a2ab795da.jpg,saved,89970
"https://static-assets.artlogic.net/w_1600,h_1600,c_limit,f_auto,fl_lossy,q_auto/ws-pilevneli/usr/exhibitions/images/exhibitions/54/pi_4336.jpg",media/7cea29c3b23487d083862563.jpg,saved,46738
"https://static-assets.artlogic.net/w_1600,h_1600,c_limit,f_auto,fl_lossy,q_auto/ws-pilevneli/usr/exhibitions/images/exhibitions/54/pi_4331.jpg",media/c06f97287fee647f3e535007.jpg,saved,29560
"https://static-assets.artlogic.net/w_1600,h_1600,c_limit,f_auto,fl_lossy,q_auto/ws-pilevneli/usr/exhibitions/images/exhibitions/54/pi_4383.gif",media/b4081e03b973f35bda61b882.gif,saved,133642
"https://static-assets.artlogic.net/w_1600,h_1600,c_limit,f_auto,fl_lossy,q_auto/ws-pilevneli/usr/exhibitions/images/exhibitions/54/pi_4382.gif",media/75fae9c077d47b94cafe9c82.gif,saved,90254
"https://static-assets.artlogic.net/w_1600,h_1600,c_limit,f_auto,fl_lossy,q_auto/ws-pilevneli/usr/exhibitions/images/exhibitions/54/pi_4385.gif",media/bcf71c4ae0296aae6d70ead6.gif,saved,45540
"https://static-assets.artlogic.net/w_1600,h_1600,c_limit,f_auto,fl_lossy,q_auto/ws-pilevneli/usr/exhibitions/images/exhibitions/54/pi_4387.gif",media/2d6432e5be5a06a2e0b7aa0a.gif,saved,58692
"https://static-assets.artlogic.net/w_1600,h_1600,c_limit,f_auto,fl_lossy,q_auto/ws-pilevneli/usr/exhibitions/images/exhibitions/57/badandboujee_093m.jpg",media/1d8e8ccfdd4a69d7e4494c2e.jpg,saved,44680
"https://static-assets.artlogic.net/w_1600,h_1600,c_limit,f_auto,fl_lossy,q_auto/ws-pilevneli/usr/exhibitions/images/exhibitions/57/badandboujee_089m.jpg",media/ede3ee2a2e12cf2eb7b198cc.jpg,saved,60384
"https://static-assets.artlogic.net/w_1600,h_1600,c_limit,f_auto,fl_lossy,q_auto/ws-pilevneli/usr/exhibitions/images/exhibitions/57/badandboujee_086m.jpg",media/f192b72080c226ce7bb2aae8.jpg,saved,66736
"https://static-assets.artlogic.net/w_1600,h_1600,c_limit,f_auto,fl_lossy,q_auto/ws-pilevneli/usr/exhibitions/images/exhibitions/57/badandboujee_085m.jpg",media/2b6e62c4298bb99e97d4dfe3.jpg,saved,64274
"https://static-assets.artlogic.net/w_1600,h_1600,c_limit,f_auto,fl_lossy,q_auto/ws-pilevneli/usr/exhibitions/images/exhibitions/57/badandboujee_091m.jpg",media/8333b5561cfc5f93d90cb05c.jpg,saved,49044
"https://static-assets.artlogic.net/w_1600,h_1600,c_limit,f_auto,fl_lossy,q_auto/ws-pilevneli/usr/exhibitions/images/exhibitions/57/badandboujee_090mson.jpg",media/0ecd8e59a2eab461b29e05f1.jpg,saved,45114
"https://static-assets.artlogic.net/w_1600,h_1600,c_limit,f_auto,fl_lossy,q_auto/ws-pilevneli/usr/exhibitions/images/exhibitions/57/badandboujee_088m.jpg",media/1a829cfb3d4da07d38edafd6.jpg,saved,45036
"https://static-assets.artlogic.net/w_1600,h_1600,c_limit,f_auto,fl_lossy,q_auto/ws-pilevneli/usr/exhibitions/images/exhibitions/57/badandboujee_087m.jpg",media/b16d3671165d63760fe967a6.jpg,saved,47626
"https://static-assets.artlogic.net/w_1600,h_1600,c_limit,f_auto,fl_lossy,q_auto/ws-pilevneli/usr/exhibitions/images/exhibitions/57/badandboujee_002m.jpg",media/eb6fc2241148ef6c15285b73.jpg,saved,81110
"https://static-assets.artlogic.net/w_1600,h_1600,c_limit,f_auto,fl_lossy,q_auto/ws-pilevneli/usr/exhibitions/images/exhibitions/57/badandboujee_004m-0son.jpg",media/ac788f022621c011aac6dcbc.jpg,saved,74318
"https://static-assets.artlogic.net/w_1600,h_1600,c_limit,f_auto,fl_lossy,q_auto/ws-pilevneli/usr/exhibitions/images/exhibitions/57/badandboujee_001m.jpg",media/a84bfa7ab7fe7a1466c6f779.jpg,saved,76980
"https://static-assets.artlogic.net/w_1600,h_1600,c_limit,f_auto,fl_lossy,q_auto/ws-pilevneli/usr/exhibitions/images/exhibitions/57/badandboujee_003m.jpg",media/81acd0117e5fedfcc26bee3c.jpg,saved,68486
"https://static-assets.artlogic.net/w_1600,h_1600,c_limit,f_auto,fl_lossy,q_auto/ws-pilevneli/usr/exhibitions/images/exhibitions/57/badandboujee_073.jpg",media/709597d0d3fd952db57e131e.jpg,saved,24816
"https://static-assets.artlogic.net/w_1600,h_1600,c_limit,f_auto,fl_lossy,q_auto/ws-pilevneli/usr/exhibitions/images/exhibitions/57/badandboujee_066.jpg",media/c8836f70d099f8dc5d37266f.jpg,saved,23344
"https://static-assets.artlogic.net/w_1600,h_1600,c_limit,f_auto,fl_lossy,q_auto/ws-pilevneli/usr/exhibitions/images/exhibitions/57/badandboujee_076.jpg",media/b095bc86d6bdf26b056fe710.jpg,saved,18626
"https://static-assets.artlogic.net/w_1600,h_1600,c_limit,f_auto,fl_lossy,q_auto/ws-pilevneli/usr/exhibitions/images/exhibitions/57/badandboujee_068.jpg",media/710d013fa7e355819137a168.jpg,saved,23972
"https://static-assets.artlogic.net/w_1600,h_1600,c_limit,f_auto,fl_lossy,q_auto/ws-pilevneli/usr/exhibitions/images/exhibitions/57/badandboujee_058.jpg",media/a7b4c2673285df7fe48c0482.jpg,saved,27538
"https://static-assets.artlogic.net/w_1600,h_1600,c_limit,f_auto,fl_lossy,q_auto/ws-pilevneli/usr/exhibitions/images/exhibitions/57/badandboujee_077.jpg",media/ce3fed43afad09ad433e33a4.jpg,saved,22742
"https://static-assets.artlogic.net/w_1600,h_1600,c_limit,f_auto,fl_lossy,q_auto/ws-pilevneli/usr/exhibitions/images/exhibitions/57/badandboujee_081.jpg",media/419270a86f9d6f6c5b8c7ef3.jpg,saved,29202
"https://static-assets.artlogic.net/w_1600,h_1600,c_limit,f_auto,fl_lossy,q_auto/ws-pilevneli/usr/exhibitions/images/exhibitions/57/badandboujee_037mson.jpg",media/1c7c73d146d070c28f519af0.jpg,saved,83136
"https://static-assets.artlogic.net/w_1600,h_1600,c_limit,f_auto,fl_lossy,q_auto/ws-pilevneli/usr/exhibitions/images/exhibitions/57/badandboujee_033m.jpg",media/cf0d31aed27b509f2f72505a.jpg,saved,73274
"https://static-assets.artlogic.net/w_1600,h_1600,c_limit,f_auto,fl_lossy,q_auto/ws-pilevneli/usr/exhibitions/images/exhibitions/57/badandboujee_034m.jpg",media/a657ed692b9aa829a58b68b2.jpg,saved,69632
"https://static-assets.artlogic.net/w_1600,h_1600,c_limit,f_auto,fl_lossy,q_auto/ws-pilevneli/usr/exhibitions/images/exhibitions/57/badandboujee_024m.jpg",media/2c0c745b7c18f98580cdcf27.jpg,saved,79188
"https://static-assets.artlogic.net/w_1600,h_1600,c_limit,f_auto,fl_lossy,q_auto/ws-pilevneli/usr/exhibitions/images/exhibitions/57/badandboujee_026m.jpg",media/295d363200064c3b5d618b57.jpg,saved,68332
"https://static-assets.artlogic.net/w_1600,h_1600,c_limit,f_auto,fl_lossy,q_auto/ws-pilevneli/usr/exhibitions/images/exhibitions/57/badandboujee_032m.jpg",media/1edc4e947d5d2a86391dc979.jpg,saved,60910
"https://static-assets.artlogic.net/w_1600,h_1600,c_limit,f_auto,fl_lossy,q_auto/ws-pilevneli/usr/exhibitions/images/exhibitions/57/badandboujee_055m.jpg",media/4f3f3d167638ecc15117dee7.jpg,saved,71310
"https://static-assets.artlogic.net/w_1600,h_1600,c_limit,f_auto,fl_lossy,q_auto/ws-pilevneli/usr/exhibitions/images/exhibitions/57/badandboujee_050m.jpg",media/efb912efee46cd86cc24327d.jpg,saved,74442
"https://static-assets.artlogic.net/w_1600,h_1600,c_limit,f_auto,fl_lossy,q_auto/ws-pilevneli/usr/exhibitions/images/exhibitions/57/badandboujee_051m.jpg",media/e2c318a0333a4292b12e8b47.jpg,saved,66262
"https://static-assets.artlogic.net/w_1600,h_1600,c_limit,f_auto,fl_lossy,q_auto/ws-pilevneli/usr/images/exhibitions/group_images_override/57/web.gif",media/5ec9b337f070f4bb570499d3.gif,saved,108078
"https://static-assets.artlogic.net/w_1600,h_1600,c_limit,f_auto,fl_lossy,q_auto/ws-pilevneli/usr/exhibitions/images/exhibitions/57/2.gif",media/157ef790960513d184c1176f.gif,saved,128316
"https://static-assets.artlogic.net/w_1600,h_1600,c_limit,f_auto,fl_lossy,q_auto/ws-pilevneli/usr/exhibitions/images/exhibitions/57/3.gif",media/3011a8835e73f4c8d267b256.gif,saved,121548
"https://static-assets.artlogic.net/w_1600,h_1600,c_limit,f_auto,fl_lossy,q_auto/ws-pilevneli/usr/exhibitions/images/exhibitions/57/4.gif",media/9b2320b95c5950bb47d3136f.gif,saved,131658
"https://static-assets.artlogic.net/w_1600,h_1600,c_limit,f_auto,fl_lossy,q_auto/ws-pilevneli/usr/exhibitions/images/exhibitions/57/1.gif",media/90dc94a58757c20e4637ee19.gif,saved,131454
"https://static-assets.artlogic.net/w_1600,h_1600,c_limit,f_auto,fl_lossy,q_auto/ws-pilevneli/usr/exhibitions/images/exhibitions/57/mk_higher_beeings.gif",media/b22c0c044db7ea10648048eb.gif,saved,208112
"https://static-assets.artlogic.net/w_1600,h_1600,c_limit,f_auto,fl_lossy,q_auto/ws-pilevneli/usr/exhibitions/images/exhibitions/57/mk_horse_meat_disco.jpg",media/938120785185c7af6d38d100.jpg,saved,194290
"https://static-assets.artlogic.net/w_1600,h_1600,c_limit,f_auto,fl_lossy,q_auto/ws-pilevneli/usr/exhibitions/images/exhibitions/57/mk_deepseaadventure.jpg",media/eaeb2f4eb6b28d9b41caad95.jpg,saved,268676
"https://static-assets.artlogic.net/w_1600,h_1600,c_limit,f_auto,fl_lossy,q_auto/ws-pilevneli/usr/exhibitions/images/exhibitions/57/mk_soapopera.gif",media/8bbceb0d7bd686118a16f957.gif,saved,163548
"https://static-assets.artlogic.net/w_1600,h_1600,c_limit,f_auto,fl_lossy,q_auto/ws-pilevneli/usr/exhibitions/images/exhibitions/57/img_0371.gif",media/48eaea6eea331ad799d60a14.gif,saved,71554
"https://static-assets.artlogic.net/w_1600,h_1600,c_limit,f_auto,fl_lossy,q_auto/ws-pilevneli/usr/exhibitions/images/exhibitions/57/whatsapp-image-2022-03-08-at-15.15.gif",media/54276f664cee8ca21accc0a0.gif,saved,33860
"https://static-assets.artlogic.net/w_1600,h_1600,c_limit,f_auto,fl_lossy,q_auto/ws-pilevneli/usr/exhibitions/images/exhibitions/57/11.jpg",media/66013528b6dca8d39682122b.jpg,saved,58022
"https://static-assets.artlogic.net/w_1600,h_1600,c_limit,f_auto,fl_lossy,q_auto/ws-pilevneli/usr/exhibitions/images/exhibitions/57/22.jpg",media/40ec09e0de29fd80364c522c.jpg,saved,92982
"https://static-assets.artlogic.net/w_1600,h_1600,c_limit,f_auto,fl_lossy,q_auto/ws-pilevneli/usr/exhibitions/images/exhibitions/57/33.jpg",media/ba705949ee1327f6e83369a0.jpg,saved,39580
"https://static-assets.artlogic.net/w_1600,h_1600,c_limit,f_auto,fl_lossy,q_auto/ws-pilevneli/usr/exhibitions/images/exhibitions/57/44.jpg",media/50fe0096c12914b4a158eafc.jpg,saved,41568
"https://static-assets.artlogic.net/w_1600,h_1600,c_limit,f_auto,fl_lossy,q_auto/ws-pilevneli/usr/exhibitions/images/exhibitions/57/she-her-3.gif",media/5899146a408cee9221bc02e9.gif,saved,205074
"https://static-assets.artlogic.net/w_1600,h_1600,c_limit,f_auto,fl_lossy,q_auto/ws-pilevneli/usr/exhibitions/images/exhibitions/57/he-him-1.gif",media/3e71637cf0434674519a6f7d.gif,saved,182910
"https://static-assets.artlogic.net/w_1600,h_1600,c_limit,f_auto,fl_lossy,q_auto/ws-pilevneli/usr/exhibitions/images/exhibitions/57/he-him-2.gif",media/3204a61c2cb46ea87f87a20f.gif,saved,199618
"https://static-assets.artlogic.net/w_1600,h_1600,c_limit,f_auto,fl_lossy,q_auto/ws-pilevneli/usr/exhibitions/images/exhibitions/57/they-them.gif",media/66b14fda580ae054b1a1e421.gif,saved,184326
"https://static-assets.artlogic.net/w_1600,h_1600,c_limit,f_auto,fl_lossy,q_auto/ws-pilevneli/usr/exhibitions/images/exhibitions/57/stra-enkatze.gif",media/e2218caa30413790188859d5.gif,saved,60338
"https://static-assets.artlogic.net/w_1600,h_1600,c_limit,f_auto,fl_lossy,q_auto/ws-pilevneli/usr/exhibitions/images/exhibitions/57/selbstportr-t-4.gif",media/61e1952830e8ee7c76d8a4a5.gif,saved,47132
"https://static-assets.artlogic.net/w_1600,h_1600,c_limit,f_auto,fl_lossy,q_auto/ws-pilevneli/usr/exhibitions/images/exhibitions/57/sun-in-shining.gif",media/650f249db1562bb514a599ba.gif,saved,120016
"https://static-assets.artlogic.net/w_1600,h_1600,c_limit,f_auto,fl_lossy,q_auto/ws-pilevneli/usr/exhibitions/images/exhibitions/57/saurer-regen.gif",media/84ea59687d075bc9cc7f3d3b.gif,saved,43810
"https://static-assets.artlogic.net/w_1600,h_1600,c_limit,f_auto,fl_lossy,q_auto/ws-pilevneli/usr/exhibitions/images/exhibitions/57/lobster-mobster.gif",media/69de19640a2e32b374981621.gif,saved,54072
"https://static-assets.artlogic.net/w_1600,h_1600,c_limit,f_auto,fl_lossy,q_auto/ws-pilevneli/usr/exhibitions/images/exhibitions/57/meanwhile-at-the-beach.gif",media/0aeeb70a4ae39775663636a3.gif,saved,78876
"https://static-assets.artlogic.net/w_1600,h_1600,c_limit,f_auto,fl_lossy,q_auto/ws-pilevneli/usr/exhibitions/images/exhibitions/58/img_6454.jpg",media/e6daff6239d7c1fd50df2ebb.jpg,saved,67450
"https://static-assets.artlogic.net/w_1600,h_1600,c_limit,f_auto,fl_lossy,q_auto/ws-pilevneli/usr/exhibitions/images/exhibitions/58/img_2200.jpg",media/9fd4a4142b99e9e441adc820.jpg,saved,69212
"https://static-assets.artlogic.net/w_1600,h_1600,c_limit,f_auto,fl_lossy,q_auto/ws-pilevneli/usr/exhibitions/images/exhibitions/58/screen-shot-2023-03-08-at-11.03.02-am.png",media/b1d0504770340c5cfada3b46.png,saved,87936
"https://static-assets.artlogic.net/w_1600,h_1600,c_limit,f_auto,fl_lossy,q_auto/ws-pilevneli/usr/exhibitions/images/exhibitions/59/eg_10085.jpg",media/7766caee55b04d869e21f228.jpg,saved,110388
"https://static-assets.artlogic.net/w_1600,h_1600,c_limit,f_auto,fl_lossy,q_auto/ws-pilevneli/usr/images/artists/artwork_image_for_artists_page/items/be/beb60f0f06e84e629a69663588c1c158/esragulmen.gif",media/d28d5c5e23599cbff637b762.gif,failed,"404 Client Error: Not Found for url: https://static-assets.artlogic.net/w_1600,h_1600,c_limit,f_auto,fl_lossy,q_auto/ws-pilevneli/usr/images/artists/artwork_image_for_artists_page/"
"https://static-assets.artlogic.net/w_1600,h_1600,c_limit,f_auto,fl_lossy,q_auto/ws-pilevneli/usr/images/exhibitions/images_and_objects/60/p_10176.jpg",media/f0c8cc4203894f1976735ca7.jpg,saved,101520
"https://static-assets.artlogic.net/w_1600,h_1600,c_limit,f_auto,fl_lossy,q_auto/ws-pilevneli/usr/exhibitions/images/exhibitions/60/ekran-resmi-2022-04-20-16.40.15.png",media/8171c9f127f5e06731450b19.png,saved,17244
"https://static-assets.artlogic.net/w_1600,h_1600,c_limit,f_auto,fl_lossy,q_auto/ws-pilevneli/usr/exhibitions/images/exhibitions/60/ekran-resmi-2022-04-20-16.40.02.png",media/b800bda17aac087e448a2848.png,saved,15914
"https://static-assets.artlogic.net/w_1600,h_1600,c_limit,f_auto,fl_lossy,q_auto/ws-pilevneli/usr/exhibitions/images/exhibitions/60/ekran-resmi-2022-04-20-16.42.39.png",media/1ae1221429c6f925c677b73e.png,saved,17150
"https://static-assets.artlogic.net/w_1600,h_1600,c_limit,f_auto,fl_lossy,q_auto/ws-pilevneli/usr/exhibitions/images/exhibitions/60/ekran-resmi-2022-04-20-16.42.47.png",media/b95be630375b65e3a0296751.png,saved,20062
"https://static-assets.artlogic.net/w_1600,h_1600,c_limit,f_auto,fl_lossy,q_auto/ws-pilevneli/usr/exhibitions/images/exhibitions/60/ekran-resmi-2022-04-20-16.46.26.png",media/c1bb09924ad4a4ff8be2b8f6.png,saved,8758
"https://static-assets.artlogic.net/w_1600,h_1600,c_limit,f_auto,fl_lossy,q_auto/ws-pilevneli/usr/images/exhibitions/images_and_objects/60/hi-delete-my-account-2019.jpg",media/794c846cf40278d09db4483b.jpg,saved,214758
"https://static-assets.artlogic.net/w_1600,h_1600,c_limit,f_auto,fl_lossy,q_auto/ws-pilevneli/usr/images/exhibitions/images_and_objects/60/so-meta-2020.jpg",media/1a92297853c4413ee77546a8.jpg,saved,361750
"https://static-assets.artlogic.net/w_1600,h_1600,c_limit,f_auto,fl_lossy,q_auto/ws-pilevneli/usr/images/exhibitions/images_and_objects/60/garden-of-earthly-delights-2019.jpg",media/c4db9593de0368e49cf856f7.jpg,saved,391624
"https://static-assets.artlogic.net/w_1600,h_1600,c_limit,f_auto,fl_lossy,q_auto/ws-pilevneli/usr/images/exhibitions/images_and_objects/60/garden-of-earthly-delights-2-2019.jpg",media/d7c1d9467bee52db9c69930c.jpg,saved,97708
"https://static-assets.artlogic.net/w_1600,h_1600,c_limit,f_auto,fl_lossy,q_auto/ws-pilevneli/usr/exhibitions/images/exhibitions/60/ekran-resmi-2022-04-20-17.33.41.png",media/c638fc9bd0b3bd93ec2ea27e.png,saved,43270
"https://static-assets.artlogic.net/w_1600,h_1600,c_limit,f_auto,fl_lossy,q_auto/ws-pilevneli/usr/images/exhibitions/images_and_objects/60/eg_10022888.gif",media/8694c6205922dfe43556da50.gif,saved,595838
"https://static-assets.artlogic.net/w_1600,h_1600,c_limit,f_auto,fl_lossy,q_auto/ws-pilevneli/usr/images/exhibitions/images_and_objects/60/eg_1010889898989.gif",media/31c132731bcfc6e24cca5148.gif,saved,93614
"https://static-assets.artlogic.net/w_1600,h_1600,c_limit,f_auto,fl_lossy,q_auto/ws-pilevneli/usr/images/exhibitions/images_and_objects/60/cennet-200x150-akrilik-202178.gif",media/9ce93826a8001a2913323d4c.gif,saved,395970
"https://static-assets.artlogic.net/w_1600,h_1600,c_limit,f_auto,fl_lossy,q_auto/ws-pilevneli/usr/images/exhibitions/images_and_objects/60/is-for-me-_-200x150-kar-k-teknik-2021789.gif",media/ec1bb4e3b7a19ee624045374.gif,saved,337566
"https://static-assets.artlogic.net/w_1600,h_1600,c_limit,f_auto,fl_lossy,q_auto/ws-pilevneli/usr/images/exhibitions/images_and_objects/60/hennem-200x150-20216464.gif",media/2b51a863aad4506ece8f0ace.gif,saved,492046
"https://static-assets.artlogic.net/w_1600,h_1600,c_limit,f_auto,fl_lossy,q_auto/ws-pilevneli/usr/images/exhibitions/images_and_objects/60/youth-lk-gen-lilk-200x150-akrilik20216678686.gif",media/7523e044b88f6032606c6ba7.gif,saved,267240
"https://static-assets.artlogic.net/w_1600,h_1600,c_limit,f_auto,fl_lossy,q_auto/ws-pilevneli/usr/images/exhibitions/images_and_objects/60/son-beat-me-d-v-beni-200x150-akrilik-sprey2021760900.gif",media/96f14da10f0a2afd0ef76af0.gif,saved,271232
"https://static-assets.artlogic.net/w_1600,h_1600,c_limit,f_auto,fl_lossy,q_auto/ws-pilevneli/usr/images/exhibitions/images_and_objects/60/election-day-2020.jpg",media/e1dc9b50eff2fcd0691bca43.jpg,saved,156366
"https://static-assets.artlogic.net/w_1600,h_1600,c_limit,f_auto,fl_lossy,q_auto/ws-pilevneli/usr/images/exhibitions/images_and_objects/60/whatsapp-image-2022-05-05-at-10.47.43.jpeg",media/24f5e3055955630eb17bd9f4.jpeg,saved,57102
"https://static-assets.artlogic.net/w_1600,h_1600,c_limit,f_auto,fl_lossy,q_auto/ws-pilevneli/usr/exhibitions/images/exhibitions/60/p_10216.gif",media/e56401e9aa9f8526341a1940.gif,saved,128858
"https://static-assets.artlogic.net/w_1600,h_1600,c_limit,f_auto,fl_lossy,q_auto/ws-pilevneli/usr/exhibitions/images/exhibitions/60/20210616_15230368686.gif",media/d84a4025a61fae4815b19988.gif,saved,344506
"https://static-assets.artlogic.net/w_1600,h_1600,c_limit,f_auto,fl_lossy,q_auto/ws-pilevneli/usr/images/exhibitions/images_and_objects/60/ac-a-k-_-200x150-2022-kuruboya7.gif",media/b8947d3501c88aaa240e6a35.gif,saved,380514
"https://static-assets.artlogic.net/w_1600,h_1600,c_limit,f_auto,fl_lossy,q_auto/ws-pilevneli/usr/exhibitions/images/exhibitions/60/breakfast-can-t-wait-kahvalt-bekleyebilir-190x150-ka-t-kuruboya88.gif",media/6127a3b7fc1de0a577901a78.gif,saved,432212
"https://static-assets.artlogic.net/w_1600,h_1600,c_limit,f_auto,fl_lossy,q_auto/ws-pilevneli/usr/images/exhibitions/images_and_objects/60/eg_10135909.gif",media/4a59c50c8085d76d2609e061.gif,saved,420252
"https://static-assets.artlogic.net/w_1600,h_1600,c_limit,f_auto,fl_lossy,q_auto/ws-pilevneli/usr/exhibitions/images/exhibitions/60/photo-2022-04-15-11-14-3300000.gif",media/efa9d9254d82443275c65853.gif,saved,405512
"https://static-assets.artlogic.net/w_1600,h_1600,c_limit,f_auto,fl_lossy,q_auto/ws-pilevneli/usr/exhibitions/images/exhibitions/60/78.gif",media/e657304583085aa5703166d3.gif,saved,117432
"https://static-assets.artlogic.net/w_1600,h_1600,c_limit,f_auto,fl_lossy,q_auto/ws-pilevneli/usr/exhibitions/images/exhibitions/60/ekran-resmi-2022-04-18-14.1223232.gif",media/a0b2c47aaa6b20b4ce95bca9.gif,saved,182608
"https://static-assets.artlogic.net/w_1600,h_1600,c_limit,f_auto,fl_lossy,q_auto/ws-pilevneli/usr/exhibitions/images/exhibitions/61/dscf3582.jpg",media/173233bd932611e9fc8583fd.jpg,saved,150914
"https://static-assets.artlogic.net/w_1600,h_1600,c_limit,f_auto,fl_lossy,q_auto/ws-pilevneli/usr/exhibitions/images/exhibitions/61/dscf3580.gif",media/7cc7834606b80955a8ecded5.gif,saved,142008
"https://static-assets.artlogic.net/w_1600,h_1600,c_limit,f_auto,fl_lossy,q_auto/ws-pilevneli/usr/exhibitions/images/exhibitions/61/dscf3624.gif",media/e9343b69ce6effdab08ea4ad.gif,saved,228910
"https://static-assets.artlogic.net/w_1600,h_1600,c_limit,f_auto,fl_lossy,q_auto/ws-pilevneli/usr/exhibitions/images/exhibitions/61/dscf3465.jpg",media/df5f08ee5da934631c791992.jpg,saved,163314
"https://static-assets.artlogic.net/w_1600,h_1600,c_limit,f_auto,fl_lossy,q_auto/ws-pilevneli/usr/exhibitions/images/exhibitions/61/dscf3608.jpg",media/6e6afcb9bbf1892aa19fece0.jpg,saved,102350
"https://static-assets.artlogic.net/w_1600,h_1600,c_limit,f_auto,fl_lossy,q_auto/ws-pilevneli/usr/exhibitions/images/exhibitions/61/dscf3468.gif",media/4545862e308b8e45b1e235ff.gif,saved,291196
"https://static-assets.artlogic.net/w_1600,h_1600,c_limit,f_auto,fl_lossy,q_auto/ws-pilevneli/usr/exhibitions/images/exhibitions/61/dscf3614.gif",media/559c51b300b12d175035fea1.gif,saved,184328
"https://static-assets.artlogic.net/w_1600,h_1600,c_limit,f_auto,fl_lossy,q_auto/ws-pilevneli/usr/exhibitions/images/exhibitions/61/dscf4297.jpg",media/60b89626191da8308251af27.jpg,saved,185304
"https://static-assets.artlogic.net/w_1600,h_1600,c_limit,f_auto,fl_lossy,q_auto/ws-pilevneli/usr/exhibitions/images/exhibitions/61/dscf4291.jpg",media/735e8c4f0c019364478d7682.jpg,saved,171100
"https://static-assets.artlogic.net/w_1600,h_1600,c_limit,f_auto,fl_lossy,q_auto/ws-pilevneli/usr/exhibitions/images/exhibitions/61/dscf4309.jpg",media/7cc3ebb41938903e5c8899c5.jpg,saved,190502
"https://static-assets.artlogic.net/w_1600,h_1600,c_limit,f_auto,fl_lossy,q_auto/ws-pilevneli/usr/exhibitions/images/exhibitions/61/dscf4294.jpg",media/5e56ff1a62d8a0994052c99f.jpg,saved,189880
"https://static-assets.artlogic.net/w_1600,h_1600,c_limit,f_auto,fl_lossy,q_auto/ws-pilevneli/usr/exhibitions/images/exhibitions/61/dscf4314.jpg",media/aa0815952f31260707b5fd5c.jpg,saved,362632
"https://static-assets.artlogic.net/w_1600,h_1600,c_limit,f_auto,fl_lossy,q_auto/ws-pilevneli/usr/exhibitions/images/exhibitions/61/dscf4315.jpg",media/1beabe7f5483fc5a112d5922.jpg,saved,433308
"https://static-assets.artlogic.net/w_1600,h_1600,c_limit,f_auto,fl_lossy,q_auto/ws-pilevneli/usr/exhibitions/images/exhibitions/61/dscf4316.jpg",media/a83f9ba07ee846ae080382ce.jpg,saved,394842
"https://static-assets.artlogic.net/w_1600,h_1600,c_limit,f_auto,fl_lossy,q_auto/ws-pilevneli/usr/exhibitions/images/exhibitions/61/dscf4317.jpg",media/b4b22b8384ad0129e1289c04.jpg,saved,391322
"https://static-assets.artlogic.net/w_1600,h_1600,c_limit,f_auto,fl_lossy,q_auto/ws-pilevneli/usr/exhibitions/images/exhibitions/61/dscf3093.jpg",media/f5dc0e7fcb269db6c69ad168.jpg,saved,54286
"https://static-assets.artlogic.net/w_1600,h_1600,c_limit,f_auto,fl_lossy,q_auto/ws-pilevneli/usr/exhibitions/images/exhibitions/61/dscf3078.jpg",media/0c806d638d91eca3235ce13a.jpg,saved,177678
"https://static-assets.artlogic.net/w_1600,h_1600,c_limit,f_auto,fl_lossy,q_auto/ws-pilevneli/usr/exhibitions/images/exhibitions/61/dscf3153.jpg",media/c0db50c01738b2661e42fbe7.jpg,saved,65676
"https://static-assets.artlogic.net/w_1600,h_1600,c_limit,f_auto,fl_lossy,q_auto/ws-pilevneli/usr/exhibitions/images/exhibitions/61/dscf3163.jpg",media/29f51f0989c9270436a6464f.jpg,saved,40328
"https://static-assets.artlogic.net/w_1600,h_1600,c_limit,f_auto,fl_lossy,q_auto/ws-pilevneli/usr/exhibitions/images/exhibitions/61/dscf3108.jpg",media/eafbfff00d51f8035017398d.jpg,saved,80618
"https://static-assets.artlogic.net/w_1600,h_1600,c_limit,f_auto,fl_lossy,q_auto/ws-pilevneli/usr/exhibitions/images/exhibitions/61/dscf3103.jpg",media/923db181f275bf47cb206044.jpg,saved,89446
"https://static-assets.artlogic.net/w_1600,h_1600,c_limit,f_auto,fl_lossy,q_auto/ws-pilevneli/usr/exhibitions/images/exhibitions/61/dscf3123.jpg",media/7092e1ff475bc1bfd51d129b.jpg,saved,59854
"https://static-assets.artlogic.net/w_1600,h_1600,c_limit,f_auto,fl_lossy,q_auto/ws-pilevneli/usr/exhibitions/images/exhibitions/61/dscf3128.jpg",media/368689beede6318beb17d62e.jpg,saved,143642
"https://static-assets.artlogic.net/w_1600,h_1600,c_limit,f_auto,fl_lossy,q_auto/ws-pilevneli/usr/exhibitions/images/exhibitions/61/dscf3133.jpg",media/45b78070ba60d83850ad95f7.jpg,saved,41178
"https://static-assets.artlogic.net/w_1600,h_1600,c_limit,f_auto,fl_lossy,q_auto/ws-pilevneli/usr/exhibitions/images/exhibitions/61/dscf3148.jpg",media/18fc24149a885cc83e14380c.jpg,saved,35830
"https://static-assets.artlogic.net/w_1600,h_1600,c_limit,f_auto,fl_lossy,q_auto/ws-pilevneli/usr/exhibitions/images/exhibitions/61/dscf3143.jpg",media/a55e9c5bd8f80ff49d6505a9.jpg,saved,29660
"https://static-assets.artlogic.net/w_1600,h_1600,c_limit,f_auto,fl_lossy,q_auto/ws-pilevneli/usr/exhibitions/images/exhibitions/61/dscf3201.jpg",media/bb81a615b395a680b9e5ca85.jpg,saved,39424
"https://static-assets.artlogic.net/w_1600,h_1600,c_limit,f_auto,fl_lossy,q_auto/ws-pilevneli/usr/exhibitions/images/exhibitions/61/dscf3211.jpg",media/f9e3234ac7cc09ed82777068.jpg,saved,48394
"https://static-assets.artlogic.net/w_1600,h_1600,c_limit,f_auto,fl_lossy,q_auto/ws-pilevneli/usr/exhibitions/images/exhibitions/61/dscf3236.jpg",media/8be4087a88e112dfcbae661f.jpg,saved,38244
"https://static-assets.artlogic.net/w_1600,h_1600,c_limit,f_auto,fl_lossy,q_auto/ws-pilevneli/usr/exhibitions/images/exhibitions/61/dscf3226.jpg",media/dbefb6e0126ae495167e8793.jpg,saved,124680
"https://static-assets.artlogic.net/w_1600,h_1600,c_limit,f_auto,fl_lossy,q_auto/ws-pilevneli/usr/exhibitions/images/exhibitions/61/dscf3246.jpg",media/101742eb62802f49b2a196e5.jpg,saved,66758
"https://static-assets.artlogic.net/w_1600,h_1600,c_limit,f_auto,fl_lossy,q_auto/ws-pilevneli/usr/exhibitions/images/exhibitions/61/dscf3251.jpg",media/249615b211fe76b68b8aa4d9.jpg,saved,57500
"https://static-assets.artlogic.net/w_1600,h_1600,c_limit,f_auto,fl_lossy,q_auto/ws-pilevneli/usr/exhibitions/images/exhibitions/61/dscf3261.jpg",media/106339478267a659a867fb1e.jpg,saved,69844
"https://static-assets.artlogic.net/w_1600,h_1600,c_limit,f_auto,fl_lossy,q_auto/ws-pilevneli/usr/exhibitions/images/exhibitions/61/dscf3256.jpg",media/f4db6b58de9737a50a16e81f.jpg,saved,63860
"https://static-assets.artlogic.net/w_1600,h_1600,c_limit,f_auto,fl_lossy,q_auto/ws-pilevneli/usr/exhibitions/images/exhibitions/61/dscf3286.jpg",media/c4f50d7a57866af294927c14.jpg,saved,59700
"https://static-assets.artlogic.net/w_1600,h_1600,c_limit,f_auto,fl_lossy,q_auto/ws-pilevneli/usr/exhibitions/images/exhibitions/61/dscf3291.jpg",media/ca3b8a0a40cdf7f17a457487.jpg,saved,36710
"https://static-assets.artlogic.net/w_1600,h_1600,c_limit,f_auto,fl_lossy,q_auto/ws-pilevneli/usr/exhibitions/images/exhibitions/61/dscf3271.jpg",media/6f6d809a99b4cca831a54256.jpg,saved,51372
"https://static-assets.artlogic.net/w_1600,h_1600,c_limit,f_auto,fl_lossy,q_auto/ws-pilevneli/usr/exhibitions/images/exhibitions/61/dscf3276.jpg",media/83e9e379883f80319c32e250.jpg,saved,141510
"https://static-assets.artlogic.net/w_1600,h_1600,c_limit,f_auto,fl_lossy,q_auto/ws-pilevneli/usr/exhibitions/images/exhibitions/61/dscf4288.jpg",media/63b99d29ccebe490b744caa6.jpg,saved,314644
"https://static-assets.artlogic.net/w_1600,h_1600,c_limit,f_auto,fl_lossy,q_auto/ws-pilevneli/usr/exhibitions/images/exhibitions/61/dscf4249.jpg",media/0dd1786e3db84f86c4ce873e.jpg,saved,245292
"https://static-assets.artlogic.net/w_1600,h_1600,c_limit,f_auto,fl_lossy,q_auto/ws-pilevneli/usr/exhibitions/images/exhibitions/61/dscf4264.jpg",media/9c58cce9733a4816c534159e.jpg,saved,344280
"https://static-assets.artlogic.net/w_1600,h_1600,c_limit,f_auto,fl_lossy,q_auto/ws-pilevneli/usr/exhibitions/images/exhibitions/61/dscf4276.jpg",media/70ccd313baff88e32af0840a.jpg,saved,287696
"https://static-assets.artlogic.net/w_1600,h_1600,c_limit,f_auto,fl_lossy,q_auto/ws-pilevneli/usr/exhibitions/images/exhibitions/61/dscf4242.jpg",media/e891cb029e0e1585fe685044.jpg,saved,261692
"https://static-assets.artlogic.net/w_1600,h_1600,c_limit,f_auto,fl_lossy,q_auto/ws-pilevneli/usr/images/exhibitions/group_images_override/61/pilevneliyal-kavak_listimage.gif",media/b9ef448e372e87fa4c09b08f.gif,saved,33914
"https://static-assets.artlogic.net/w_1600,h_1600,c_limit,f_auto,fl_lossy,q_auto/ws-pilevneli/usr/exhibitions/images/exhibitions/61/ms_factory.jpg",media/16900c8467f2d135f3ff2517.jpg,saved,66042
"https://static-assets.artlogic.net/w_1600,h_1600,c_limit,f_auto,fl_lossy,q_auto/ws-pilevneli/usr/exhibitions/images/exhibitions/61/image002.jpg",media/f5d6eee7c55e73c70b1c0880.jpg,saved,9968
"https://static-assets.artlogic.net/w_1600,h_1600,c_limit,f_auto,fl_lossy,q_auto/ws-pilevneli/usr/exhibitions/images/exhibitions/61/image004.jpg",media/667c47ae4b4d953d5025b9a9.jpg,saved,3104
"https://static-assets.artlogic.net/w_1600,h_1600,c_limit,f_auto,fl_lossy,q_auto/ws-pilevneli/usr/exhibitions/images/exhibitions/61/rockgrowth-58.jpeg",media/a50c91b38a194c857b886e59.jpeg,saved,47040
"https://static-assets.artlogic.net/w_1600,h_1600,c_limit,f_auto,fl_lossy,q_auto/ws-pilevneli/usr/exhibitions/images/exhibitions/61/thenewworldbronze.jpg",media/da5c00faaa900c7e8d978e40.jpg,saved,18672
"https://static-assets.artlogic.net/w_1600,h_1600,c_limit,f_auto,fl_lossy,q_auto/ws-pilevneli/usr/exhibitions/images/exhibitions/61/ariklevy-rockstone-vertical.jpg",media/1dd6994e824037ac31eaa357.jpg,saved,369456
"https://static-assets.artlogic.net/w_1600,h_1600,c_limit,f_auto,fl_lossy,q_auto/ws-pilevneli/usr/exhibitions/images/exhibitions/61/esra3.jpg",media/81d053b8abebfc8680101b74.jpg,saved,32214
"https://static-assets.artlogic.net/w_1600,h_1600,c_limit,f_auto,fl_lossy,q_auto/ws-pilevneli/usr/images/exhibitions/images_and_objects/61/dontplaywithmyemotions_0057_2.jpg",media/55e16f88d9be74a3844382e9.jpg,saved,20896
"https://static-assets.artlogic.net/w_1600,h_1600,c_limit,f_auto,fl_lossy,q_auto/ws-pilevneli/usr/exhibitions/images/exhibitions/61/esra.jpg",media/5a4a3bd1a91045cd74f1a666.jpg,saved,18126
"https://static-assets.artlogic.net/w_1600,h_1600,c_limit,f_auto,fl_lossy,q_auto/ws-pilevneli/usr/exhibitions/images/exhibitions/61/girl-asleep-3.jpg",media/ded6d89b0b3358839a774868.jpg,saved,36610
"https://static-assets.artlogic.net/w_1600,h_1600,c_limit,f_auto,fl_lossy,q_auto/ws-pilevneli/usr/exhibitions/images/exhibitions/61/susie-rose.jpg",media/059a7b94129814ace3d84042.jpg,saved,50872
"https://static-assets.artlogic.net/w_1600,h_1600,c_limit,f_auto,fl_lossy,q_auto/ws-pilevneli/usr/exhibitions/images/exhibitions/61/susie-verde.jpg",media/6e9cf638a756319072ec04d8.jpg,saved,47928
"https://static-assets.artlogic.net/w_1600,h_1600,c_limit,f_auto,fl_lossy,q_auto/ws-pilevneli/usr/exhibitions/images/exhibitions/61/ali-elmac-.gif",media/1f4329fcfbd7cf1e4454b83d.gif,saved,96934
"https://static-assets.artlogic.net/w_1600,h_1600,c_limit,f_auto,fl_lossy,q_auto/ws-pilevneli/usr/exhibitions/images/exhibitions/61/esra2.jpg",media/d4847cfacb1e26caccb66cb4.jpg,saved,26582
"https://static-assets.artlogic.net/w_1600,h_1600,c_limit,f_auto,fl_lossy,q_auto/ws-pilevneli/usr/exhibitions/images/exhibitions/61/pi_4358.jpg",media/acf47bd29480607b0a7a2cb5.jpg,saved,72174
"https://static-assets.artlogic.net/w_1600,h_1600,c_limit,f_auto,fl_lossy,q_auto/ws-pilevneli/usr/exhibitions/images/exhibitions/61/snow-landscape-gate-.gif",media/19e62a031171b494688e73d6.gif,saved,223116
"https://static-assets.artlogic.net/w_1600,h_1600,c_limit,f_auto,fl_lossy,q_auto/ws-pilevneli/usr/exhibitions/images/exhibitions/61/johan_7sins.gif",media/ba927bc98b478ce8830491a3.gif,saved,144026
"https://static-assets.artlogic.net/w_1600,h_1600,c_limit,f_auto,fl_lossy,q_auto/ws-pilevneli/usr/exhibitions/images/exhibitions/61/f3cd7e05-0cb6-40bd-a384-79ab97b41156.jpg",media/6684f634bd794385ead7498e.jpg,saved,95212
"https://static-assets.artlogic.net/w_1600,h_1600,c_limit,f_auto,fl_lossy,q_auto/ws-pilevneli/usr/exhibitions/images/exhibitions/61/stra-enkatze.gif",media/41c0f459d22265bb95122916.gif,saved,60338
"https://static-assets.artlogic.net/w_1600,h_1600,c_limit,f_auto,fl_lossy,q_auto/ws-pilevneli/usr/exhibitions/images/exhibitions/61/saurer-regen.gif",media/f3d7d5dcc03823a270ac9255.gif,saved,43810
"https://static-assets.artlogic.net/w_1600,h_1600,c_limit,f_auto,fl_lossy,q_auto/ws-pilevneli/usr/exhibitions/images/exhibitions/61/lobster-mobster.gif",media/1f276ec84d46da54b5cba1c9.gif,saved,54072
"https://static-assets.artlogic.net/w_1600,h_1600,c_limit,f_auto,fl_lossy,q_auto/ws-pilevneli/usr/exhibitions/images/exhibitions/61/sun-in-shining.gif",media/910f0590527f004615793cbc.gif,saved,120016
"https://static-assets.artlogic.net/w_1600,h_1600,c_limit,f_auto,fl_lossy,q_auto/ws-pilevneli/usr/exhibitions/images/exhibitions/61/godaddystudiopage-0-9.png",media/1a8ca9ae12c886d2ee028d1c.png,saved,120512
"https://static-assets.artlogic.net/w_1600,h_1600,c_limit,f_auto,fl_lossy,q_auto/ws-pilevneli/usr/exhibitions/images/exhibitions/61/richard-wilson-still-life-jug-960x640.jpg",media/705bfdbec543eba3549afa23.jpg,saved,7442
"https://static-assets.artlogic.net/w_1600,h_1600,c_limit,f_auto,fl_lossy,q_auto/ws-pilevneli/usr/exhibitions/images/exhibitions/61/headstone.gif",media/5fb21bbbc262525a30734dfc.gif,saved,78820
"https://static-assets.artlogic.net/w_1600,h_1600,c_limit,f_auto,fl_lossy,q_auto/ws-pilevneli/usr/exhibitions/images/exhibitions/61/frank3.jpg",media/81612ef73c9cb467b8adb139.jpg,saved,19038
"https://static-assets.artlogic.net/w_1600,h_1600,c_limit,f_auto,fl_lossy,q_auto/ws-pilevneli/usr/exhibitions/images/exhibitions/61/frank1.jpg",media/d3f7242b50904fac9d387031.jpg,saved,15176
"https://static-assets.artlogic.net/w_1600,h_1600,c_limit,f_auto,fl_lossy,q_auto/ws-pilevneli/usr/exhibitions/images/exhibitions/61/frank2.jpg",media/7bd8ffd9e07091fa4f920d3b.jpg,saved,20596
"https://static-assets.artlogic.net/w_1600,h_1600,c_limit,f_auto,fl_lossy,q_auto/ws-pilevneli/usr/exhibitions/images/exhibitions/61/pi_4368.jpg",media/3460b1814c22a762fc4d8ae6.jpg,saved,76928
"https://static-assets.artlogic.net/w_1600,h_1600,c_limit,f_auto,fl_lossy,q_auto/ws-pilevneli/usr/images/exhibitions/images_and_objects/61/inconclusive-drone-i-.gif",media/7c1371e9690aef67aefa81df.gif,saved,133378
"https://static-assets.artlogic.net/w_1600,h_1600,c_limit,f_auto,fl_lossy,q_auto/ws-pilevneli/usr/images/exhibitions/images_and_objects/61/inconclusive-drone-ii-.gif",media/a0617d28a464a00f5d813e05.gif,saved,140726
"https://static-assets.artlogic.net/w_1600,h_1600,c_limit,f_auto,fl_lossy,q_auto/ws-pilevneli/usr/images/exhibitions/images_and_objects/61/inconclusive-drone-iii-.gif",media/e7fe7241382b6f88919650e3.gif,saved,106426
"https://static-assets.artlogic.net/w_1600,h_1600,c_limit,f_auto,fl_lossy,q_auto/ws-pilevneli/usr/images/exhibitions/images_and_objects/61/inconclusive-drone-iv-.gif",media/32226c7647b106526aaf0577.gif,saved,128118
"https://static-assets.artlogic.net/w_1600,h_1600,c_limit,f_auto,fl_lossy,q_auto/ws-pilevneli/usr/images/exhibitions/images_and_objects/61/inconclusive-drone-v-.gif",media/db334d6d97ff6268329d2360.gif,saved,84322
"https://static-assets.artlogic.net/w_1600,h_1600,c_limit,f_auto,fl_lossy,q_auto/ws-pilevneli/usr/images/exhibitions/images_and_objects/61/inconclusive-drone-vi-.gif",media/dda08f6d4344c755fe4ec839.gif,saved,115320
"https://static-assets.artlogic.net/w_1600,h_1600,c_limit,f_auto,fl_lossy,q_auto/ws-pilevneli/usr/images/exhibitions/images_and_objects/61/inconclusive-drone-vii-.gif",media/cc987c09f003b9574b1a1797.gif,saved,162306
"https://static-assets.artlogic.net/w_1600,h_1600,c_limit,f_auto,fl_lossy,q_auto/ws-pilevneli/usr/images/exhibitions/images_and_objects/61/inconclusive-drone-viii-.gif",media/d3cb2eee7eba2c69130309fe.gif,saved,126554
"https://static-assets.artlogic.net/w_1600,h_1600,c_limit,f_auto,fl_lossy,q_auto/ws-pilevneli/usr/images/exhibitions/images_and_objects/61/inconclusive-drone-ix-.gif",media/3f53eb258c579b1dc530c17a.gif,saved,111952
"https://static-assets.artlogic.net/w_1600,h_1600,c_limit,f_auto,fl_lossy,q_auto/ws-pilevneli/usr/images/exhibitions/images_and_objects/61/inconclusive-drone-x-.gif",media/fab626814d11fbf110711b07.gif,saved,137692
"https://static-assets.artlogic.net/w_1600,h_1600,c_limit,f_auto,fl_lossy,q_auto/ws-pilevneli/usr/images/exhibitions/images_and_objects/61/inconclusive-drone-xi-.gif",media/f45eb55a56017911e0701788.gif,saved,131446
"https://static-assets.artlogic.net/w_1600,h_1600,c_limit,f_auto,fl_lossy,q_auto/ws-pilevneli/usr/images/exhibitions/images_and_objects/61/inconclusive-drone-xii-.gif",media/30d36442b9b20ad44e449082.gif,saved,149890
"https://static-assets.artlogic.net/w_1600,h_1600,c_limit,f_auto,fl_lossy,q_auto/ws-pilevneli/usr/images/exhibitions/images_and_objects/61/inconclusive-drone-xiii-.gif",media/aa5717cefb652cc65dff261a.gif,saved,135824
"https://static-assets.artlogic.net/w_1600,h_1600,c_limit,f_auto,fl_lossy,q_auto/ws-pilevneli/usr/images/exhibitions/images_and_objects/61/inconclusive-drone-xiv-a-.gif",media/517b2a449dcc37de4dab71e4.gif,saved,134846
"https://static-assets.artlogic.net/w_1600,h_1600,c_limit,f_auto,fl_lossy,q_auto/ws-pilevneli/usr/images/exhibitions/images_and_objects/61/inconclusive-drone-xiv-b-.gif",media/c1f09858f21f2c8d5d94ddc7.gif,saved,126246
"https://static-assets.artlogic.net/w_1600,h_1600,c_limit,f_auto,fl_lossy,q_auto/ws-pilevneli/usr/images/exhibitions/images_and_objects/61/inconclusive-drone-xv-.gif",media/547f53a16914e5cd179fb0db.gif,saved,120344
"https://static-assets.artlogic.net/w_1600,h_1600,c_limit,f_auto,fl_lossy,q_auto/ws-pilevneli/usr/images/exhibitions/images_and_objects/61/inconclusive-drone-xvi-.gif",media/7047112b39da568dcacd43bc.gif,saved,139120
"https://static-assets.artlogic.net/w_1600,h_1600,c_limit,f_auto,fl_lossy,q_auto/ws-pilevneli/usr/images/exhibitions/images_and_objects/61/inconclusive-drone-xvii-.gif",media/480f5a2d25bde67d12840c35.gif,saved,128950
"https://static-assets.artlogic.net/w_1600,h_1600,c_limit,f_auto,fl_lossy,q_auto/ws-pilevneli/usr/images/exhibitions/images_and_objects/61/inconclusive-drone-xviii-.gif",media/d5f388fb6ba8ef5e997d32a9.gif,saved,132024
"https://static-assets.artlogic.net/w_1600,h_1600,c_limit,f_auto,fl_lossy,q_auto/ws-pilevneli/usr/images/exhibitions/images_and_objects/61/inconclusive-drone-xix-.gif",media/abd2c7da16a7fb0239af1b5b.gif,saved,128822
"https://static-assets.artlogic.net/w_1600,h_1600,c_limit,f_auto,fl_lossy,q_auto/ws-pilevneli/usr/images/exhibitions/images_and_objects/61/inconclusive-drone-xx-.gif",media/cfebc66a2ec35f07e3f265d6.gif,saved,110998
"https://static-assets.artlogic.net/w_1600,h_1600,c_limit,f_auto,fl_lossy,q_auto/ws-pilevneli/usr/images/exhibitions/images_and_objects/61/inconclusive-drone-xxi-.gif",media/e946173cb26baa3b30cff404.gif,saved,128170
"https://static-assets.artlogic.net/w_1600,h_1600,c_limit,f_auto,fl_lossy,q_auto/ws-pilevneli/usr/images/exhibitions/images_and_objects/61/inconclusive-drone-xxii-.gif",media/9bdf7d4bdb2526addf8b0bc9.gif,saved,140234
"https://static-assets.artlogic.net/w_1600,h_1600,c_limit,f_auto,fl_lossy,q_auto/ws-pilevneli/usr/images/exhibitions/images_and_objects/61/inconclusive-drone-xxiii-.gif",media/cf9afcb3a323174c11431df2.gif,saved,134922
"https://static-assets.artlogic.net/w_1600,h_1600,c_limit,f_auto,fl_lossy,q_auto/ws-pilevneli/usr/images/exhibitions/images_and_objects/61/inconclusive-drone-xxvi-.gif",media/dda123aee50d0cf8d740d5ac.gif,saved,90796
"https://static-assets.artlogic.net/w_1600,h_1600,c_limit,f_auto,fl_lossy,q_auto/ws-pilevneli/usr/exhibitions/images/exhibitions/61/ez3.gif",media/546bee353275309616d995d2.gif,saved,244042
"https://static-assets.artlogic.net/w_1600,h_1600,c_limit,f_auto,fl_lossy,q_auto/ws-pilevneli/usr/exhibitions/images/exhibitions/61/ez2.gif",media/8b49bffd51a1b3a2c536097e.gif,saved,144022
"https://static-assets.artlogic.net/w_1600,h_1600,c_limit,f_auto,fl_lossy,q_auto/ws-pilevneli/usr/exhibitions/images/exhibitions/61/ez.gif",media/82c325302b01bf2f248479c4.gif,saved,214084
"https://static-assets.artlogic.net/w_1600,h_1600,c_limit,f_auto,fl_lossy,q_auto/ws-pilevneli/usr/exhibitions/images/exhibitions/61/photoleap-3.png",media/e263f839cac99d18f34a5537.png,saved,228840
"https://static-assets.artlogic.net/w_1600,h_1600,c_limit,f_auto,fl_lossy,q_auto/ws-pilevneli/usr/exhibitions/images/exhibitions/61/ariklevy_rockgrowth280root.jpg",media/b68e399477e95a5cafb5af29.jpg,saved,19564
"https://static-assets.artlogic.net/w_1600,h_1600,c_limit,f_auto,fl_lossy,q_auto/ws-pilevneli/usr/exhibitions/images/exhibitions/61/ariklevy_rocktotem181.jpg",media/210dff1aa326c44c456cf17f.jpg,saved,104634
"https://static-assets.artlogic.net/w_1600,h_1600,c_limit,f_auto,fl_lossy,q_auto/ws-pilevneli/usr/exhibitions/images/exhibitions/61/mutualair.png",media/04f5f6fd16b9a70534d67bcb.png,saved,159616
"https://static-assets.artlogic.net/w_1600,h_1600,c_limit,f_auto,fl_lossy,q_auto/ws-pilevneli/usr/exhibitions/images/exhibitions/61/ariklevy_rockformationtower147.jpg",media/484644da727527509dee6f77.jpg,saved,103896
"https://static-assets.artlogic.net/w_1600,h_1600,c_limit,f_auto,fl_lossy,q_auto/ws-pilevneli/usr/exhibitions/images/exhibitions/61/ariklevy_rockstonemesh.jpg",media/e947dd45154c60a41b4d8e6b.jpg,saved,312648
"https://static-assets.artlogic.net/w_1600,h_1600,c_limit,f_auto,fl_lossy,q_auto/ws-pilevneli/usr/exhibitions/images/exhibitions/61/img_9066.png",media/f67721fe6699628c1f4a2a48.png,saved,40778
"https://static-assets.artlogic.net/w_1600,h_1600,c_limit,f_auto,fl_lossy,q_auto/ws-pilevneli/usr/exhibitions/images/exhibitions/61/img_9067.png",media/ced39fdc1097a9de2a288e98.png,saved,35940
"https://static-assets.artlogic.net/w_1600,h_1600,c_limit,f_auto,fl_lossy,q_auto/ws-pilevneli/usr/exhibitions/images/exhibitions/61/img_9068.png",media/2e5607c90ce4adb5ff7f8605.png,saved,84878
"https://static-assets.artlogic.net/w_1600,h_1600,c_limit,f_auto,fl_lossy,q_auto/ws-pilevneli/usr/exhibitions/images/exhibitions/61/img_9069.png",media/83d86573c2add23d24507cfd.png,saved,54984
"https://static-assets.artlogic.net/w_1600,h_1600,c_limit,f_auto,fl_lossy,q_auto/ws-pilevneli/usr/exhibitions/images/exhibitions/61/img_9070.png",media/aaab2a93b70a5a3b3ea2a770.png,saved,78248
"https://static-assets.artlogic.net/w_1600,h_1600,c_limit,f_auto,fl_lossy,q_auto/ws-pilevneli/usr/exhibitions/images/exhibitions/61/img_9071.png",media/92f23ab43f2a82a81990191c.png,saved,51510
"https://static-assets.artlogic.net/w_1600,h_1600,c_limit,f_auto,fl_lossy,q_auto/ws-pilevneli/usr/exhibitions/images/exhibitions/61/p_10176.jpg",media/98e4d9305d483af91fca3306.jpg,saved,101520
"https://static-assets.artlogic.net/w_1600,h_1600,c_limit,f_auto,fl_lossy,q_auto/ws-pilevneli/usr/exhibitions/images/exhibitions/61/meltem.gif",media/a2638666daab0529257707c8.gif,saved,45150
"https://static-assets.artlogic.net/w_1600,h_1600,c_limit,f_auto,fl_lossy,q_auto/ws-pilevneli/usr/exhibitions/images/exhibitions/61/img_9072.png",media/178715707a2eeea17e0ef6aa.png,saved,147436
"https://static-assets.artlogic.net/w_1600,h_1600,c_limit,f_auto,fl_lossy,q_auto/ws-pilevneli/usr/exhibitions/images/exhibitions/61/hayalini-kurmak_dt.gif",media/c2789b71379d8ca90c469372.gif,saved,752248
"https://static-assets.artlogic.net/w_1600,h_1600,c_limit,f_auto,fl_lossy,q_auto/ws-pilevneli/usr/exhibitions/images/exhibitions/61/p_10165.jpg",media/fdbe15430ed1ec0d5ad595d4.jpg,saved,21002
"https://static-assets.artlogic.net/w_1600,h_1600,c_limit,f_auto,fl_lossy,q_auto/ws-pilevneli/usr/exhibitions/images/exhibitions/61/p_10164.jpg",media/ec447e009436ce453020bca7.jpg,saved,20234
"https://static-assets.artlogic.net/w_1600,h_1600,c_limit,f_auto,fl_lossy,q_auto/ws-pilevneli/usr/exhibitions/images/exhibitions/61/ekran-al-nt-s-.jpg",media/fb94756c035a7cd43d2bbef5.jpg,saved,12026
"https://static-assets.artlogic.net/w_1600,h_1600,c_limit,f_auto,fl_lossy,q_auto/ws-pilevneli/usr/exhibitions/images/exhibitions/61/screen-shot-2021-07-06-at-20.32.54.png",media/bb1c42d11e0b8fa3487f37c9.png,saved,131336
"https://static-assets.artlogic.net/w_1600,h_1600,c_limit,f_auto,fl_lossy,q_auto/ws-pilevneli/usr/exhibitions/images/exhibitions/61/screen-shot-2021-07-06-at-20.33.03.png",media/ae06682b22c5e81629cf7809.png,saved,138994
"https://static-assets.artlogic.net/w_1600,h_1600,c_limit,f_auto,fl_lossy,q_auto/ws-pilevneli/usr/exhibitions/images/exhibitions/61/2022_na_socialfabric_many_paths_crossing_fotodk.jpg",media/f489fffffa6fec03838cca96.jpg,saved,133076
"https://static-assets.artlogic.net/w_1600,h_1600,c_limit,f_auto,fl_lossy,q_auto/ws-pilevneli/usr/exhibitions/images/exhibitions/61/2022_na_socialfabric_compass_fotodk-kopie.jpeg",media/95386596a0007e7df1b1717c.jpeg,saved,128680
"https://static-assets.artlogic.net/w_1600,h_1600,c_limit,f_auto,fl_lossy,q_auto/ws-pilevneli/usr/exhibitions/images/exhibitions/61/zlemek_dt.gif",media/07a5a9fdd98b191a1aefe6a9.gif,saved,753372
"https://static-assets.artlogic.net/w_1600,h_1600,c_limit,f_auto,fl_lossy,q_auto/ws-pilevneli/usr/exhibitions/images/exhibitions/61/jcr_a053401_368777_master-2.gif",media/dac508b80dafe2e4631a402f.gif,saved,79330
"https://static-assets.artlogic.net/w_1600,h_1600,c_limit,f_auto,fl_lossy,q_auto/ws-pilevneli/usr/exhibitions/images/exhibitions/61/jcr_a053400_368776_master.gif",media/167a7c3303ac0f731fe1d4bb.gif,saved,72812
"https://static-assets.artlogic.net/w_1600,h_1600,c_limit,f_auto,fl_lossy,q_auto/ws-pilevneli/usr/exhibitions/images/exhibitions/61/she-her-3_gif.gif",media/0e81147e6ee79b0e6cbb7977.gif,saved,205188
"https://static-assets.artlogic.net/w_1600,h_1600,c_limit,f_auto,fl_lossy,q_auto/ws-pilevneli/usr/exhibitions/images/exhibitions/61/he-him-2_gif.gif",media/a7da1f21c15b4fbd3c651069.gif,saved,197006
"https://static-assets.artlogic.net/w_1600,h_1600,c_limit,f_auto,fl_lossy,q_auto/ws-pilevneli/usr/exhibitions/images/exhibitions/61/he-him-1_gif.gif",media/1f6d5f8da7fa940c5253640b.gif,saved,190040
"https://static-assets.artlogic.net/w_1600,h_1600,c_limit,f_auto,fl_lossy,q_auto/ws-pilevneli/usr/exhibitions/images/exhibitions/61/whatsapp-image-2022-08-16-at-13.28.09-1-.jpeg",media/3cdda3dddbae528b0211c9d5.jpeg,saved,35374
"https://static-assets.artlogic.net/w_1600,h_1600,c_limit,f_auto,fl_lossy,q_auto/ws-pilevneli/usr/exhibitions/images/exhibitions/61/tt.gif",media/1aadb54a3a2bc92fa72dd017.gif,saved,200678
"https://static-assets.artlogic.net/w_1600,h_1600,c_limit,f_auto,fl_lossy,q_auto/ws-pilevneli/usr/exhibitions/images/exhibitions/61/image003.jpg",media/3df39b06618e75e3032a4ceb.jpg,saved,5884
"https://static-assets.artlogic.net/w_1600,h_1600,c_limit,f_auto,fl_lossy,q_auto/ws-pilevneli/usr/exhibitions/images/exhibitions/61/ref-k-a.jpg",media/47a7d1b1fbf6d89eadd2f0d8.jpg,saved,22014
"https://static-assets.artlogic.net/w_1600,h_1600,c_limit,f_auto,fl_lossy,q_auto/ws-pilevneli/usr/exhibitions/images/exhibitions/61/ref-k-b.jpg",media/c5bc813fbff7b5811d6655f2.jpg,saved,20654
"https://static-assets.artlogic.net/w_1600,h_1600,c_limit,f_auto,fl_lossy,q_auto/ws-pilevneli/usr/exhibitions/images/exhibitions/61/ref-k-c.jpg",media/725bf8758d84c72918d7db52.jpg,saved,19974
"https://static-assets.artlogic.net/w_1600,h_1600,c_limit,f_auto,fl_lossy,q_auto/ws-pilevneli/usr/exhibitions/images/exhibitions/61/photo-2022-06-30-13-58-21.jpg",media/a86b9ab0853f92812dfe52ec.jpg,saved,6638
"https://static-assets.artlogic.net/w_1600,h_1600,c_limit,f_auto,fl_lossy,q_auto/ws-pilevneli/usr/exhibitions/images/exhibitions/61/img_9024.jpg",media/f391b9ef63aacdb9a6c45399.jpg,saved,22836
"https://static-assets.artlogic.net/w_1600,h_1600,c_limit,f_auto,fl_lossy,q_auto/ws-pilevneli/usr/exhibitions/images/exhibitions/61/ms80.jpg",media/54e54017fc5e4db1a33a02db.jpg,saved,15386
"https://static-assets.artlogic.net/w_1600,h_1600,c_limit,f_auto,fl_lossy,q_auto/ws-pilevneli/usr/exhibitions/images/exhibitions/61/ariklevy-abstractstone-199_01.jpeg",media/a3528a77de1e43dab614e37f.jpeg,saved,49460
"https://static-assets.artlogic.net/w_1600,h_1600,c_limit,f_auto,fl_lossy,q_auto/ws-pilevneli/usr/images/artists/artwork_image_for_artists_page/items/98/98e7c1e1be6b4998899fd8514b49761c/ba020-image.jpg",media/bd5c024c41a7fb252bf1695b.jpg,saved,52136
"https://static-assets.artlogic.net/w_1600,h_1600,c_limit,f_auto,fl_lossy,q_auto/ws-pilevneli/usr/images/artists/artwork_image_for_artists_page/items/f3/f3e88b38c57441b59bd341109543ddc1/p_19071.jpg",media/471a3ae143c36d1273eeb4e4.jpg,saved,156940
"https://static-assets.artlogic.net/w_1600,h_1600,c_limit,f_auto,fl_lossy,q_auto/ws-pilevneli/usr/images/artists/artwork_image_for_artists_page/items/f8/f8c3714dcd8c42c183770c7008b5a125/image.jpg",media/997802bf361e53acf9dfa3f0.jpg,saved,81928
"https://static-assets.artlogic.net/w_1600,h_1600,c_limit,f_auto,fl_lossy,q_auto/ws-pilevneli/usr/images/artists/artwork_image_for_artists_page/items/2e/2e079d20304f4ce1915b8e0de51e6d24/bm003-image.jpg",media/dc6aef099164866b94aa664c.jpg,saved,105546
"https://static-assets.artlogic.net/w_1600,h_1600,c_limit,f_auto,fl_lossy,q_auto/ws-pilevneli/usr/images/artists/artwork_image_for_artists_page/items/4a/4a7d5968f66f431abab5209c877760c2/fn62-2-101-image.jpg",media/5ad8706b4ef9a96b4723bc35.jpg,saved,52610
"https://static-assets.artlogic.net/w_1600,h_1600,c_limit,f_auto,fl_lossy,q_auto/ws-pilevneli/usr/images/artists/artwork_image_for_artists_page/items/65/65083c7c08284873988bd179e5a81927/img_5308.jpg",media/cf7c41d96ccc2df93e349145.jpg,saved,30696
"https://static-assets.artlogic.net/w_1600,h_1600,c_limit,f_auto,fl_lossy,q_auto/ws-pilevneli/usr/exhibitions/images/exhibitions/62/dscf4048.jpg",media/786c85cec6f470d864efb3de.jpg,saved,49100
"https://static-assets.artlogic.net/w_1600,h_1600,c_limit,f_auto,fl_lossy,q_auto/ws-pilevneli/usr/exhibitions/images/exhibitions/62/dscf4000.jpg",media/76489e535d4591b9f1cda3d3.jpg,saved,61788
"https://static-assets.artlogic.net/w_1600,h_1600,c_limit,f_auto,fl_lossy,q_auto/ws-pilevneli/usr/exhibitions/images/exhibitions/62/dscf3991.jpg",media/4b827076eb494612d1e5d345.jpg,saved,49234
"https://static-assets.artlogic.net/w_1600,h_1600,c_limit,f_auto,fl_lossy,q_auto/ws-pilevneli/usr/exhibitions/images/exhibitions/62/dscf4021.jpg",media/0a586637426670acbd4bec63.jpg,saved,54548
"https://static-assets.artlogic.net/w_1600,h_1600,c_limit,f_auto,fl_lossy,q_auto/ws-pilevneli/usr/exhibitions/images/exhibitions/62/dscf4015.jpg",media/2441bf01aef3ecc540b0c0c2.jpg,saved,34498
"https://static-assets.artlogic.net/w_1600,h_1600,c_limit,f_auto,fl_lossy,q_auto/ws-pilevneli/usr/exhibitions/images/exhibitions/62/dscf4042.jpg",media/9a3338ec4b76cd2f2574bf75.jpg,saved,104432
"https://static-assets.artlogic.net/w_1600,h_1600,c_limit,f_auto,fl_lossy,q_auto/ws-pilevneli/usr/exhibitions/images/exhibitions/62/dscf4024.jpg",media/9341afca96dc32a83c8967be.jpg,saved,53828
"https://static-assets.artlogic.net/w_1600,h_1600,c_limit,f_auto,fl_lossy,q_auto/ws-pilevneli/usr/exhibitions/images/exhibitions/62/dscf3994.jpg",media/742ac97177936b39aee84426.jpg,saved,42250
"https://static-assets.artlogic.net/w_1600,h_1600,c_limit,f_auto,fl_lossy,q_auto/ws-pilevneli/usr/exhibitions/images/exhibitions/62/dscf3996.jpg",media/f7e2f465f76708151da9e169.jpg,saved,21360
"https://static-assets.artlogic.net/w_1600,h_1600,c_limit,f_auto,fl_lossy,q_auto/ws-pilevneli/usr/exhibitions/images/exhibitions/62/dscf4006.jpg",media/cde810f118e2bd6ff8d9d0fe.jpg,saved,36912
"https://static-assets.artlogic.net/w_1600,h_1600,c_limit,f_auto,fl_lossy,q_auto/ws-pilevneli/usr/exhibitions/images/exhibitions/62/dscf3997.jpg",media/8dfea26ca3da6ae27b8bc1e4.jpg,saved,42274
"https://static-assets.artlogic.net/w_1600,h_1600,c_limit,f_auto,fl_lossy,q_auto/ws-pilevneli/usr/exhibitions/images/exhibitions/62/dscf4027.jpg",media/18a7983daa2d148a04276549.jpg,saved,96396
"https://static-assets.artlogic.net/w_1600,h_1600,c_limit,f_auto,fl_lossy,q_auto/ws-pilevneli/usr/exhibitions/images/exhibitions/62/dscf4035.jpg",media/50269010854c9aea39b7476c.jpg,saved,105268
"https://static-assets.artlogic.net/w_1600,h_1600,c_limit,f_auto,fl_lossy,q_auto/ws-pilevneli/usr/exhibitions/images/exhibitions/62/dscf4009.jpg",media/31fbe3eacb1fa00dab9386fc.jpg,saved,60660
"https://static-assets.artlogic.net/w_1600,h_1600,c_limit,f_auto,fl_lossy,q_auto/ws-pilevneli/usr/exhibitions/images/exhibitions/62/dscf4039.jpg",media/2cfacf025619a93e0d52e045.jpg,saved,131394
"https://static-assets.artlogic.net/w_1600,h_1600,c_limit,f_auto,fl_lossy,q_auto/ws-pilevneli/usr/exhibitions/images/exhibitions/62/dscf4071.jpg",media/ee431287ee4c8e6742bdee9b.jpg,saved,33380
"https://static-assets.artlogic.net/w_1600,h_1600,c_limit,f_auto,fl_lossy,q_auto/ws-pilevneli/usr/exhibitions/images/exhibitions/62/dscf4068.jpg",media/7f34c0765bbd4e793ac37e27.jpg,saved,38316
"https://static-assets.artlogic.net/w_1600,h_1600,c_limit,f_auto,fl_lossy,q_auto/ws-pilevneli/usr/exhibitions/images/exhibitions/62/dscf4065.jpg",media/de04c9f037ad96a91b7e1077.jpg,saved,46604
"https://static-assets.artlogic.net/w_1600,h_1600,c_limit,f_auto,fl_lossy,q_auto/ws-pilevneli/usr/exhibitions/images/exhibitions/62/dscf4059.jpg",media/d2b143c51dd4ffaf5c6d4568.jpg,saved,42072
"https://static-assets.artlogic.net/w_1600,h_1600,c_limit,f_auto,fl_lossy,q_auto/ws-pilevneli/usr/exhibitions/images/exhibitions/62/dscf4080.jpg",media/e1a1c4544462904d0625e58b.jpg,saved,104552
"https://static-assets.artlogic.net/w_1600,h_1600,c_limit,f_auto,fl_lossy,q_auto/ws-pilevneli/usr/exhibitions/images/exhibitions/62/dscf4062.jpg",media/87023256841dde30343cad84.jpg,saved,53964
"https://static-assets.artlogic.net/w_1600,h_1600,c_limit,f_auto,fl_lossy,q_auto/ws-pilevneli/usr/exhibitions/images/exhibitions/62/dscf4214.jpg",media/f00844b24609693bb2551649.jpg,saved,74144
"https://static-assets.artlogic.net/w_1600,h_1600,c_limit,f_auto,fl_lossy,q_auto/ws-pilevneli/usr/exhibitions/images/exhibitions/62/dscf4118.jpg",media/bc82d742287b7c3eb17fa1e8.jpg,saved,52696
"https://static-assets.artlogic.net/w_1600,h_1600,c_limit,f_auto,fl_lossy,q_auto/ws-pilevneli/usr/exhibitions/images/exhibitions/62/dscf4160.jpg",media/b536a4ac7c8adf5d63d2a4ab.jpg,saved,57024
"https://static-assets.artlogic.net/w_1600,h_1600,c_limit,f_auto,fl_lossy,q_auto/ws-pilevneli/usr/exhibitions/images/exhibitions/62/dscf4136.jpg",media/447e2e2f61e501a68bf6c59a.jpg,saved,72536
"https://static-assets.artlogic.net/w_1600,h_1600,c_limit,f_auto,fl_lossy,q_auto/ws-pilevneli/usr/exhibitions/images/exhibitions/62/dscf4127.jpg",media/0801ae24e4e7a00906295674.jpg,saved,43232
"https://static-assets.artlogic.net/w_1600,h_1600,c_limit,f_auto,fl_lossy,q_auto/ws-pilevneli/usr/exhibitions/images/exhibitions/62/dscf4121.jpg",media/294184af1af03cf753f765d3.jpg,saved,37368
"https://static-assets.artlogic.net/w_1600,h_1600,c_limit,f_auto,fl_lossy,q_auto/ws-pilevneli/usr/exhibitions/images/exhibitions/62/dscf4178.jpg",media/ebcf133bf1fc32b828cf3c07.jpg,saved,45816
"https://static-assets.artlogic.net/w_1600,h_1600,c_limit,f_auto,fl_lossy,q_auto/ws-pilevneli/usr/exhibitions/images/exhibitions/62/dscf4151.jpg",media/aab2fd8844a54ff867b07d9f.jpg,saved,54220
"https://static-assets.artlogic.net/w_1600,h_1600,c_limit,f_auto,fl_lossy,q_auto/ws-pilevneli/usr/exhibitions/images/exhibitions/62/dscf4057.jpg",media/04655a60388f899dc4470cf8.jpg,saved,547816
"https://static-assets.artlogic.net/w_1600,h_1600,c_limit,f_auto,fl_lossy,q_auto/ws-pilevneli/usr/exhibitions/images/exhibitions/62/dscf4055.jpg",media/124e32f3ef0eacdbd588175c.jpg,saved,427702
"https://static-assets.artlogic.net/w_1600,h_1600,c_limit,f_auto,fl_lossy,q_auto/ws-pilevneli/usr/exhibitions/images/exhibitions/62/dscf4240.jpg",media/8b913b769555da7505abd966.jpg,saved,592826
"https://static-assets.artlogic.net/w_1600,h_1600,c_limit,f_auto,fl_lossy,q_auto/ws-pilevneli/usr/exhibitions/images/exhibitions/62/dscf4238.jpg",media/8c396203f36e61bed053da2f.jpg,saved,464304
"https://static-assets.artlogic.net/w_1600,h_1600,c_limit,f_auto,fl_lossy,q_auto/ws-pilevneli/usr/exhibitions/images/exhibitions/62/dscf4168.jpg",media/9e015ca3b0c67a2858127934.jpg,saved,38670
"https://static-assets.artlogic.net/w_1600,h_1600,c_limit,f_auto,fl_lossy,q_auto/ws-pilevneli/usr/exhibitions/images/exhibitions/62/dscf4186.jpg",media/057d48625ee5a928f1d7cc9d.jpg,saved,30688
"https://static-assets.artlogic.net/w_1600,h_1600,c_limit,f_auto,fl_lossy,q_auto/ws-pilevneli/usr/exhibitions/images/exhibitions/62/dscf4175.jpg",media/6130d828bab52a65c697e8d1.jpg,saved,20672
"https://static-assets.artlogic.net/w_1600,h_1600,c_limit,f_auto,fl_lossy,q_auto/ws-pilevneli/usr/exhibitions/images/exhibitions/62/dscf4184.jpg",media/84e4e46d190d7294316df70a.jpg,saved,18770
"https://static-assets.artlogic.net/w_1600,h_1600,c_limit,f_auto,fl_lossy,q_auto/ws-pilevneli/usr/exhibitions/images/exhibitions/62/dscf4205.jpg",media/d4abe9e851484ad487cb71c8.jpg,saved,40006
"https://static-assets.artlogic.net/w_1600,h_1600,c_limit,f_auto,fl_lossy,q_auto/ws-pilevneli/usr/exhibitions/images/exhibitions/62/dscf4190.jpg",media/cbbaa7a62eeab7484188a7da.jpg,saved,60912
"https://static-assets.artlogic.net/w_1600,h_1600,c_limit,f_auto,fl_lossy,q_auto/ws-pilevneli/usr/exhibitions/images/exhibitions/62/dscf4208.jpg",media/b13e3cfb10474a3b82992b07.jpg,saved,126962
"https://static-assets.artlogic.net/w_1600,h_1600,c_limit,f_auto,fl_lossy,q_auto/ws-pilevneli/usr/exhibitions/images/exhibitions/62/big_pata2019_0407aa.jpg",media/f86727279a94d8640100fe9f.jpg,saved,54870
"https://static-assets.artlogic.net/w_1600,h_1600,c_limit,f_auto,fl_lossy,q_auto/ws-pilevneli/usr/exhibitions/images/exhibitions/62/big_haop2019_12da.jpg",media/473f4aaac0534bd232a708ff.jpg,saved,125016
"https://static-assets.artlogic.net/w_1600,h_1600,c_limit,f_auto,fl_lossy,q_auto/ws-pilevneli/usr/exhibitions/images/exhibitions/62/big_mipi2018_0402da.jpg",media/8bedb59d3175047844ceef6d.jpg,saved,57012
"https://static-assets.artlogic.net/w_1600,h_1600,c_limit,f_auto,fl_lossy,q_auto/ws-pilevneli/usr/exhibitions/images/exhibitions/62/big_pata2019_0425da.jpg",media/5e0679cc7f0dbb88de805b76.jpg,saved,79930
"https://static-assets.artlogic.net/w_1600,h_1600,c_limit,f_auto,fl_lossy,q_auto/ws-pilevneli/usr/exhibitions/images/exhibitions/62/dscf40687.jpg",media/42263d8195532f3512468db3.jpg,saved,32586
"https://static-assets.artlogic.net/w_1600,h_1600,c_limit,f_auto,fl_lossy,q_auto/ws-pilevneli/usr/exhibitions/images/exhibitions/62/kan_i_5_00-courtesy-of-the-artist-k-nig-galerie-1-.jpg",media/b7db096fd2a7fdf3ff8414bd.jpg,saved,95724
"https://static-assets.artlogic.net/w_1600,h_1600,c_limit,f_auto,fl_lossy,q_auto/ws-pilevneli/usr/exhibitions/images/exhibitions/62/kan_i-8_00-courtesy-of-the-artist-k-nig-galerie-1-.jpg",media/7f93cbd7ea9406b4be96b833.jpg,saved,49582
"https://static-assets.artlogic.net/w_1600,h_1600,c_limit,f_auto,fl_lossy,q_auto/ws-pilevneli/usr/exhibitions/images/exhibitions/62/kan_i_2_00-courtesy-of-the-artist-k-nig-galerie-1-.jpg",media/851ca9931ff3322c956c8036.jpg,saved,107246
"https://static-assets.artlogic.net/w_1600,h_1600,c_limit,f_auto,fl_lossy,q_auto/ws-pilevneli/usr/exhibitions/images/exhibitions/62/erdogan1.jpg",media/c53f0354742e1068b50f362a.jpg,saved,13870
"https://static-assets.artlogic.net/w_1600,h_1600,c_limit,f_auto,fl_lossy,q_auto/ws-pilevneli/usr/exhibitions/images/exhibitions/62/erdogan2.jpg",media/cfd778b9f183aa2f23f73795.jpg,saved,18438
"https://static-assets.artlogic.net/w_1600,h_1600,c_limit,f_auto,fl_lossy,q_auto/ws-pilevneli/usr/exhibitions/images/exhibitions/62/erdogan3.jpg",media/76d8bcfac4a0a10eb0c3fcfb.jpg,saved,18672
"https://static-assets.artlogic.net/w_1600,h_1600,c_limit,f_auto,fl_lossy,q_auto/ws-pilevneli/usr/exhibitions/images/exhibitions/62/big_pata2019_0408da.jpg",media/86721fc6615c004ae4eb05c1.jpg,saved,118502
"https://static-assets.artlogic.net/w_1600,h_1600,c_limit,f_auto,fl_lossy,q_auto/ws-pilevneli/usr/exhibitions/images/exhibitions/62/big_pata2019_0406da.jpg",media/17db33b451b1efb8a0a87b36.jpg,saved,67430
"https://static-assets.artlogic.net/w_1600,h_1600,c_limit,f_auto,fl_lossy,q_auto/ws-pilevneli/usr/exhibitions/images/exhibitions/63/2021_na_resonatingspace_cornerharp_red_foto_nevinaladag.jpg",media/f74cbbaeefae737174f9493a.jpg,saved,75102
"https://static-assets.artlogic.net/w_1600,h_1600,c_limit,f_auto,fl_lossy,q_auto/ws-pilevneli/usr/exhibitions/images/exhibitions/63/2021_na_resonatingspace_cornerguitar_yellow_villastuck_fotojann_averwerser.jpg",media/d8ef3c659d08f7981f11ca26.jpg,saved,23636
"https://static-assets.artlogic.net/w_1600,h_1600,c_limit,f_auto,fl_lossy,q_auto/ws-pilevneli/usr/exhibitions/images/exhibitions/63/2019_nevinaladag_resonator_percussion_foto_trevorgood_a.jpg",media/1475d473587c7e54e7662b4f.jpg,saved,72032
"https://static-assets.artlogic.net/w_1600,h_1600,c_limit,f_auto,fl_lossy,q_auto/ws-pilevneli/usr/exhibitions/images/exhibitions/63/2021_na_resonatingspace_4drums_foto_matthiaskolb.jpg",media/bfdff88201d3af549ecf8de1.jpg,saved,31390
"https://static-assets.artlogic.net/w_1600,h_1600,c_limit,f_auto,fl_lossy,q_auto/ws-pilevneli/usr/exhibitions/images/exhibitions/63/2021_na_resonationspace_roundbells180_foto_matthiaskolb_2.jpg",media/08642d22c8e293c6c5a44058.jpg,saved,87632
"https://static-assets.artlogic.net/w_1600,h_1600,c_limit,f_auto,fl_lossy,q_auto/ws-pilevneli/usr/exhibitions/images/exhibitions/63/2021_bodyinstruments_ahoyamsterdammatthiaswilli_16.jpg",media/27784d91e284e0b6d6d4c1af.jpg,saved,323600
"https://static-assets.artlogic.net/w_1600,h_1600,c_limit,f_auto,fl_lossy,q_auto/ws-pilevneli/usr/exhibitions/images/exhibitions/63/12.jpg",media/fee660d844da9b16456f482c.jpg,saved,38064
"https://static-assets.artlogic.net/w_1600,h_1600,c_limit,f_auto,fl_lossy,q_auto/ws-pilevneli/usr/exhibitions/images/exhibitions/63/2021_na_patternkinship_screenstarlight_villastuck5_fotojannaverwerser_b.jpg",media/bff763aa5e22ff3771a2e77f.jpg,saved,244282
"https://static-assets.artlogic.net/w_1600,h_1600,c_limit,f_auto,fl_lossy,q_auto/ws-pilevneli/usr/exhibitions/images/exhibitions/63/2022_na_patternkinship_bubbles_sketch_nevinaladag.jpg",media/ab3d392b942c59c008c73998.jpg,saved,265748
"https://static-assets.artlogic.net/w_1600,h_1600,c_limit,f_auto,fl_lossy,q_auto/ws-pilevneli/usr/exhibitions/images/exhibitions/63/2022_na_socialfabric_river_fotodanielakohl_p.gif",media/1caa71b256368be505a63ffc.gif,saved,132822
"https://static-assets.artlogic.net/w_1600,h_1600,c_limit,f_auto,fl_lossy,q_auto/ws-pilevneli/usr/exhibitions/images/exhibitions/63/2021_nevinaladag_socialfabric_southwest_fototrevorgood.gif",media/c4f858beb5d74f6a999813be.gif,saved,189164
"https://static-assets.artlogic.net/w_1600,h_1600,c_limit,f_auto,fl_lossy,q_auto/ws-pilevneli/usr/exhibitions/images/exhibitions/63/2021_nevinaladag_socialfabric_skylightspring_fototrevorgood.gif",media/63b78089f9fe969b6fc44c05.gif,saved,167236
"https://static-assets.artlogic.net/w_1600,h_1600,c_limit,f_auto,fl_lossy,q_auto/ws-pilevneli/usr/exhibitions/images/exhibitions/63/2021_nevinaladag_socialfabric_skylightsummer_fototrevorgood.gif",media/2722a11da3ac598ff11b76de.gif,saved,169112
"https://static-assets.artlogic.net/w_1600,h_1600,c_limit,f_auto,fl_lossy,q_auto/ws-pilevneli/usr/exhibitions/images/exhibitions/63/2022_socialfabric_jump_204x140cm.gif",media/8acee0a130d8858d7c64659e.gif,saved,255142
"https://static-assets.artlogic.net/w_1600,h_1600,c_limit,f_auto,fl_lossy,q_auto/ws-pilevneli/usr/exhibitions/images/exhibitions/63/2022_socialfabric_flip_204x140cm.gif",media/bdff0526c1293c734a735042.gif,saved,267972
"https://static-assets.artlogic.net/w_1600,h_1600,c_limit,f_auto,fl_lossy,q_auto/ws-pilevneli/usr/exhibitions/images/exhibitions/63/2022_socialfabric_turn_204x140cm.gif",media/c58a0fd89d40cd22d390a36f.gif,saved,172424
"https://static-assets.artlogic.net/w_1600,h_1600,c_limit,f_auto,fl_lossy,q_auto/ws-pilevneli/usr/exhibitions/images/exhibitions/63/2022_socialfabric_dive_204x140cm.gif",media/2adc625f81c634b20c77bd5b.gif,saved,159016
"https://static-assets.artlogic.net/w_1600,h_1600,c_limit,f_auto,fl_lossy,q_auto/ws-pilevneli/usr/exhibitions/images/exhibitions/63/blau1.jpg",media/31c11727a122dd07ef64ae75.jpg,saved,17208
"https://static-assets.artlogic.net/w_1600,h_1600,c_limit,f_auto,fl_lossy,q_auto/ws-pilevneli/usr/exhibitions/images/exhibitions/63/blau2.jpg",media/c3401f86b02268ebb9c4f7f2.jpg,saved,15420
"https://static-assets.artlogic.net/w_1600,h_1600,c_limit,f_auto,fl_lossy,q_auto/ws-pilevneli/usr/exhibitions/images/exhibitions/63/blau3.jpg",media/22ea3b1cb8a3c0072bb1b95f.jpg,saved,122932
"https://static-assets.artlogic.net/w_1600,h_1600,c_limit,f_auto,fl_lossy,q_auto/ws-pilevneli/usr/exhibitions/images/exhibitions/63/gelb1.jpg",media/cf1100b6be5c2a0014a25608.jpg,saved,78958
"https://static-assets.artlogic.net/w_1600,h_1600,c_limit,f_auto,fl_lossy,q_auto/ws-pilevneli/usr/exhibitions/images/exhibitions/63/gelb2.jpg",media/6e7b3a51e627062878fd223f.jpg,saved,74188
"https://static-assets.artlogic.net/w_1600,h_1600,c_limit,f_auto,fl_lossy,q_auto/ws-pilevneli/usr/exhibitions/images/exhibitions/63/gelb3.jpg",media/ac0348fc1703289f214ffcd5.jpg,saved,19308
"https://static-assets.artlogic.net/w_1600,h_1600,c_limit,f_auto,fl_lossy,q_auto/ws-pilevneli/usr/exhibitions/images/exhibitions/63/gelb4.jpg",media/7494d59ffa4e36fb88e376c2.jpg,saved,17306
"https://static-assets.artlogic.net/w_1600,h_1600,c_limit,f_auto,fl_lossy,q_auto/ws-pilevneli/usr/exhibitions/images/exhibitions/63/gruen1.jpg",media/0b8962dd091710be482460a4.jpg,saved,84744
"https://static-assets.artlogic.net/w_1600,h_1600,c_limit,f_auto,fl_lossy,q_auto/ws-pilevneli/usr/exhibitions/images/exhibitions/63/gruen2.jpg",media/9b5b92812e1ca38e12abc98f.jpg,saved,20960
"https://static-assets.artlogic.net/w_1600,h_1600,c_limit,f_auto,fl_lossy,q_auto/ws-pilevneli/usr/exhibitions/images/exhibitions/63/gruen3.jpg",media/b57a6f28f77919b051f88d09.jpg,saved,70052
"https://static-assets.artlogic.net/w_1600,h_1600,c_limit,f_auto,fl_lossy,q_auto/ws-pilevneli/usr/exhibitions/images/exhibitions/63/rot1.jpg",media/322607cf37731bf159272465.jpg,saved,13194
"https://static-assets.artlogic.net/w_1600,h_1600,c_limit,f_auto,fl_lossy,q_auto/ws-pilevneli/usr/exhibitions/images/exhibitions/63/rot2.jpg",media/c14d893362c5dc303b7010a6.jpg,saved,13582
"https://static-assets.artlogic.net/w_1600,h_1600,c_limit,f_auto,fl_lossy,q_auto/ws-pilevneli/usr/exhibitions/images/exhibitions/63/rot3.jpg",media/66271e039b301c3a5b0d8d6f.jpg,saved,17592
"https://static-assets.artlogic.net/w_1600,h_1600,c_limit,f_auto,fl_lossy,q_auto/ws-pilevneli/usr/exhibitions/images/exhibitions/63/schwarz1.jpg",media/ecfc198e9f642ef05b0f31d4.jpg,saved,120184
"https://static-assets.artlogic.net/w_1600,h_1600,c_limit,f_auto,fl_lossy,q_auto/ws-pilevneli/usr/exhibitions/images/exhibitions/63/schwarz2.jpg",media/9693e6b256dd61452d0cd8b1.jpg,saved,122046
"https://static-assets.artlogic.net/w_1600,h_1600,c_limit,f_auto,fl_lossy,q_auto/ws-pilevneli/usr/exhibitions/images/exhibitions/63/weiss_1.jpg",media/e0f0e17201a64d7801d25d50.jpg,saved,8420
"https://static-assets.artlogic.net/w_1600,h_1600,c_limit,f_auto,fl_lossy,q_auto/ws-pilevneli/usr/exhibitions/images/exhibitions/63/weiss_2.jpg",media/e3c5abc2b0e711f62dadbcac.jpg,saved,14506
"https://static-assets.artlogic.net/w_1600,h_1600,c_limit,f_auto,fl_lossy,q_auto/ws-pilevneli/usr/exhibitions/images/exhibitions/63/weiss_3.jpg",media/e4ee373ab027531c17b1709a.jpg,saved,9308
"https://static-assets.artlogic.net/w_1600,h_1600,c_limit,f_auto,fl_lossy,q_auto/ws-pilevneli/usr/images/artists/artwork_image_for_artists_page/items/e5/e5ad7c04719c422492e9993c4f59e7d6/nevinaladag.gif",media/ecf312924d111da082963d16.gif,saved,123982
"https://static-assets.artlogic.net/w_1600,h_1600,c_limit,f_auto,fl_lossy,q_auto/ws-pilevneli/usr/exhibitions/images/exhibitions/64/p_19041.jpg",media/92ba938196aa3cbf7b0bae39.jpg,saved,48272
"https://static-assets.artlogic.net/w_1600,h_1600,c_limit,f_auto,fl_lossy,q_auto/ws-pilevneli/usr/exhibitions/images/exhibitions/64/p_19042.jpg",media/f22646fcdc23637e2f865a8a.jpg,saved,91698
"https://static-assets.artlogic.net/w_1600,h_1600,c_limit,f_auto,fl_lossy,q_auto/ws-pilevneli/usr/exhibitions/images/exhibitions/64/p_19043.jpg",media/bc37087fbdfb1235326a0f1c.jpg,saved,125248
"https://static-assets.artlogic.net/w_1600,h_1600,c_limit,f_auto,fl_lossy,q_auto/ws-pilevneli/usr/exhibitions/images/exhibitions/64/p_19044-.jpg",media/8b41db3d584759da8c8fa118.jpg,saved,163714
"https://static-assets.artlogic.net/w_1600,h_1600,c_limit,f_auto,fl_lossy,q_auto/ws-pilevneli/usr/exhibitions/images/exhibitions/64/p_19046.jpg",media/d8722a25c05c8afbed0e4562.jpg,saved,141286
"https://static-assets.artlogic.net/w_1600,h_1600,c_limit,f_auto,fl_lossy,q_auto/ws-pilevneli/usr/exhibitions/images/exhibitions/64/p_19050.jpg",media/a71e3ffc11c0f8488fbf2eda.jpg,saved,155406
"https://static-assets.artlogic.net/w_1600,h_1600,c_limit,f_auto,fl_lossy,q_auto/ws-pilevneli/usr/exhibitions/images/exhibitions/64/p_19047.jpg",media/fd50620d2d563aad2e57e661.jpg,saved,125540
"https://static-assets.artlogic.net/w_1600,h_1600,c_limit,f_auto,fl_lossy,q_auto/ws-pilevneli/usr/exhibitions/images/exhibitions/64/p_19048.jpg",media/3f09c4cdad214552d9067f99.jpg,saved,162706
"https://static-assets.artlogic.net/w_1600,h_1600,c_limit,f_auto,fl_lossy,q_auto/ws-pilevneli/usr/exhibitions/images/exhibitions/64/p_19039.jpg",media/bffa14ea597c71f90debab4f.jpg,saved,106222
"https://static-assets.artlogic.net/w_1600,h_1600,c_limit,f_auto,fl_lossy,q_auto/ws-pilevneli/usr/exhibitions/images/exhibitions/64/p_19007.jpg",media/2f6b214af8fe05bf784ee3b4.jpg,saved,26980
"https://static-assets.artlogic.net/w_1600,h_1600,c_limit,f_auto,fl_lossy,q_auto/ws-pilevneli/usr/exhibitions/images/exhibitions/64/p_19005.jpg",media/3d44f5b4658be791b487ad41.jpg,saved,24970
"https://static-assets.artlogic.net/w_1600,h_1600,c_limit,f_auto,fl_lossy,q_auto/ws-pilevneli/usr/exhibitions/images/exhibitions/64/p_19004.jpg",media/2e55dc3b7d8abe99785b9be7.jpg,saved,30848
"https://static-assets.artlogic.net/w_1600,h_1600,c_limit,f_auto,fl_lossy,q_auto/ws-pilevneli/usr/exhibitions/images/exhibitions/64/p_19009-.jpg",media/ed8e1065f8288ca73a58a126.jpg,saved,42076
"https://static-assets.artlogic.net/w_1600,h_1600,c_limit,f_auto,fl_lossy,q_auto/ws-pilevneli/usr/exhibitions/images/exhibitions/64/p_19015.jpg",media/dbf9d3a076a790b2f1540ec9.jpg,saved,34060
"https://static-assets.artlogic.net/w_1600,h_1600,c_limit,f_auto,fl_lossy,q_auto/ws-pilevneli/usr/exhibitions/images/exhibitions/64/p_19026-.jpg",media/586082b26253489df4dc1cf0.jpg,saved,55348
"https://static-assets.artlogic.net/w_1600,h_1600,c_limit,f_auto,fl_lossy,q_auto/ws-pilevneli/usr/exhibitions/images/exhibitions/64/p_19018.jpg",media/97b1a0885a799acd05eca220.jpg,saved,41474
"https://static-assets.artlogic.net/w_1600,h_1600,c_limit,f_auto,fl_lossy,q_auto/ws-pilevneli/usr/exhibitions/images/exhibitions/64/p_19035.jpg",media/c969e2e9a898296bf074b42a.jpg,saved,49162
"https://static-assets.artlogic.net/w_1600,h_1600,c_limit,f_auto,fl_lossy,q_auto/ws-pilevneli/usr/exhibitions/images/exhibitions/64/p_19017.jpg",media/f6eca4b3f1ddd33f039672ab.jpg,saved,43852
"https://static-assets.artlogic.net/w_1600,h_1600,c_limit,f_auto,fl_lossy,q_auto/ws-pilevneli/usr/exhibitions/images/exhibitions/64/p_19020.jpg",media/b33ef9e39cf447d0d1698197.jpg,saved,49384
"https://static-assets.artlogic.net/w_1600,h_1600,c_limit,f_auto,fl_lossy,q_auto/ws-pilevneli/usr/exhibitions/images/exhibitions/64/p_19028.jpg",media/6efba991a217dfd6ef7205e0.jpg,saved,44762
"https://static-assets.artlogic.net/w_1600,h_1600,c_limit,f_auto,fl_lossy,q_auto/ws-pilevneli/usr/exhibitions/images/exhibitions/64/p_19022-.jpg",media/73792e68a99b55f56faec2dd.jpg,saved,40108
"https://static-assets.artlogic.net/w_1600,h_1600,c_limit,f_auto,fl_lossy,q_auto/ws-pilevneli/usr/exhibitions/images/exhibitions/64/p_19030.jpg",media/2062a45a7c6ab0ea6a2535d2.jpg,saved,40916
"https://static-assets.artlogic.net/w_1600,h_1600,c_limit,f_auto,fl_lossy,q_auto/ws-pilevneli/usr/exhibitions/images/exhibitions/64/image14.gif",media/566b0805523ece24b056f0b9.gif,saved,185518
"https://static-assets.artlogic.net/w_1600,h_1600,c_limit,f_auto,fl_lossy,q_auto/ws-pilevneli/usr/exhibitions/images/exhibitions/64/image12.gif",media/2bd2ec2d7a6df7dd24df6093.gif,saved,164102
"https://static-assets.artlogic.net/w_1600,h_1600,c_limit,f_auto,fl_lossy,q_auto/ws-pilevneli/usr/exhibitions/images/exhibitions/64/image19.gif",media/4ffc6e4ed96fdf1534cbdf4e.gif,saved,183462
"https://static-assets.artlogic.net/w_1600,h_1600,c_limit,f_auto,fl_lossy,q_auto/ws-pilevneli/usr/exhibitions/images/exhibitions/64/image16.gif",media/98e00126a73e023d981671d6.gif,saved,162504
"https://static-assets.artlogic.net/w_1600,h_1600,c_limit,f_auto,fl_lossy,q_auto/ws-pilevneli/usr/exhibitions/images/exhibitions/64/image22.gif",media/8e118708fb04f607dd7c4a8e.gif,saved,187266
"https://static-assets.artlogic.net/w_1600,h_1600,c_limit,f_auto,fl_lossy,q_auto/ws-pilevneli/usr/exhibitions/images/exhibitions/64/image21.gif",media/3e38de8e2a6cbb5008f57ecd.gif,saved,218238
"https://static-assets.artlogic.net/w_1600,h_1600,c_limit,f_auto,fl_lossy,q_auto/ws-pilevneli/usr/exhibitions/images/exhibitions/64/image17.gif",media/cf6097cd24fbad35e1da0965.gif,saved,189390
"https://static-assets.artlogic.net/w_1600,h_1600,c_limit,f_auto,fl_lossy,q_auto/ws-pilevneli/usr/exhibitions/images/exhibitions/64/image18.gif",media/d952f22ea65af47cff8ab95d.gif,saved,192810
"https://static-assets.artlogic.net/w_1600,h_1600,c_limit,f_auto,fl_lossy,q_auto/ws-pilevneli/usr/exhibitions/images/exhibitions/64/image23.gif",media/578b82512f347b26dffeee39.gif,saved,203048
"https://static-assets.artlogic.net/w_1600,h_1600,c_limit,f_auto,fl_lossy,q_auto/ws-pilevneli/usr/exhibitions/images/exhibitions/64/image20.gif",media/5b4611625be6cfe72149f2bf.gif,saved,181930
"https://static-assets.artlogic.net/w_1600,h_1600,c_limit,f_auto,fl_lossy,q_auto/ws-pilevneli/usr/exhibitions/images/exhibitions/64/inconclusive-drone-i-.gif",media/7668f814f249a0739580fe1e.gif,saved,133378
"https://static-assets.artlogic.net/w_1600,h_1600,c_limit,f_auto,fl_lossy,q_auto/ws-pilevneli/usr/exhibitions/images/exhibitions/64/inconclusive-drone-xxi-.gif",media/5df38bf884ab5c5f30df999e.gif,saved,128170
"https://static-assets.artlogic.net/w_1600,h_1600,c_limit,f_auto,fl_lossy,q_auto/ws-pilevneli/usr/exhibitions/images/exhibitions/64/inconclusive-drone-xxvi-.gif",media/4b665557cf2f2b43289bff2f.gif,saved,90796
"https://static-assets.artlogic.net/w_1600,h_1600,c_limit,f_auto,fl_lossy,q_auto/ws-pilevneli/usr/exhibitions/images/exhibitions/64/ekran-al-nt-s-4.jpg",media/b3d05dafdaee9578d6445663.jpg,saved,84660
"https://static-assets.artlogic.net/w_1600,h_1600,c_limit,f_auto,fl_lossy,q_auto/ws-pilevneli/usr/exhibitions/images/exhibitions/64/ekran-al-nt-s-2.jpg",media/a240830be8b5f0937bebadee.jpg,saved,61156
"https://static-assets.artlogic.net/w_1600,h_1600,c_limit,f_auto,fl_lossy,q_auto/ws-pilevneli/usr/exhibitions/images/exhibitions/64/serkan_sarier_der_bienenk-nig_2022.jpg",media/b072960233feb732b6f82068.jpg,saved,40306
"https://static-assets.artlogic.net/w_1600,h_1600,c_limit,f_auto,fl_lossy,q_auto/ws-pilevneli/usr/exhibitions/images/exhibitions/64/ekran-al-nt-s-3.jpg",media/d81fa4ee70ca91529317301d.jpg,saved,89420
"https://static-assets.artlogic.net/w_1600,h_1600,c_limit,f_auto,fl_lossy,q_auto/ws-pilevneli/usr/exhibitions/images/exhibitions/64/serkan_derbienenk-nigreclining.jpg",media/0043d85798f7d34fea6ba2c0.jpg,saved,18844
"https://static-assets.artlogic.net/w_1600,h_1600,c_limit,f_auto,fl_lossy,q_auto/ws-pilevneli/usr/exhibitions/images/exhibitions/64/ekran-al-nt-s-1.jpg",media/e72c3cc21f6a7fb3b868b108.jpg,saved,52370
"https://static-assets.artlogic.net/w_1600,h_1600,c_limit,f_auto,fl_lossy,q_auto/ws-pilevneli/usr/exhibitions/images/exhibitions/64/ekran-al-nt-s-.jpg",media/24baedbb27d8de9e4e8996eb.jpg,saved,111694
"https://static-assets.artlogic.net/w_1600,h_1600,c_limit,f_auto,fl_lossy,q_auto/ws-pilevneli/usr/exhibitions/images/exhibitions/65/_nk_0071.jpg",media/4197390fc3fc918f31badad0.jpg,saved,84058
"https://static-assets.artlogic.net/w_1600,h_1600,c_limit,f_auto,fl_lossy,q_auto/ws-pilevneli/usr/exhibitions/images/exhibitions/65/_nk_0003.jpg",media/fb32bedef3c112f98014ea2e.jpg,saved,69658
"https://static-assets.artlogic.net/w_1600,h_1600,c_limit,f_auto,fl_lossy,q_auto/ws-pilevneli/usr/exhibitions/images/exhibitions/65/_nk_0018.jpg",media/3d3f945b8029b0649727992d.jpg,saved,32612
"https://static-assets.artlogic.net/w_1600,h_1600,c_limit,f_auto,fl_lossy,q_auto/ws-pilevneli/usr/exhibitions/images/exhibitions/65/_nk_0006.jpg",media/2037b1bac8941bbf7e79d02c.jpg,saved,61008
"https://static-assets.artlogic.net/w_1600,h_1600,c_limit,f_auto,fl_lossy,q_auto/ws-pilevneli/usr/exhibitions/images/exhibitions/65/_nk_0008.jpg",media/fc53851c33c7bfb1bad0073d.jpg,saved,37422
"https://static-assets.artlogic.net/w_1600,h_1600,c_limit,f_auto,fl_lossy,q_auto/ws-pilevneli/usr/exhibitions/images/exhibitions/65/_nk_0011.jpg",media/8fbc4011fb2ab0abd6a0863b.jpg,saved,63866
"https://static-assets.artlogic.net/w_1600,h_1600,c_limit,f_auto,fl_lossy,q_auto/ws-pilevneli/usr/exhibitions/images/exhibitions/65/_nk_0001.jpg",media/4583a05c28dac7603a47e774.jpg,saved,56942
"https://static-assets.artlogic.net/w_1600,h_1600,c_limit,f_auto,fl_lossy,q_auto/ws-pilevneli/usr/exhibitions/images/exhibitions/65/_nk_0026.jpg",media/1bf0d0a7393f8d992db80397.jpg,saved,27386
"https://static-assets.artlogic.net/w_1600,h_1600,c_limit,f_auto,fl_lossy,q_auto/ws-pilevneli/usr/exhibitions/images/exhibitions/65/_nk_0032.jpg",media/19cf80d1e709d3e5cfd7ea2e.jpg,saved,36584
"https://static-assets.artlogic.net/w_1600,h_1600,c_limit,f_auto,fl_lossy,q_auto/ws-pilevneli/usr/exhibitions/images/exhibitions/65/_nk_0039.jpg",media/a940725b003eae73f536c30f.jpg,saved,52898
"https://static-assets.artlogic.net/w_1600,h_1600,c_limit,f_auto,fl_lossy,q_auto/ws-pilevneli/usr/exhibitions/images/exhibitions/65/_nk_0043.jpg",media/ff72b2d30d5134199326b3ed.jpg,saved,26914
"https://static-assets.artlogic.net/w_1600,h_1600,c_limit,f_auto,fl_lossy,q_auto/ws-pilevneli/usr/exhibitions/images/exhibitions/65/_nk_0035.jpg",media/b0481f8dfe0a28c5b0904614.jpg,saved,53652
"https://static-assets.artlogic.net/w_1600,h_1600,c_limit,f_auto,fl_lossy,q_auto/ws-pilevneli/usr/exhibitions/images/exhibitions/65/_nk_0042.jpg",media/b0a48512da2bd39c002eef55.jpg,saved,32000
"https://static-assets.artlogic.net/w_1600,h_1600,c_limit,f_auto,fl_lossy,q_auto/ws-pilevneli/usr/exhibitions/images/exhibitions/65/_nk_0029.jpg",media/b3f6c96e55914056420fc455.jpg,saved,58330
"https://static-assets.artlogic.net/w_1600,h_1600,c_limit,f_auto,fl_lossy,q_auto/ws-pilevneli/usr/exhibitions/images/exhibitions/65/_nk_0075.jpg",media/38a12bd110e8edb0aabaa123.jpg,saved,37664
"https://static-assets.artlogic.net/w_1600,h_1600,c_limit,f_auto,fl_lossy,q_auto/ws-pilevneli/usr/exhibitions/images/exhibitions/65/_nk_0083.jpg",media/30a8762b28e75ac1c01ddbb7.jpg,saved,22728
"https://static-assets.artlogic.net/w_1600,h_1600,c_limit,f_auto,fl_lossy,q_auto/ws-pilevneli/usr/exhibitions/images/exhibitions/65/_nk_0097.jpg",media/7778305cfb00b73ff5f8fc72.jpg,saved,25940
"https://static-assets.artlogic.net/w_1600,h_1600,c_limit,f_auto,fl_lossy,q_auto/ws-pilevneli/usr/exhibitions/images/exhibitions/65/_nk_0089.jpg",media/fe8f21d86f034a0c3c58b830.jpg,saved,21846
"https://static-assets.artlogic.net/w_1600,h_1600,c_limit,f_auto,fl_lossy,q_auto/ws-pilevneli/usr/exhibitions/images/exhibitions/65/_nk_0086.jpg",media/895fb7b5e7451f43a5e155bc.jpg,saved,14724
"https://static-assets.artlogic.net/w_1600,h_1600,c_limit,f_auto,fl_lossy,q_auto/ws-pilevneli/usr/exhibitions/images/exhibitions/65/_nk_0219.jpg",media/078954ee1bbd5cae4e506343.jpg,saved,37152
"https://static-assets.artlogic.net/w_1600,h_1600,c_limit,f_auto,fl_lossy,q_auto/ws-pilevneli/usr/exhibitions/images/exhibitions/65/_nk_0224.jpg",media/55a19c0e666d2860cd81ed34.jpg,saved,37768
"https://static-assets.artlogic.net/w_1600,h_1600,c_limit,f_auto,fl_lossy,q_auto/ws-pilevneli/usr/images/exhibitions/group_images_override/65/whatsapp-image-2022-09-17-at-10.24.03-2-.jpeg",media/c854efeac3053c9374180dfe.jpeg,saved,77410
"https://static-assets.artlogic.net/w_1600,h_1600,c_limit,f_auto,fl_lossy,q_auto/ws-pilevneli/usr/images/artists/artwork_image_for_artists_page/items/a0/a0094bd0ea8f4ab6b760f56ea09ddad1/screen-shot-2023-01-19-at-2.55.06-pm.png",media/090b79c53a9c7dc782a0cf57.png,saved,70648
"https://static-assets.artlogic.net/w_1600,h_1600,c_limit,f_auto,fl_lossy,q_auto/ws-pilevneli/usr/exhibitions/images/exhibitions/67/_19424.jpg",media/d00ed0908995026a6f297baf.jpg,saved,59586
"https://static-assets.artlogic.net/w_1600,h_1600,c_limit,f_auto,fl_lossy,q_auto/ws-pilevneli/usr/exhibitions/images/exhibitions/67/_19412.jpg",media/167d413ad3136d7b37d6a04c.jpg,saved,68684
"https://static-assets.artlogic.net/w_1600,h_1600,c_limit,f_auto,fl_lossy,q_auto/ws-pilevneli/usr/exhibitions/images/exhibitions/67/_19423.jpg",media/906338457967bec8d54b968a.jpg,saved,64618
"https://static-assets.artlogic.net/w_1600,h_1600,c_limit,f_auto,fl_lossy,q_auto/ws-pilevneli/usr/exhibitions/images/exhibitions/67/_19411.jpg",media/bc160a30bafec20c4fbcbf03.jpg,saved,61860
"https://static-assets.artlogic.net/w_1600,h_1600,c_limit,f_auto,fl_lossy,q_auto/ws-pilevneli/usr/exhibitions/images/exhibitions/67/_19406.jpg",media/b3202769883a2c499b544706.jpg,saved,65450
"https://static-assets.artlogic.net/w_1600,h_1600,c_limit,f_auto,fl_lossy,q_auto/ws-pilevneli/usr/exhibitions/images/exhibitions/67/_19393.jpg",media/bd1011c8baa0489863f4db0a.jpg,saved,84700
"https://static-assets.artlogic.net/w_1600,h_1600,c_limit,f_auto,fl_lossy,q_auto/ws-pilevneli/usr/exhibitions/images/exhibitions/67/_19425.jpg",media/7902ea51470bf1af9def1473.jpg,saved,44490
"https://static-assets.artlogic.net/w_1600,h_1600,c_limit,f_auto,fl_lossy,q_auto/ws-pilevneli/usr/exhibitions/images/exhibitions/67/_19428.jpg",media/48f23b5e9048ce194da30c9c.jpg,saved,32004
"https://static-assets.artlogic.net/w_1600,h_1600,c_limit,f_auto,fl_lossy,q_auto/ws-pilevneli/usr/exhibitions/images/exhibitions/67/_19427.jpg",media/730bfdbbbf22839675f64a05.jpg,saved,41980
"https://static-assets.artlogic.net/w_1600,h_1600,c_limit,f_auto,fl_lossy,q_auto/ws-pilevneli/usr/exhibitions/images/exhibitions/67/_19429.jpg",media/f4441350f6e11830c75afe43.jpg,saved,48940
"https://static-assets.artlogic.net/w_1600,h_1600,c_limit,f_auto,fl_lossy,q_auto/ws-pilevneli/usr/exhibitions/images/exhibitions/67/_19430.jpg",media/7af7b1103154e22aa6525e5f.jpg,saved,52222
"https://static-assets.artlogic.net/w_1600,h_1600,c_limit,f_auto,fl_lossy,q_auto/ws-pilevneli/usr/exhibitions/images/exhibitions/67/_19470.jpg",media/133025cc8de0fb5a6bdbbcf3.jpg,saved,101960
"https://static-assets.artlogic.net/w_1600,h_1600,c_limit,f_auto,fl_lossy,q_auto/ws-pilevneli/usr/exhibitions/images/exhibitions/67/_19448.jpg",media/ef56c82135e11722ff03ab90.jpg,saved,91414
"https://static-assets.artlogic.net/w_1600,h_1600,c_limit,f_auto,fl_lossy,q_auto/ws-pilevneli/usr/exhibitions/images/exhibitions/67/_19520.jpg",media/8d85b9aae70e31cf4d7fd150.jpg,saved,103378
"https://static-assets.artlogic.net/w_1600,h_1600,c_limit,f_auto,fl_lossy,q_auto/ws-pilevneli/usr/exhibitions/images/exhibitions/67/_19515-.jpg",media/85f538a3dd033d3fe81870d6.jpg,saved,91884
"https://static-assets.artlogic.net/w_1600,h_1600,c_limit,f_auto,fl_lossy,q_auto/ws-pilevneli/usr/exhibitions/images/exhibitions/67/_19519.jpg",media/ff119cc127c527f62995deaa.jpg,saved,104328
"https://static-assets.artlogic.net/w_1600,h_1600,c_limit,f_auto,fl_lossy,q_auto/ws-pilevneli/usr/exhibitions/images/exhibitions/67/_19516.jpg",media/f201df328cba06da7b7d736c.jpg,saved,89574
"https://static-assets.artlogic.net/w_1600,h_1600,c_limit,f_auto,fl_lossy,q_auto/ws-pilevneli/usr/exhibitions/images/exhibitions/67/_19521.jpg",media/32c7eafa79bdf37e8cb3473e.jpg,saved,74768
"https://static-assets.artlogic.net/w_1600,h_1600,c_limit,f_auto,fl_lossy,q_auto/ws-pilevneli/usr/exhibitions/images/exhibitions/67/_19525.jpg",media/25b23ebf71cd16aaaefecb06.jpg,saved,101940
"https://static-assets.artlogic.net/w_1600,h_1600,c_limit,f_auto,fl_lossy,q_auto/ws-pilevneli/usr/exhibitions/images/exhibitions/67/_19529-.jpg",media/4ef289488d0f0f4351897f30.jpg,saved,119854
"https://static-assets.artlogic.net/w_1600,h_1600,c_limit,f_auto,fl_lossy,q_auto/ws-pilevneli/usr/exhibitions/images/exhibitions/67/_19532-.jpg",media/ea9d1f9184dc85b27302a9c6.jpg,saved,129534
"https://static-assets.artlogic.net/w_1600,h_1600,c_limit,f_auto,fl_lossy,q_auto/ws-pilevneli/usr/exhibitions/images/exhibitions/67/_19540-.jpg",media/c5ea28b2e52de5263d2386e5.jpg,saved,133146
"https://static-assets.artlogic.net/w_1600,h_1600,c_limit,f_auto,fl_lossy,q_auto/ws-pilevneli/usr/exhibitions/images/exhibitions/67/_19522.jpg",media/5972339da8de3db71455ccd4.jpg,saved,96422
"https://static-assets.artlogic.net/w_1600,h_1600,c_limit,f_auto,fl_lossy,q_auto/ws-pilevneli/usr/exhibitions/images/exhibitions/67/_19534-.jpg",media/a68721bb80228f731fa6e724.jpg,saved,124940
"https://static-assets.artlogic.net/w_1600,h_1600,c_limit,f_auto,fl_lossy,q_auto/ws-pilevneli/usr/exhibitions/images/exhibitions/67/_19542.jpg",media/880fb033f8ccf8ced59c8d0e.jpg,saved,113660
"https://static-assets.artlogic.net/w_1600,h_1600,c_limit,f_auto,fl_lossy,q_auto/ws-pilevneli/usr/exhibitions/images/exhibitions/67/_19541.jpg",media/49826a4ba0009642ed307d25.jpg,saved,90572
"https://static-assets.artlogic.net/w_1600,h_1600,c_limit,f_auto,fl_lossy,q_auto/ws-pilevneli/usr/exhibitions/images/exhibitions/67/_19543.jpg",media/3efe2871dbafe8dc000773e0.jpg,saved,114716
"https://static-assets.artlogic.net/w_1600,h_1600,c_limit,f_auto,fl_lossy,q_auto/ws-pilevneli/usr/exhibitions/images/exhibitions/67/_19544.jpg",media/e268633ac634f37b6849db73.jpg,saved,95024
"https://static-assets.artlogic.net/w_1600,h_1600,c_limit,f_auto,fl_lossy,q_auto/ws-pilevneli/usr/exhibitions/images/exhibitions/67/_19546.jpg",media/349e2dc7008e829c44eeb5ae.jpg,saved,119316
"https://static-assets.artlogic.net/w_1600,h_1600,c_limit,f_auto,fl_lossy,q_auto/ws-pilevneli/usr/exhibitions/images/exhibitions/67/_19545.jpg",media/db2bbb9aac5b906639a6ccdc.jpg,saved,74862
"https://static-assets.artlogic.net/w_1600,h_1600,c_limit,f_auto,fl_lossy,q_auto/ws-pilevneli/usr/exhibitions/images/exhibitions/67/_19551.jpg",media/f50a0c7eeab939f955e828ee.jpg,saved,101480
"https://static-assets.artlogic.net/w_1600,h_1600,c_limit,f_auto,fl_lossy,q_auto/ws-pilevneli/usr/exhibitions/images/exhibitions/68/alielmaci_dudaklarimiopkalbimihancerle_0001.jpg",media/8ccc0b728f704a99a28ef35a.jpg,saved,122158
"https://static-assets.artlogic.net/w_1600,h_1600,c_limit,f_auto,fl_lossy,q_auto/ws-pilevneli/usr/exhibitions/images/exhibitions/68/alielmaci_dudaklarimiopkalbimihancerle_0003.jpg",media/669582c8ae3b04fc2660f957.jpg,saved,115660
"https://static-assets.artlogic.net/w_1600,h_1600,c_limit,f_auto,fl_lossy,q_auto/ws-pilevneli/usr/exhibitions/images/exhibitions/68/alielmaci_dudaklarimiopkalbimihancerle_0002.jpg",media/e26f57ee1ff885b12b1b7f8c.jpg,saved,92770
"https://static-assets.artlogic.net/w_1600,h_1600,c_limit,f_auto,fl_lossy,q_auto/ws-pilevneli/usr/exhibitions/images/exhibitions/68/alielmaci_dudaklarimiopkalbimihancerle_0004.jpg",media/5647eb9ccdff5f4229a3b516.jpg,saved,76858
"https://static-assets.artlogic.net/w_1600,h_1600,c_limit,f_auto,fl_lossy,q_auto/ws-pilevneli/usr/exhibitions/images/exhibitions/68/alielmaci_dudaklarimiopkalbimihancerle_0005.jpg",media/fdd2153409818446a0945897.jpg,saved,110976
"https://static-assets.artlogic.net/w_1600,h_1600,c_limit,f_auto,fl_lossy,q_auto/ws-pilevneli/usr/exhibitions/images/exhibitions/68/alielmaci_dudaklarimiopkalbimihancerle_0006.jpg",media/738bdd83c9f9272b8399f39d.jpg,saved,113274
"https://static-assets.artlogic.net/w_1600,h_1600,c_limit,f_auto,fl_lossy,q_auto/ws-pilevneli/usr/exhibitions/images/exhibitions/68/alielmaci_dudaklarimiopkalbimihancerle_0008.jpg",media/6de4e6039bee7369f44e1606.jpg,saved,24412
"https://static-assets.artlogic.net/w_1600,h_1600,c_limit,f_auto,fl_lossy,q_auto/ws-pilevneli/usr/exhibitions/images/exhibitions/68/alielmaci_dudaklarimiopkalbimihancerle_0007.jpg",media/5bac388e5d29652e66f7f6d7.jpg,saved,23970
"https://static-assets.artlogic.net/w_1600,h_1600,c_limit,f_auto,fl_lossy,q_auto/ws-pilevneli/usr/exhibitions/images/exhibitions/68/alielmaci_dudaklarimiopkalbimihancerle_0009.jpg",media/c048d91ff198612ded83f2fe.jpg,saved,29520
"https://static-assets.artlogic.net/w_1600,h_1600,c_limit,f_auto,fl_lossy,q_auto/ws-pilevneli/usr/exhibitions/images/exhibitions/68/alielmaci_dudaklarimiopkalbimihancerle_0010.jpg",media/eb23729f5c040f8022fa15c6.jpg,saved,44406
"https://static-assets.artlogic.net/w_1600,h_1600,c_limit,f_auto,fl_lossy,q_auto/ws-pilevneli/usr/exhibitions/images/exhibitions/68/alielmaci_dudaklarimiopkalbimihancerle_0011.jpg",media/927182c5357763a81620da8b.jpg,saved,31712
"https://static-assets.artlogic.net/w_1600,h_1600,c_limit,f_auto,fl_lossy,q_auto/ws-pilevneli/usr/exhibitions/images/exhibitions/68/alielmaci_dudaklarimiopkalbimihancerle_0013-repro.jpg",media/5b7737ce8af766e9c790d3da.jpg,saved,52042
"https://static-assets.artlogic.net/w_1600,h_1600,c_limit,f_auto,fl_lossy,q_auto/ws-pilevneli/usr/exhibitions/images/exhibitions/68/alielmaci_dudaklarimiopkalbimihancerle_0017-repro.jpg",media/6ee1722b3a8b3d072a95f8c8.jpg,saved,39218
"https://static-assets.artlogic.net/w_1600,h_1600,c_limit,f_auto,fl_lossy,q_auto/ws-pilevneli/usr/exhibitions/images/exhibitions/68/alielmaci_dudaklarimiopkalbimihancerle_0014-repro.jpg",media/c9f6fe27127cb4aa0e67ffc2.jpg,saved,52586
"https://static-assets.artlogic.net/w_1600,h_1600,c_limit,f_auto,fl_lossy,q_auto/ws-pilevneli/usr/exhibitions/images/exhibitions/68/alielmaci_dudaklarimiopkalbimihancerle_0016-repro.jpg",media/5a081de840e9da029feea3cb.jpg,saved,45694
"https://static-assets.artlogic.net/w_1600,h_1600,c_limit,f_auto,fl_lossy,q_auto/ws-pilevneli/usr/exhibitions/images/exhibitions/68/alielmaci_dudaklarimiopkalbimihancerle_0019.jpg",media/fd113f3ce8cf98400db3735d.jpg,saved,112066
"https://static-assets.artlogic.net/w_1600,h_1600,c_limit,f_auto,fl_lossy,q_auto/ws-pilevneli/usr/exhibitions/images/exhibitions/68/alielmaci_dudaklarimiopkalbimihancerle_0020.jpg",media/e83cdb0e8af7e3b9b1741364.jpg,saved,87934
"https://static-assets.artlogic.net/w_1600,h_1600,c_limit,f_auto,fl_lossy,q_auto/ws-pilevneli/usr/exhibitions/images/exhibitions/68/alielmaci_dudaklarimiopkalbimihancerle_0021-repro.jpg",media/00dbf863ba4909d4dcb94ee1.jpg,saved,79176
"https://static-assets.artlogic.net/w_1600,h_1600,c_limit,f_auto,fl_lossy,q_auto/ws-pilevneli/usr/exhibitions/images/exhibitions/68/alielmaci_dudaklarimiopkalbimihancerle_0022.jpg",media/d74adcb60ae7db562477fd02.jpg,saved,30818
"https://static-assets.artlogic.net/w_1600,h_1600,c_limit,f_auto,fl_lossy,q_auto/ws-pilevneli/usr/exhibitions/images/exhibitions/68/alielmaci_dudaklarimiopkalbimihancerle_0023.jpg",media/10f05639ebb71cd048ff1801.jpg,saved,23560
"https://static-assets.artlogic.net/w_1600,h_1600,c_limit,f_auto,fl_lossy,q_auto/ws-pilevneli/usr/exhibitions/images/exhibitions/68/alielmaci_dudaklarimiopkalbimihancerle_0024.jpg",media/8452884333511012d8058891.jpg,saved,20666
"https://static-assets.artlogic.net/w_1600,h_1600,c_limit,f_auto,fl_lossy,q_auto/ws-pilevneli/usr/exhibitions/images/exhibitions/68/alielmaci_dudaklarimiopkalbimihancerle_0025.jpg",media/30c3829586f65fc23a5dbc41.jpg,saved,22012
"https://static-assets.artlogic.net/w_1600,h_1600,c_limit,f_auto,fl_lossy,q_auto/ws-pilevneli/usr/exhibitions/images/exhibitions/68/alielmaci_dudaklarimiopkalbimihancerle_0026.jpg",media/431499b543bc9bf66a6a3777.jpg,saved,29130
"https://static-assets.artlogic.net/w_1600,h_1600,c_limit,f_auto,fl_lossy,q_auto/ws-pilevneli/usr/exhibitions/images/exhibitions/68/alielmaci_dudaklarimiopkalbimihancerle_0029.jpg",media/2149fb82d5edbcfa8240c9ef.jpg,saved,34790
"https://static-assets.artlogic.net/w_1600,h_1600,c_limit,f_auto,fl_lossy,q_auto/ws-pilevneli/usr/exhibitions/images/exhibitions/68/alielmaci_dudaklarimiopkalbimihancerle_0027.jpg",media/8d757a3359d5637757c73e4f.jpg,saved,32880
"https://static-assets.artlogic.net/w_1600,h_1600,c_limit,f_auto,fl_lossy,q_auto/ws-pilevneli/usr/exhibitions/images/exhibitions/68/alielmaci_dudaklarimiopkalbimihancerle_0028.jpg",media/4450b646354e80a0ae39b850.jpg,saved,30176
"https://static-assets.artlogic.net/w_1600,h_1600,c_limit,f_auto,fl_lossy,q_auto/ws-pilevneli/usr/exhibitions/images/exhibitions/68/alielmaci_dudaklarimiopkalbimihancerle_0031.jpg",media/668752b455160aefba3695d1.jpg,saved,29924
"https://static-assets.artlogic.net/w_1600,h_1600,c_limit,f_auto,fl_lossy,q_auto/ws-pilevneli/usr/exhibitions/images/exhibitions/68/alielmaci_dudaklarimiopkalbimihancerle_0032.jpg",media/8a3e12e68907fb57facccd32.jpg,saved,29622
"https://static-assets.artlogic.net/w_1600,h_1600,c_limit,f_auto,fl_lossy,q_auto/ws-pilevneli/usr/exhibitions/images/exhibitions/68/alielmaci_dudaklarimiopkalbimihancerle_0033.jpg",media/1e770df033e9c42c0c312363.jpg,saved,55880
"https://static-assets.artlogic.net/w_1600,h_1600,c_limit,f_auto,fl_lossy,q_auto/ws-pilevneli/usr/exhibitions/images/exhibitions/68/alielmaci_dudaklarimiopkalbimihancerle_0034.jpg",media/86a301c0eb0e85e14f4baf2b.jpg,saved,58652
"https://static-assets.artlogic.net/w_1600,h_1600,c_limit,f_auto,fl_lossy,q_auto/ws-pilevneli/usr/exhibitions/images/exhibitions/68/alielmaci_dudaklarimiopkalbimihancerle_0035.jpg",media/2c4d9a9009995ba4ea89e76a.jpg,saved,35348
"https://static-assets.artlogic.net/w_1600,h_1600,c_limit,f_auto,fl_lossy,q_auto/ws-pilevneli/usr/exhibitions/images/exhibitions/68/alielmaci_dudaklarimiopkalbimihancerle_0036.jpg",media/4921d2857fa26fdcfaa0cfdf.jpg,saved,50678
"https://static-assets.artlogic.net/w_1600,h_1600,c_limit,f_auto,fl_lossy,q_auto/ws-pilevneli/usr/exhibitions/images/exhibitions/68/alielmaci_dudaklarimiopkalbimihancerle_0037.jpg",media/fd01b0096909abd29b4cfe12.jpg,saved,116598
"https://static-assets.artlogic.net/w_1600,h_1600,c_limit,f_auto,fl_lossy,q_auto/ws-pilevneli/usr/exhibitions/images/exhibitions/68/alielmaci_dudaklarimiopkalbimihancerle_0038.jpg",media/95d1e539454318d745f1bf6c.jpg,saved,215770
"https://static-assets.artlogic.net/w_1600,h_1600,c_limit,f_auto,fl_lossy,q_auto/ws-pilevneli/usr/exhibitions/images/exhibitions/68/alielmaci_dudaklarimiopkalbimihancerle_0039.jpg",media/8d767efe3173215a1262eb7a.jpg,saved,167124
"https://static-assets.artlogic.net/w_1600,h_1600,c_limit,f_auto,fl_lossy,q_auto/ws-pilevneli/usr/exhibitions/images/exhibitions/68/alielmaci_dudaklarimiopkalbimihancerle_0041.jpg",media/bf961d6aa96c5a85e87dae4d.jpg,saved,168962
"https://static-assets.artlogic.net/w_1600,h_1600,c_limit,f_auto,fl_lossy,q_auto/ws-pilevneli/usr/exhibitions/images/exhibitions/68/alielmaci_dudaklarimiopkalbimihancerle_0042.jpg",media/95baadd9ceb44fb6dfe6b6bd.jpg,saved,182222
"https://static-assets.artlogic.net/w_1600,h_1600,c_limit,f_auto,fl_lossy,q_auto/ws-pilevneli/usr/exhibitions/images/exhibitions/68/alielmaci_dudaklarimiopkalbimihancerle_0043.jpg",media/da3b1af11d6b90fa3965eefe.jpg,saved,120944
"https://static-assets.artlogic.net/w_1600,h_1600,c_limit,f_auto,fl_lossy,q_auto/ws-pilevneli/usr/exhibitions/images/exhibitions/68/alielmaci_dudaklarimiopkalbimihancerle_0044.jpg",media/65bc464aed23871e0dc27891.jpg,saved,192354
"https://static-assets.artlogic.net/w_1600,h_1600,c_limit,f_auto,fl_lossy,q_auto/ws-pilevneli/usr/exhibitions/images/exhibitions/68/alielmaci_dudaklarimiopkalbimihancerle_0045.jpg",media/3d333d4e0659feb30e56df01.jpg,saved,66392
"https://static-assets.artlogic.net/w_1600,h_1600,c_limit,f_auto,fl_lossy,q_auto/ws-pilevneli/usr/exhibitions/images/exhibitions/68/alielmaci_dudaklarimiopkalbimihancerle_0046.jpg",media/eab20d229d7e22ee8ed8369d.jpg,saved,99282
"https://static-assets.artlogic.net/w_1600,h_1600,c_limit,f_auto,fl_lossy,q_auto/ws-pilevneli/usr/exhibitions/images/exhibitions/68/alielmaci_dudaklarimiopkalbimihancerle_0047.jpg",media/7c6cfe184326cb49460fea96.jpg,saved,40400
"https://static-assets.artlogic.net/w_1600,h_1600,c_limit,f_auto,fl_lossy,q_auto/ws-pilevneli/usr/exhibitions/images/exhibitions/68/alielmaci_dudaklarimiopkalbimihancerle_0048.jpg",media/9a610612448a242a10a79732.jpg,saved,40664
"https://static-assets.artlogic.net/w_1600,h_1600,c_limit,f_auto,fl_lossy,q_auto/ws-pilevneli/usr/exhibitions/images/exhibitions/68/alielmaci_dudaklarimiopkalbimihancerle_0049.jpg",media/866a3d2cb98699fc353d1ab9.jpg,saved,34330
"https://static-assets.artlogic.net/w_1600,h_1600,c_limit,f_auto,fl_lossy,q_auto/ws-pilevneli/usr/exhibitions/images/exhibitions/68/alielmaci_dudaklarimiopkalbimihancerle_0051.jpg",media/3802b4fc403eb0702e0f2843.jpg,saved,83762
"https://static-assets.artlogic.net/w_1600,h_1600,c_limit,f_auto,fl_lossy,q_auto/ws-pilevneli/usr/exhibitions/images/exhibitions/68/alielmaci_dudaklarimiopkalbimihancerle_0050.jpg",media/c020b86439c4ca343fd95e7b.jpg,saved,81860
"https://static-assets.artlogic.net/w_1600,h_1600,c_limit,f_auto,fl_lossy,q_auto/ws-pilevneli/usr/exhibitions/images/exhibitions/68/alielmaci_dudaklarimiopkalbimihancerle_0052.jpg",media/e64590107f92cd1e366741c7.jpg,saved,93296
"https://static-assets.artlogic.net/w_1600,h_1600,c_limit,f_auto,fl_lossy,q_auto/ws-pilevneli/usr/exhibitions/images/exhibitions/68/alielmaci_dudaklarimiopkalbimihancerle_0053.jpg",media/dda4713ae207aa0f96399ed4.jpg,saved,53566
"https://static-assets.artlogic.net/w_1600,h_1600,c_limit,f_auto,fl_lossy,q_auto/ws-pilevneli/usr/exhibitions/images/exhibitions/68/alielmaci_dudaklarimiopkalbimihancerle_0055.jpg",media/8f53df216f8e974eec3b1caa.jpg,saved,25294
"https://static-assets.artlogic.net/w_1600,h_1600,c_limit,f_auto,fl_lossy,q_auto/ws-pilevneli/usr/exhibitions/images/exhibitions/68/alielmaci_dudaklarimiopkalbimihancerle_0056.jpg",media/074b72baa92b8b586d071294.jpg,saved,82288
"https://static-assets.artlogic.net/w_1600,h_1600,c_limit,f_auto,fl_lossy,q_auto/ws-pilevneli/usr/exhibitions/images/exhibitions/68/alielmaci_dudaklarimiopkalbimihancerle_0057.jpg",media/59540d149bcb53bfadd9259f.jpg,saved,43950
"https://static-assets.artlogic.net/w_1600,h_1600,c_limit,f_auto,fl_lossy,q_auto/ws-pilevneli/usr/exhibitions/images/exhibitions/68/alielmaci_dudaklarimiopkalbimihancerle_0058.jpg",media/2a2c6e5739b937b04fa55a0f.jpg,saved,98462
"https://static-assets.artlogic.net/w_1600,h_1600,c_limit,f_auto,fl_lossy,q_auto/ws-pilevneli/usr/exhibitions/images/exhibitions/68/alielmaci_dudaklarimiopkalbimihancerle_0059.jpg",media/a2b02a233119b4ee38189694.jpg,saved,85768
"https://static-assets.artlogic.net/w_1600,h_1600,c_limit,f_auto,fl_lossy,q_auto/ws-pilevneli/usr/exhibitions/images/exhibitions/68/alielmaci_dudaklarimiopkalbimihancerle_0060.jpg",media/ba6ce0376d890781c0fd1cc6.jpg,saved,272822
"https://static-assets.artlogic.net/w_1600,h_1600,c_limit,f_auto,fl_lossy,q_auto/ws-pilevneli/usr/exhibitions/images/exhibitions/68/alielmaci_dudaklarimiopkalbimihancerle_0061.jpg",media/710d7f87b534dbaee845071d.jpg,saved,326628
"https://static-assets.artlogic.net/w_1600,h_1600,c_limit,f_auto,fl_lossy,q_auto/ws-pilevneli/usr/exhibitions/images/exhibitions/68/alielmaci_dudaklarimiopkalbimihancerle_0062.jpg",media/c806681559e4ccf109c36543.jpg,saved,92804
"https://static-assets.artlogic.net/w_1600,h_1600,c_limit,f_auto,fl_lossy,q_auto/ws-pilevneli/usr/exhibitions/images/exhibitions/68/alielmaci_dudaklarimiopkalbimihancerle_0063.jpg",media/1a2d2300bc6a1f88453c742a.jpg,saved,60730
"https://static-assets.artlogic.net/w_1600,h_1600,c_limit,f_auto,fl_lossy,q_auto/ws-pilevneli/usr/exhibitions/images/exhibitions/68/alielmaci_dudaklarimiopkalbimihancerle_0064.jpg",media/cc6ac47ec6df3ff5739cafb4.jpg,saved,73154
"https://static-assets.artlogic.net/w_1600,h_1600,c_limit,f_auto,fl_lossy,q_auto/ws-pilevneli/usr/exhibitions/images/exhibitions/68/alielmaci_dudaklarimiopkalbimihancerle_0065.jpg",media/615209369856a6ffbaaca5b6.jpg,saved,46798
"https://static-assets.artlogic.net/w_1600,h_1600,c_limit,f_auto,fl_lossy,q_auto/ws-pilevneli/usr/exhibitions/images/exhibitions/68/alielmaci_dudaklarimiopkalbimihancerle_0066.jpg",media/f7453345557dafcc5826f899.jpg,saved,76758
"https://static-assets.artlogic.net/w_1600,h_1600,c_limit,f_auto,fl_lossy,q_auto/ws-pilevneli/usr/exhibitions/images/exhibitions/68/alielmaci_dudaklarimiopkalbimihancerle_0067.jpg",media/5da88c71eb92d280441323d5.jpg,saved,47382
"https://static-assets.artlogic.net/w_1600,h_1600,c_limit,f_auto,fl_lossy,q_auto/ws-pilevneli/usr/exhibitions/images/exhibitions/68/alielmaci_dudaklarimiopkalbimihancerle_0068.jpg",media/666b7deeacc210d80b729607.jpg,saved,70526
"https://static-assets.artlogic.net/w_1600,h_1600,c_limit,f_auto,fl_lossy,q_auto/ws-pilevneli/usr/exhibitions/images/exhibitions/68/alielmaci_dudaklarimiopkalbimihancerle_0069.jpg",media/3ebcd0c63334fc891c4f3698.jpg,saved,39060
"https://static-assets.artlogic.net/w_1600,h_1600,c_limit,f_auto,fl_lossy,q_auto/ws-pilevneli/usr/exhibitions/images/exhibitions/68/alielmaci_dudaklarimiopkalbimihancerle_0071.jpg",media/3b09beb651bcde06fe5992f6.jpg,saved,49946
"https://static-assets.artlogic.net/w_1600,h_1600,c_limit,f_auto,fl_lossy,q_auto/ws-pilevneli/usr/exhibitions/images/exhibitions/68/alielmaci_dudaklarimiopkalbimihancerle_0072.jpg",media/91f99d137e7be28ba1c20b4d.jpg,saved,159026
"https://static-assets.artlogic.net/w_1600,h_1600,c_limit,f_auto,fl_lossy,q_auto/ws-pilevneli/usr/exhibitions/images/exhibitions/68/alielmaci_dudaklarimiopkalbimihancerle_0073.jpg",media/7fcd2bb70e6991ea47d922f6.jpg,saved,75378
"https://static-assets.artlogic.net/w_1600,h_1600,c_limit,f_auto,fl_lossy,q_auto/ws-pilevneli/usr/exhibitions/images/exhibitions/68/alielmaci_dudaklarimiopkalbimihancerle_0078.jpg",media/ced41eb26dd8cdf7e12b58ca.jpg,saved,55064
"https://static-assets.artlogic.net/w_1600,h_1600,c_limit,f_auto,fl_lossy,q_auto/ws-pilevneli/usr/exhibitions/images/exhibitions/68/alielmaci_dudaklarimiopkalbimihancerle_0080.jpg",media/5309c7d8c95f6df563d4d5d8.jpg,saved,27682
"https://static-assets.artlogic.net/w_1600,h_1600,c_limit,f_auto,fl_lossy,q_auto/ws-pilevneli/usr/exhibitions/images/exhibitions/68/alielmaci_dudaklarimiopkalbimihancerle_0076.jpg",media/544f9b38efae84b80504e06b.jpg,saved,60034
"https://static-assets.artlogic.net/w_1600,h_1600,c_limit,f_auto,fl_lossy,q_auto/ws-pilevneli/usr/images/exhibitions/group_images_override/68/screen-shot-2023-01-09-at-13.23.18.png",media/de44b164a82d8f994005e307.png,saved,381334
"https://static-assets.artlogic.net/w_1600,h_1600,c_limit,f_auto,fl_lossy,q_auto/artlogicstorage/pilevneligallery/images/view/87c46783ddd2c3157793daaaeb27edacp/pilevneli-al-elmaci-g-remedi-in-yerlerde-bulursun-beni-i-2022.png",media/2074ed47627750d600c0b8d0.png,saved,143228
"https://static-assets.artlogic.net/w_1600,h_1600,c_limit,f_auto,fl_lossy,q_auto/artlogicstorage/pilevneligallery/images/view/ac17ab43ed344f5b0e06e7baae3b79d0p/pilevneli-al-elmaci-g-remedi-in-yerlerde-bulursun-beni-iii-2023.png",media/b3cc339de1ab1d8c3042062d.png,saved,185138
"https://static-assets.artlogic.net/w_1600,h_1600,c_limit,f_auto,fl_lossy,q_auto/artlogicstorage/pilevneligallery/images/view/88b28ce743216f7476a6e77c71316ab3p/pilevneli-al-elmaci-syan-m-kendime-2022.png",media/ad23e8b087f605ddc19e9101.png,saved,346672
"https://static-assets.artlogic.net/w_1600,h_1600,c_limit,f_auto,fl_lossy,q_auto/artlogicstorage/pilevneligallery/images/view/da631e70ca5893ac1076aaf6444acaf2p/pilevneli-al-elmaci-iddetin-ne-ho-ne-g-zel-efkatin-iv-2022.png",media/a6ba3af3945f0f3ffe72eab0.png,saved,163832
"https://static-assets.artlogic.net/w_1600,h_1600,c_limit,f_auto,fl_lossy,q_auto/artlogicstorage/pilevneligallery/images/view/0fd583180e1e677f4ad9354c6cdce5a6p/pilevneli-al-elmaci-iddetin-ne-ho-ne-g-zel-efkatin-vi-2023.png",media/557929a43a95da5e08077176.png,saved,48956
"https://static-assets.artlogic.net/w_1600,h_1600,c_limit,f_auto,fl_lossy,q_auto/artlogicstorage/pilevneligallery/images/view/30be87232e2f0bca73ff1d575c7831acp/pilevneli-al-elmaci-ot-getirdim-yemeye-s-t-getirdim-meye-a-n-kap-y-ben-geldim-ii-2022.png",media/7d3dfb0c1af9e572832f2e3d.png,saved,120536
"https://static-assets.artlogic.net/w_1600,h_1600,c_limit,f_auto,fl_lossy,q_auto/artlogicstorage/pilevneligallery/images/view/0be880178f5995716426c23848f2d56fp/pilevneli-al-elmaci-kendini-s-cakta-beni-so-ukta-tut-i-2021.png",media/e78b76bf6f163554dd3a15bd.png,saved,319712
"https://static-assets.artlogic.net/w_1600,h_1600,c_limit,f_auto,fl_lossy,q_auto/artlogicstorage/pilevneligallery/images/view/0afd6467d4b1423844d971dbebaa49f2p/pilevneli-al-elmaci-kendini-s-cakta-beni-so-ukta-tut-ii-2021.png",media/c77fe25be7051f2d5f9ffbeb.png,saved,330530
"https://static-assets.artlogic.net/w_1600,h_1600,c_limit,f_auto,fl_lossy,q_auto/artlogicstorage/pilevneligallery/images/view/4afc715a5648c7576ab3e44e9b5162dep/pilevneli-al-elmaci-kendini-s-cakta-beni-so-ukta-tut-iii-2021.png",media/84527c7a950aabf1d19af6fb.png,saved,231234
"https://static-assets.artlogic.net/w_1600,h_1600,c_limit,f_auto,fl_lossy,q_auto/artlogicstorage/pilevneligallery/images/view/8c7f92a607e5a7709ce86e633ce476cfp/pilevneli-al-elmaci-tad-na-bak-nca-kokusunu-da-ald-m-2022.png",media/bdecc02196e8fc190d2752ee.png,saved,356220
"https://static-assets.artlogic.net/w_1600,h_1600,c_limit,f_auto,fl_lossy,q_auto/artlogicstorage/pilevneligallery/images/view/0f26ad2535a6974476aba3cb3040e823p/pilevneli-al-elmaci-beni-kendinden-fazla-sev-2023.png",media/0c461c6f1efca6d67203e885.png,saved,404046
"https://static-assets.artlogic.net/w_1600,h_1600,c_limit,f_auto,fl_lossy,q_auto/artlogicstorage/pilevneligallery/images/view/86399559f0729fa655bf43afadb59e5cp/pilevneli-al-elmaci-beni-kendinden-fazla-sev-iii-2023.png",media/9e074a0a7c0851390d32367c.png,saved,391074
"https://static-assets.artlogic.net/w_1600,h_1600,c_limit,f_auto,fl_lossy,q_auto/artlogicstorage/pilevneligallery/images/view/52c5d8ebd29b4458fcdf378893a2be3fp/p-levnel-al-elmaci-beni-g-lgemden-tan-ii-2022.png",media/dacb5ac7f78c73838b6f72eb.png,saved,114594
"https://static-assets.artlogic.net/w_1600,h_1600,c_limit,f_auto,fl_lossy,q_auto/artlogicstorage/pilevneligallery/images/view/bd5b0bfc9573cba5d0a95d5fc60f28e2p/p-levnel-al-elmaci-dudaklar-m-p-kalbimi-han-erle-ii-2021.png",media/a186de454fdaaba8dc062248.png,saved,111738
"https://static-assets.artlogic.net/w_1600,h_1600,c_limit,f_auto,fl_lossy,q_auto/artlogicstorage/pilevneligallery/images/view/00e3376d5d38b550386b6a642f5a440dp/p-levnel-al-elmaci-dudaklar-m-p-kalbimi-han-erle-vii-2021.png",media/93d842bad3b564b8d0689baa.png,saved,76290
"https://static-assets.artlogic.net/w_1600,h_1600,c_limit,f_auto,fl_lossy,q_auto/artlogicstorage/pilevneligallery/images/view/d5a25838cea945db19e2d521856d00adj/p-levnel-al-elmaci-beni-g-lgemden-tan-iii-2022.jpg",media/78848a5d04a3d879a828463e.jpg,saved,177016
"https://static-assets.artlogic.net/w_1600,h_1600,c_limit,f_auto,fl_lossy,q_auto/artlogicstorage/pilevneligallery/images/view/161e6f0cef6e6617508cc044d7ae3e10p/p-levnel-al-elmaci-dudaklar-m-p-kalbimi-han-erle-ix-2022.png",media/9fb76e828ab899144c38b69e.png,saved,50274
"https://static-assets.artlogic.net/w_1600,h_1600,c_limit,f_auto,fl_lossy,q_auto/artlogicstorage/pilevneligallery/images/view/19555f7a120decbd08df356efa5ce547p/p-levnel-al-elmaci-iddetin-ne-ho-ne-g-zel-efkatin-vi-2023.png",media/c9d4addc20475f6cd0e17226.png,saved,33862
"https://static-assets.artlogic.net/w_1600,h_1600,c_limit,f_auto,fl_lossy,q_auto/artlogicstorage/pilevneligallery/images/view/0fd583180e1e677f4ad9354c6cdce5a6p/p-levnel-al-elmaci-iddetin-ne-ho-ne-g-zel-efkatin-vi-2023.png",media/c486690a77e5c1d75b6a01ef.png,saved,47218
"https://static-assets.artlogic.net/w_1600,h_1600,c_limit,f_auto,fl_lossy,q_auto/ws-pilevneli/usr/images/exhibitions/group_images_override/70/img_2756.jpeg",media/f20e91461fbb43b113007285.jpeg,saved,89354
"https://static-assets.artlogic.net/w_1600,h_1600,c_limit,f_auto,fl_lossy,q_auto/ws-pilevneli/usr/images/artists/artwork_image_for_artists_page/items/6b/6b5cd2b821964c568c487d239f7e1620/screen-shot-2023-03-16-at-5.15.34-pm-cropped.jpg",media/84f78ac518ac6c7947e1a31f.jpg,saved,15542
"https://static-assets.artlogic.net/w_1600,h_1600,c_limit,f_auto,fl_lossy,q_auto/ws-pilevneli/usr/images/exhibitions/group_images_override/72/yalikavak-duvar-6.jpg",media/3181a0d79664ea4bb7501eff.jpg,saved,134108
"https://static-assets.artlogic.net/w_1600,h_1600,c_limit,f_auto,fl_lossy,q_auto/ws-pilevneli/usr/images/exhibitions/group_images_override/73/wim1.jpg",media/b55fe559fe920c5cd8286a18.jpg,saved,245040
"https://static-assets.artlogic.net/w_1600,h_1600,c_limit,f_auto,fl_lossy,q_auto/ws-pilevneli/usr/images/exhibitions/group_images_override/74/mk051-image-cropped.jpg",media/168534598dae18638e64224a.jpg,saved,59300
"https://static-assets.artlogic.net/w_1600,h_1600,c_limit,f_auto,fl_lossy,q_auto/ws-pilevneli/usr/images/exhibitions/group_images_override/75/ra050-image-1-cropped.jpg",media/e80f2bc2a5fe096cc55e7940.jpg,saved,63896
"https://static-assets.artlogic.net/w_1600,h_1600,c_limit,f_auto,fl_lossy,q_auto/ws-pilevneli/usr/images/artists/artwork_image_for_artists_page/items/9a/9a401a779d5b4017b8f2d32a96e27ef7/screen-shot-2023-03-16-at-5.30.04-pm-cropped.jpg",media/952537f2d459eaf432799720.jpg,saved,95134
"https://static-assets.artlogic.net/w_1600,h_1600,c_limit,f_auto,fl_lossy,q_auto/ws-pilevneli/usr/images/exhibitions/group_images_override/76/202306_tav_bodrum218.jpg",media/eca9f860e3f8090718337a2c.jpg,saved,114396
"https://static-assets.artlogic.net/w_1600,h_1600,c_limit,f_auto,fl_lossy,q_auto/ws-pilevneli/usr/images/exhibitions/group_images_override/77/serkan.jpeg",media/db32d382ac6a408b2570e6ed.jpeg,saved,432488
"https://static-assets.artlogic.net/w_1600,h_1600,c_limit,f_auto,fl_lossy,q_auto/ws-pilevneli/usr/images/exhibitions/group_images_override/80/01_dk_casc_convex_2021_114x117x26_front.jpg",media/c35bc61e770eaf03c134e51e.jpg,saved,23202
"https://static-assets.artlogic.net/w_1600,h_1600,c_limit,f_auto,fl_lossy,q_auto/ws-pilevneli/usr/exhibitions/images/exhibitions/82/replicator-2023-oil-on-canvas-121-cm-.jpeg",media/788a3af3b723b9207634c5b0.jpeg,saved,140284
"https://static-assets.artlogic.net/w_1600,h_1600,c_limit,f_auto,fl_lossy,q_auto/ws-pilevneli/usr/images/artists/artwork_image_for_artists_page/items/8a/8a7b69dc78ab4d118b2210d1a983bd82/tk05-image.jpg",media/514c9109fd51f33b4f9a2256.jpg,saved,17058
"https://static-assets.artlogic.net/w_1600,h_1600,c_limit,f_auto,fl_lossy,q_auto/ws-pilevneli/usr/exhibitions/images/exhibitions/83/hc022-image.jpg",media/b752f60b644726071a9545b3.jpg,saved,29254
"https://static-assets.artlogic.net/w_1600,h_1600,c_limit,f_auto,fl_lossy,q_auto/ws-pilevneli/usr/exhibitions/images/exhibitions/84/jm004-3-50-image.jpg",media/65e7ae97e29e05e459bd3169.jpg,saved,32520
"https://static-assets.artlogic.net/w_1600,h_1600,c_limit,f_auto,fl_lossy,q_auto/ws-pilevneli/usr/images/artists/artwork_image_for_artists_page/items/6f/6fd682dba37e4288bbddd87d3b9bcf44/jm_rabbit_sculpture_000.jpg",media/3bb89992d0800ef089c554c3.jpg,saved,93822
"https://static-assets.artlogic.net/w_1600,h_1600,c_limit,f_auto,fl_lossy,q_auto/ws-pilevneli/usr/exhibitions/images/exhibitions/85/d79225ff54fb50025566b6dabdee2867j.jpeg",media/75cb02270b03194e86029c2e.jpeg,saved,116690
"https://static-assets.artlogic.net/w_1600,h_1600,c_limit,f_auto,fl_lossy,q_auto/ws-pilevneli/usr/images/artists/artwork_image_for_artists_page/items/9d/9dadc4b818274b349e3fb17624fa5829/can-dagarslani.jpg",media/6035159b9728543719a152d7.jpg,saved,206534
"https://static-assets.artlogic.net/w_1600,h_1600,c_limit,f_auto,fl_lossy,q_auto/ws-pilevneli/usr/exhibitions/images/exhibitions/86/img_3516.jpg",media/c5e1baccfbd80c8365f32641.jpg,saved,50366
"https://static-assets.artlogic.net/w_1600,h_1600,c_limit,f_auto,fl_lossy,q_auto/ws-pilevneli/usr/images/artists/artwork_image_for_artists_page/items/f8/f8e9f864b6184081a737ff62087dc1c4/screen-shot-2023-03-16-at-11.10.22-am-01.jpeg",media/4edb7860698bba9db09c9115.jpeg,saved,94616
"https://static-assets.artlogic.net/w_1600,h_1600,c_limit,f_auto,fl_lossy,q_auto/ws-pilevneli/usr/exhibitions/images/exhibitions/88/aba332523487426b2a7e34c4894e204aj.jpeg",media/0dc4380b58cc23f95c6a4ad8.jpeg,saved,82822
"https://static-assets.artlogic.net/w_1600,h_1600,c_limit,f_auto,fl_lossy,q_auto/ws-pilevneli/usr/images/artists/artwork_image_for_artists_page/items/8e/8e66876c3d6a4bf4a4ef8c6a33d535be/wimsss.jpg",media/41dd8483fd44165cb5ca1ee2.jpg,saved,30186
"https://static-assets.artlogic.net/w_1600,h_1600,c_limit,f_auto,fl_lossy,q_auto/ws-pilevneli/usr/images/artists/artwork_image_for_artists_page/items/e0/e000b95ce7ee480c8b4cec292d2d42a4/screen-shot-2023-03-15-at-6.13.26-pm.png",media/a8a36ab5d618f20ffcd4e113.png,saved,163116
"https://static-assets.artlogic.net/w_1600,h_1600,c_limit,f_auto,fl_lossy,q_auto/ws-pilevneli/usr/images/artists/artwork_image_for_artists_page/items/9e/9e397c9d78944b379653310acf3347a8/tt082-image-cropped.jpg",media/4ad328232585c6d058137e47.jpg,saved,155574
"https://static-assets.artlogic.net/w_1600,h_1600,c_limit,f_auto,fl_lossy,q_auto/ws-pilevneli/usr/images/artists/artwork_image_for_artists_page/items/d4/d4a993a3fae64d9881d4eb1b894ea74f/screen-shot-2023-03-15-at-6.16.32-pm-cropped.png",media/2824835a9e97fbfd2c6ea8f1.png,saved,283990
"https://static-assets.artlogic.net/w_1600,h_1600,c_limit,f_auto,fl_lossy,q_auto/ws-pilevneli/usr/exhibitions/images/exhibitions/89/dt_7727.jpg",media/227fc70bd22226362ce48abc.jpg,saved,78578
"https://static-assets.artlogic.net/w_1600,h_1600,c_limit,f_auto,fl_lossy,q_auto/ws-pilevneli/usr/exhibitions/images/exhibitions/89/dt_7717.jpg",media/2fc964cf4774aada23e59f91.jpg,saved,73812
"https://static-assets.artlogic.net/w_1600,h_1600,c_limit,f_auto,fl_lossy,q_auto/ws-pilevneli/usr/exhibitions/images/exhibitions/89/dt_7720.jpg",media/d0be81b2fa4ba5cd2e31b2a8.jpg,saved,49998
"https://static-assets.artlogic.net/w_1600,h_1600,c_limit,f_auto,fl_lossy,q_auto/ws-pilevneli/usr/exhibitions/images/exhibitions/89/dt_7732.jpg",media/8d82f7ef4254460719a20b02.jpg,saved,117872
"https://static-assets.artlogic.net/w_1600,h_1600,c_limit,f_auto,fl_lossy,q_auto/ws-pilevneli/usr/exhibitions/images/exhibitions/89/dt_7737.jpg",media/32594ccb78e04b2669ebb4e6.jpg,saved,128220
"https://static-assets.artlogic.net/w_1600,h_1600,c_limit,f_auto,fl_lossy,q_auto/ws-pilevneli/usr/exhibitions/images/exhibitions/89/dt_7735.jpg",media/bca01891211cb88514671c2d.jpg,saved,96192
"https://static-assets.artlogic.net/w_1600,h_1600,c_limit,f_auto,fl_lossy,q_auto/ws-pilevneli/usr/exhibitions/images/exhibitions/93/pilevneli_202312_061.jpg",media/48b9b3eef3d6a3a2d8913a31.jpg,saved,84346
"https://static-assets.artlogic.net/w_1600,h_1600,c_limit,f_auto,fl_lossy,q_auto/ws-pilevneli/usr/exhibitions/images/exhibitions/93/pilevneli_202312_063.jpg",media/b7e0e7b9c2934c0bfb69a7c0.jpg,saved,70418
"https://static-assets.artlogic.net/w_1600,h_1600,c_limit,f_auto,fl_lossy,q_auto/ws-pilevneli/usr/exhibitions/images/exhibitions/93/pilevneli_202312_070.jpg",media/b8bec22fbc4d1a881c88c088.jpg,saved,54440
"https://static-assets.artlogic.net/w_1600,h_1600,c_limit,f_auto,fl_lossy,q_auto/ws-pilevneli/usr/exhibitions/images/exhibitions/93/pilevneli_202312_065.jpg",media/e25cc8fdb4b6722994917adf.jpg,saved,47766
"https://static-assets.artlogic.net/w_1600,h_1600,c_limit,f_auto,fl_lossy,q_auto/ws-pilevneli/usr/exhibitions/images/exhibitions/93/pilevneli_202312_071.jpg",media/44e44423d998b871cbd960f0.jpg,saved,40920
"https://static-assets.artlogic.net/w_1600,h_1600,c_limit,f_auto,fl_lossy,q_auto/ws-pilevneli/usr/exhibitions/images/exhibitions/93/pilevneli_202312_077.jpg",media/897a69b62673b3edc1df2981.jpg,saved,58794
"https://static-assets.artlogic.net/w_1600,h_1600,c_limit,f_auto,fl_lossy,q_auto/ws-pilevneli/usr/exhibitions/images/exhibitions/93/pilevneli_202312_088.jpg",media/be2b8299767358759c72fae4.jpg,saved,47676
"https://static-assets.artlogic.net/w_1600,h_1600,c_limit,f_auto,fl_lossy,q_auto/ws-pilevneli/usr/exhibitions/images/exhibitions/93/pilevneli_202312_068.jpg",media/b5ace6623d16512b95e5d7c4.jpg,saved,58124
"https://static-assets.artlogic.net/w_1600,h_1600,c_limit,f_auto,fl_lossy,q_auto/ws-pilevneli/usr/exhibitions/images/exhibitions/93/pilevneli_202312_067.jpg",media/270cf707f518142b1126f2d0.jpg,saved,111832
"https://static-assets.artlogic.net/w_1600,h_1600,c_limit,f_auto,fl_lossy,q_auto/ws-pilevneli/usr/exhibitions/images/exhibitions/93/pilevneli_202312_066.jpg",media/1c8632cf7ef5c6e02d42cd45.jpg,saved,43706
"https://static-assets.artlogic.net/w_1600,h_1600,c_limit,f_auto,fl_lossy,q_auto/ws-pilevneli/usr/exhibitions/images/exhibitions/93/pilevneli_202312_087.jpg",media/568dca4924575284fbf98889.jpg,saved,38348
"https://static-assets.artlogic.net/w_1600,h_1600,c_limit,f_auto,fl_lossy,q_auto/ws-pilevneli/usr/exhibitions/images/exhibitions/93/pilevneli_202312_074.jpg",media/83efedb713c8d817ddeb83de.jpg,saved,82894
"https://static-assets.artlogic.net/w_1600,h_1600,c_limit,f_auto,fl_lossy,q_auto/ws-pilevneli/usr/exhibitions/images/exhibitions/93/pilevneli_202312_075.jpg",media/7f3e69ab66bca45e96f4406e.jpg,saved,84094
"https://static-assets.artlogic.net/w_1600,h_1600,c_limit,f_auto,fl_lossy,q_auto/ws-pilevneli/usr/images/exhibitions/group_images_override/93/beyaz.jpg",media/99cf8bfd2360083786e56424.jpg,saved,3248
"https://static-assets.artlogic.net/w_1600,h_1600,c_limit,f_auto,fl_lossy,q_auto/ws-pilevneli/usr/exhibitions/images/exhibitions/94/pilevneli_202312_001.jpg",media/1514909d8a3d3ae2c7b6578e.jpg,saved,28762
"https://static-assets.artlogic.net/w_1600,h_1600,c_limit,f_auto,fl_lossy,q_auto/ws-pilevneli/usr/exhibitions/images/exhibitions/94/pilevneli_202312_147.jpg",media/3fddd2d56d7a08a3d96699c2.jpg,saved,18100
"https://static-assets.artlogic.net/w_1600,h_1600,c_limit,f_auto,fl_lossy,q_auto/ws-pilevneli/usr/exhibitions/images/exhibitions/94/pilevneli_202312_004.jpg",media/721ce2e057218c7465e6a2dd.jpg,saved,52406
"https://static-assets.artlogic.net/w_1600,h_1600,c_limit,f_auto,fl_lossy,q_auto/ws-pilevneli/usr/exhibitions/images/exhibitions/94/pilevneli_202312_012.jpg",media/3f24a1d86ce504b48669c6e2.jpg,saved,43418
"https://static-assets.artlogic.net/w_1600,h_1600,c_limit,f_auto,fl_lossy,q_auto/ws-pilevneli/usr/exhibitions/images/exhibitions/94/pilevneli_202312_052.jpg",media/b82f0d974dab523eebc1d351.jpg,saved,55590
"https://static-assets.artlogic.net/w_1600,h_1600,c_limit,f_auto,fl_lossy,q_auto/ws-pilevneli/usr/exhibitions/images/exhibitions/94/pilevneli_202312_013.jpg",media/e1e0f187474a6c2d368cb8cb.jpg,saved,48890
"https://static-assets.artlogic.net/w_1600,h_1600,c_limit,f_auto,fl_lossy,q_auto/ws-pilevneli/usr/exhibitions/images/exhibitions/94/pilevneli_202312_051.jpg",media/cfa753757914984eeda04460.jpg,saved,52156
"https://static-assets.artlogic.net/w_1600,h_1600,c_limit,f_auto,fl_lossy,q_auto/ws-pilevneli/usr/exhibitions/images/exhibitions/94/pilevneli_202312_040.jpg",media/61e73529951e86bf5e3c85de.jpg,saved,81240
"https://static-assets.artlogic.net/w_1600,h_1600,c_limit,f_auto,fl_lossy,q_auto/ws-pilevneli/usr/images/exhibitions/group_images_override/94/_t7a7455.jpg",media/14839438d5b1ae3b3a0401c4.jpg,saved,106846
"https://static-assets.artlogic.net/w_1600,h_1600,c_limit,f_auto,fl_lossy,q_auto/ws-pilevneli/usr/images/exhibitions/group_images_override/96/beyaz.jpg",media/4e0c92bdc3174bf03ecfda02.jpg,saved,3248
"https://static-assets.artlogic.net/w_1600,h_1600,c_limit,f_auto,fl_lossy,q_auto/ws-pilevneli/usr/exhibitions/images/exhibitions/97/screen-shot-2024-02-13-at-12.09.01-pm.jpg",media/277fd3bcf1a1c3bf14dfe61f.jpg,saved,9664
"https://static-assets.artlogic.net/w_1600,h_1600,c_limit,f_auto,fl_lossy,q_auto/ws-pilevneli/usr/exhibitions/images/exhibitions/97/screen-shot-2024-02-13-at-12.09.29-pm.jpg",media/e42e6f507737313ac9c49c57.jpg,saved,11744
"https://static-assets.artlogic.net/w_1600,h_1600,c_limit,f_auto,fl_lossy,q_auto/ws-pilevneli/usr/exhibitions/images/exhibitions/97/screen-shot-2024-02-13-at-12.09.10-pm.jpg",media/0601cd642b6a9244ddbd8d42.jpg,saved,11118
"https://static-assets.artlogic.net/w_1600,h_1600,c_limit,f_auto,fl_lossy,q_auto/ws-pilevneli/usr/exhibitions/images/exhibitions/97/screen-shot-2024-02-13-at-12.09.20-pm.jpg",media/44b865b13dce277619a11ebc.jpg,saved,13280
"https://static-assets.artlogic.net/w_1600,h_1600,c_limit,f_auto,fl_lossy,q_auto/ws-pilevneli/usr/exhibitions/images/exhibitions/97/screen-shot-2024-02-13-at-11.40.06-am.png",media/c93345071a5009a381c8360a.png,saved,25094
"https://static-assets.artlogic.net/w_1600,h_1600,c_limit,f_auto,fl_lossy,q_auto/ws-pilevneli/usr/exhibitions/images/exhibitions/97/screen-shot-2024-02-22-at-1.28.16-pm.jpg",media/5abfe85dd795cf9c72f26667.jpg,saved,139404
"https://static-assets.artlogic.net/w_1600,h_1600,c_limit,f_auto,fl_lossy,q_auto/ws-pilevneli/usr/exhibitions/images/exhibitions/97/screen-shot-2024-02-22-at-1.33.15-pm.jpg",media/71ea4137f31a2d87f507ca06.jpg,saved,111008
"https://static-assets.artlogic.net/w_1600,h_1600,c_limit,f_auto,fl_lossy,q_auto/ws-pilevneli/usr/exhibitions/images/exhibitions/97/screen-shot-2024-02-22-at-1.28.34-pm.jpg",media/8977ded86048ae12245cfd18.jpg,saved,139670
"https://static-assets.artlogic.net/w_1600,h_1600,c_limit,f_auto,fl_lossy,q_auto/ws-pilevneli/usr/exhibitions/images/exhibitions/97/screen-shot-2024-02-22-at-1.28.54-pm.jpg",media/81dd2e46c9e524618707fd6c.jpg,saved,139144
"https://static-assets.artlogic.net/w_1600,h_1600,c_limit,f_auto,fl_lossy,q_auto/ws-pilevneli/usr/exhibitions/images/exhibitions/97/screen-shot-2024-02-22-at-1.40.27-pm.jpg",media/553d3f79954cbe2b63566454.jpg,saved,128696
"https://static-assets.artlogic.net/w_1600,h_1600,c_limit,f_auto,fl_lossy,q_auto/ws-pilevneli/usr/images/exhibitions/group_images_override/97/screen-shot-2023-12-15-at-13.11.02.png",media/489774ed9f659daae7300682.png,saved,28476
"https://static-assets.artlogic.net/w_1600,h_1600,c_limit,f_auto,fl_lossy,q_auto/ws-pilevneli/usr/exhibitions/images/exhibitions/98/screen-shot-2024-02-13-at-11.51.09-am.jpg",media/a963f14efbd94601b4e1753d.jpg,saved,44792
"https://static-assets.artlogic.net/w_1600,h_1600,c_limit,f_auto,fl_lossy,q_auto/ws-pilevneli/usr/exhibitions/images/exhibitions/98/screen-shot-2024-02-13-at-11.51.31-am.jpg",media/35de491ce8ba86e6658b5ca6.jpg,saved,48112
"https://static-assets.artlogic.net/w_1600,h_1600,c_limit,f_auto,fl_lossy,q_auto/ws-pilevneli/usr/exhibitions/images/exhibitions/98/screen-shot-2024-02-13-at-11.51.46-am.jpg",media/bdea3d013ac0d4e63ffe5d40.jpg,saved,55742
"https://static-assets.artlogic.net/w_1600,h_1600,c_limit,f_auto,fl_lossy,q_auto/ws-pilevneli/usr/exhibitions/images/exhibitions/98/screen-shot-2024-02-13-at-11.52.01-am.jpg",media/ba719f1251073ffb8537699a.jpg,saved,49030
"https://static-assets.artlogic.net/w_1600,h_1600,c_limit,f_auto,fl_lossy,q_auto/ws-pilevneli/usr/exhibitions/images/exhibitions/98/screen-shot-2024-02-13-at-11.52.13-am.jpg",media/a6654aaa7a37690a525f6ef2.jpg,saved,25130
"https://static-assets.artlogic.net/w_1600,h_1600,c_limit,f_auto,fl_lossy,q_auto/ws-pilevneli/usr/exhibitions/images/exhibitions/98/screen-shot-2024-02-13-at-11.56.04-am.jpg",media/d94d30b3d3e1866ff247c5c8.jpg,saved,64714
"https://static-assets.artlogic.net/w_1600,h_1600,c_limit,f_auto,fl_lossy,q_auto/ws-pilevneli/usr/exhibitions/images/exhibitions/98/screen-shot-2024-02-13-at-11.56.14-am.jpg",media/e20709d92835487166f84576.jpg,saved,80706
"https://static-assets.artlogic.net/w_1600,h_1600,c_limit,f_auto,fl_lossy,q_auto/ws-pilevneli/usr/exhibitions/images/exhibitions/98/screen-shot-2024-02-13-at-11.58.43-am.jpg",media/e3ac61dab464ad6e7227df6f.jpg,saved,29766
"https://static-assets.artlogic.net/w_1600,h_1600,c_limit,f_auto,fl_lossy,q_auto/ws-pilevneli/usr/exhibitions/images/exhibitions/98/screen-shot-2024-02-13-at-11.58.32-am.jpg",media/c4a785d199dc7a7272678b1a.jpg,saved,46106
"https://static-assets.artlogic.net/w_1600,h_1600,c_limit,f_auto,fl_lossy,q_auto/ws-pilevneli/usr/exhibitions/images/exhibitions/98/screen-shot-2024-02-13-at-11.56.22-am.jpg",media/81a5d8d41b1c21baeba5051b.jpg,saved,45654
"https://static-assets.artlogic.net/w_1600,h_1600,c_limit,f_auto,fl_lossy,q_auto/ws-pilevneli/usr/images/exhibitions/group_images_override/98/50e55aa3-17f4-4b18-99e7-e9b713a90e5a.jpg",media/8ecdfca24ec540261b1f7241.jpg,saved,41666
"https://static-assets.artlogic.net/w_1600,h_1600,c_limit,f_auto,fl_lossy,q_auto/ws-pilevneli/usr/exhibitions/images/exhibitions/99/pilevneli_022024_012.jpg",media/5be98d184d7b54d442aaca86.jpg,saved,69312
"https://static-assets.artlogic.net/w_1600,h_1600,c_limit,f_auto,fl_lossy,q_auto/ws-pilevneli/usr/exhibitions/images/exhibitions/99/pilevneli_022024_009.jpg",media/c2259e773f86bb9793b9f1ab.jpg,saved,64816
"https://static-assets.artlogic.net/w_1600,h_1600,c_limit,f_auto,fl_lossy,q_auto/ws-pilevneli/usr/exhibitions/images/exhibitions/99/pilevneli_022024_004.jpg",media/1f5faf3260a89e2c9c018d66.jpg,saved,80420
"https://static-assets.artlogic.net/w_1600,h_1600,c_limit,f_auto,fl_lossy,q_auto/ws-pilevneli/usr/exhibitions/images/exhibitions/99/pilevneli_022024_003.jpg",media/3d22dcf0e45a413e4bf87a58.jpg,saved,114672
"https://static-assets.artlogic.net/w_1600,h_1600,c_limit,f_auto,fl_lossy,q_auto/ws-pilevneli/usr/exhibitions/images/exhibitions/99/pilevneli_022024_041.jpg",media/392f7ef7d0dca8ec2bc20cd6.jpg,saved,44296
"https://static-assets.artlogic.net/w_1600,h_1600,c_limit,f_auto,fl_lossy,q_auto/ws-pilevneli/usr/exhibitions/images/exhibitions/99/pilevneli_022024_039.jpg",media/87a334130525eb7fdf5673c3.jpg,saved,78282
"https://static-assets.artlogic.net/w_1600,h_1600,c_limit,f_auto,fl_lossy,q_auto/ws-pilevneli/usr/exhibitions/images/exhibitions/99/pilevneli_022024_005.jpg",media/06d6220d08da13c1095939ce.jpg,saved,102698
"https://static-assets.artlogic.net/w_1600,h_1600,c_limit,f_auto,fl_lossy,q_auto/ws-pilevneli/usr/exhibitions/images/exhibitions/99/pilevneli_022024_032-2-.jpg",media/f83692798a932d0e872b2245.jpg,saved,82900
"https://static-assets.artlogic.net/w_1600,h_1600,c_limit,f_auto,fl_lossy,q_auto/ws-pilevneli/usr/exhibitions/images/exhibitions/99/pilevneli_022024_059.jpg",media/108983f1602e095959ef612d.jpg,saved,92704
"https://static-assets.artlogic.net/w_1600,h_1600,c_limit,f_auto,fl_lossy,q_auto/ws-pilevneli/usr/images/exhibitions/group_images_override/99/boraak-nc-tu-rk.jpeg",media/88af6a7bbf836c56dcb1d9cd.jpeg,saved,73660
"https://static-assets.artlogic.net/w_1600,h_1600,c_limit,f_auto,fl_lossy,q_auto/ws-pilevneli/usr/images/exhibitions/main_image_override/134/whatsapp-image-2026-06-10-at-10.10.45.jpeg",media/61c41e98bd267e633f1c71b6.jpeg,saved,282532
"https://static-assets.artlogic.net/w_1600,h_1600,c_limit,f_auto,fl_lossy,q_auto/ws-pilevneli/usr/images/exhibitions/main_image_override/16/kutsal-pazarlik-son.gif",media/5eab6a5bbca9cbdf0bc89374.gif,saved,236630
"https://static-assets.artlogic.net/w_1600,h_1600,c_limit,f_auto,fl_lossy,q_auto/ws-pilevneli/usr/images/exhibitions/main_image_override/18/sleeping-girl-kare.gif",media/d6dcaf3762625d14268a7049.gif,saved,121922
"https://static-assets.artlogic.net/w_1600,h_1600,c_limit,f_auto,fl_lossy,q_auto/ws-pilevneli/usr/images/exhibitions/main_image_override/15/ugo-rondinone-lighter-kare.gif",media/85a5c0257a13f6cdb3327f09.gif,saved,111868
"https://static-assets.artlogic.net/w_1600,h_1600,c_limit,f_auto,fl_lossy,q_auto/ws-pilevneli/usr/images/exhibitions/main_image_override/22/dsd_7638.jpg",media/ed834b3b118c12bea5ed27d0.jpg,saved,685254
"https://static-assets.artlogic.net/w_1600,h_1600,c_limit,f_auto,fl_lossy,q_auto/ws-pilevneli/usr/images/exhibitions/main_image_override/21/lotus-son2.gif",media/5837d89a127c8919e7db02ae.gif,saved,98966
"https://static-assets.artlogic.net/w_1600,h_1600,c_limit,f_auto,fl_lossy,q_auto/ws-pilevneli/usr/images/exhibitions/main_image_override/33/tuz-zamani-son-kare.gif",media/1720c6750ac669be2b3b2553.gif,saved,207846
"https://static-assets.artlogic.net/w_1600,h_1600,c_limit,f_auto,fl_lossy,q_auto/ws-pilevneli/usr/images/exhibitions/main_image_override/32/cleon-son-kare.gif",media/e22e9570b86a2721f8b7163c.gif,saved,85904
"https://static-assets.artlogic.net/w_1600,h_1600,c_limit,f_auto,fl_lossy,q_auto/ws-pilevneli/usr/images/exhibitions/main_image_override/29/sener-ozmen-hopelessness-kare.gif",media/f8076a906faa71df7c944baa.gif,saved,255124
"https://static-assets.artlogic.net/w_1600,h_1600,c_limit,f_auto,fl_lossy,q_auto/ws-pilevneli/usr/images/exhibitions/main_image_override/27/new-you-son-kare.gif",media/394f2e37cf4bd9c706c229c0.gif,saved,337466
"https://static-assets.artlogic.net/w_1600,h_1600,c_limit,f_auto,fl_lossy,q_auto/ws-pilevneli/usr/images/exhibitions/main_image_override/13/ziya-tacir-seeking-kare.gif",media/c50aaf7852bba3f4d6684482.gif,saved,30360
"https://static-assets.artlogic.net/w_1600,h_1600,c_limit,f_auto,fl_lossy,q_auto/ws-pilevneli/usr/images/exhibitions/main_image_override/12/hopdb-drifting-kare.gif",media/70fbe8b3673c4d37fa6e9ea9.gif,saved,51062
"https://static-assets.artlogic.net/w_1600,h_1600,c_limit,f_auto,fl_lossy,q_auto/ws-pilevneli/usr/images/exhibitions/main_image_override/53/list-image.gif",media/3122c06c2d0f9af6948f06fa.gif,saved,99734
"https://static-assets.artlogic.net/w_1600,h_1600,c_limit,f_auto,fl_lossy,q_auto/ws-pilevneli/usr/images/exhibitions/main_image_override/41/listimage_dt.gif",media/66ae8c7415a3c2a915117750.gif,saved,236266
"https://static-assets.artlogic.net/w_1600,h_1600,c_limit,f_auto,fl_lossy,q_auto/ws-pilevneli/usr/images/exhibitions/main_image_override/50/ba-l-ks-z-1-kurtar-ld-.gif",media/fe90734bec9a8d9d9affc398.gif,saved,432854
"https://static-assets.artlogic.net/w_1600,h_1600,c_limit,f_auto,fl_lossy,q_auto/ws-pilevneli/usr/images/exhibitions/main_image_override/47/efsun_listimage.gif",media/fee3db73052d3fa9fdb8427a.gif,saved,428442
"https://static-assets.artlogic.net/w_1600,h_1600,c_limit,f_auto,fl_lossy,q_auto/ws-pilevneli/usr/images/exhibitions/main_image_override/45/217723688_348955030098633_4165667681839169973_n.jpg",media/d375a2bd45eba3c06a88cc44.jpg,saved,39292
"https://static-assets.artlogic.net/w_1600,h_1600,c_limit,f_auto,fl_lossy,q_auto/ws-pilevneli/usr/images/exhibitions/main_image_override/10/purity-list-image.gif",media/d9fe4bf92736ba2b5469a7b9.gif,saved,171382
"https://static-assets.artlogic.net/w_1600,h_1600,c_limit,f_auto,fl_lossy,q_auto/ws-pilevneli/usr/images/exhibitions/main_image_override/59/whatsapp-image-2022-04-25-at-16.44.05.jpeg",media/6eca34b4fff24c95622a9df1.jpeg,saved,398022
"https://static-assets.artlogic.net/w_1600,h_1600,c_limit,f_auto,fl_lossy,q_auto/ws-pilevneli/usr/images/exhibitions/main_image_override/96/tabla.jpg",media/da2e425b9fcf6e5a2bee339a.jpg,saved,217050
"https://static-assets.artlogic.net/w_1600,h_1600,c_limit,f_auto,fl_lossy,q_auto/ws-pilevneli/usr/images/exhibitions/main_image_override/93/_2060640.jpg",media/b102c64ca9be3a74efd36a7e.jpg,saved,464148
"https://static-assets.artlogic.net/w_1600,h_1600,c_limit,f_auto,fl_lossy,q_auto/ws-pilevneli/usr/images/exhibitions/main_image_override/90/img_6536.jpg",media/4d936bad46e78319e207029f.jpg,saved,258494
"https://static-assets.artlogic.net/w_1600,h_1600,c_limit,f_auto,fl_lossy,q_auto/ws-pilevneli/usr/images/exhibitions/main_image_override/86/img_3516.jpg",media/9fdbe8255d1a43e4c355cd06.jpg,saved,50366
"https://static-assets.artlogic.net/w_1600,h_1600,c_limit,f_auto,fl_lossy,q_auto/ws-pilevneli/usr/images/exhibitions/main_image_override/87/web-pascale_marthine_tayou-2018-0920-big_pata2018_0920db.jpg",media/bec8f8e527aa96f8ecf33157.jpg,saved,77784
"https://static-assets.artlogic.net/w_1600,h_1600,c_limit,f_auto,fl_lossy,q_auto/ws-pilevneli/usr/images/exhibitions/main_image_override/84/jm_fernando_chair_001.jpg",media/e72a201619fdd30e55dadc93.jpg,saved,54100
"https://static-assets.artlogic.net/w_1600,h_1600,c_limit,f_auto,fl_lossy,q_auto/ws-pilevneli/usr/images/exhibitions/main_image_override/85/sedef-elen.jpg",media/51bb88555556608b0c4fe3db.jpg,saved,89682
"https://static-assets.artlogic.net/w_1600,h_1600,c_limit,f_auto,fl_lossy,q_auto/ws-pilevneli/usr/images/exhibitions/main_image_override/81/screen-shot-2023-06-15-at-10.53.15-am.jpg",media/9b43fd2da6c98ea6e16f821b.jpg,saved,106588
"https://static-assets.artlogic.net/w_1600,h_1600,c_limit,f_auto,fl_lossy,q_auto/ws-pilevneli/usr/images/exhibitions/main_image_override/78/yt023-image.jpg",media/beab064e50e7a55076b247f2.jpg,saved,175372
"https://static-assets.artlogic.net/w_1600,h_1600,c_limit,f_auto,fl_lossy,q_auto/ws-pilevneli/usr/images/exhibitions/main_image_override/76/tavfotosu.jpg",media/c3912b3ff25f48700f236306.jpg,saved,226682
"https://static-assets.artlogic.net/w_1600,h_1600,c_limit,f_auto,fl_lossy,q_auto/ws-pilevneli/usr/images/exhibitions/main_image_override/100/screen-shot-2024-01-11-at-14.57.08.jpg",media/166a20a4a8ef1858b98e971a.jpg,saved,8334
"https://static-assets.artlogic.net/w_1600,h_1600,c_limit,f_auto,fl_lossy,q_auto/ws-pilevneli/usr/images/exhibitions/main_image_override/98/50e55aa3-17f4-4b18-99e7-e9b713a90e5a.jpg",media/6679b0ca6aabd5df3c7bac9c.jpg,saved,33526
"https://static-assets.artlogic.net/w_1600,h_1600,c_limit,f_auto,fl_lossy,q_auto/ws-pilevneli/usr/images/exhibitions/main_image_override/97/screen-shot-2023-12-15-at-13.11.02.png",media/6f5d17fe58e6ac1c45710e5a.png,saved,28476
"https://static-assets.artlogic.net/w_1600,h_1600,c_limit,f_auto,fl_lossy,q_auto/ws-pilevneli/usr/images/exhibitions/main_image_override/125/almost_surprised_3.jpeg",media/3b969a00d84ab3ff8f39d00b.jpeg,saved,190576
"https://static-assets.artlogic.net/w_1600,h_1600,c_limit,f_auto,fl_lossy,q_auto/ws-pilevneli/usr/images/exhibitions/main_image_override/123/25_graysc_pilevneli_erdogan_churchcapture-1-1-.jpg",media/6b113e7f325bfc6e54cabb0f.jpg,saved,124708
"https://static-assets.artlogic.net/w_1600,h_1600,c_limit,f_auto,fl_lossy,q_auto/ws-pilevneli/usr/api/instagram/images/337328114_1401501093919640_208472834288722496_n.jpg",media/94061f36d59ca7644099f999.jpg,failed,"404 Client Error: Not Found for url: https://static-assets.artlogic.net/w_1600,h_1600,c_limit,f_auto,fl_lossy,q_auto/ws-pilevneli/usr/api/instagram/images/337328114_140150109391964"
"https://static-assets.artlogic.net/w_1600,h_1600,c_limit,f_auto,fl_lossy,q_auto/ws-pilevneli/usr/api/instagram/images/335616463_751461203238226_3176524567583953752_n.jpg",media/30c60f15a8c23f3125b4555d.jpg,failed,"404 Client Error: Not Found for url: https://static-assets.artlogic.net/w_1600,h_1600,c_limit,f_auto,fl_lossy,q_auto/ws-pilevneli/usr/api/instagram/images/335616463_751461203238226"
"https://static-assets.artlogic.net/w_1600,h_1600,c_limit,f_auto,fl_lossy,q_auto/ws-pilevneli/usr/api/instagram/images/334731756_1530021847483889_263885041560497603_n.jpg",media/488424af3310b45107b8d640.jpg,failed,"404 Client Error: Not Found for url: https://static-assets.artlogic.net/w_1600,h_1600,c_limit,f_auto,fl_lossy,q_auto/ws-pilevneli/usr/api/instagram/images/334731756_153002184748388"
"https://static-assets.artlogic.net/w_1600,h_1600,c_limit,f_auto,fl_lossy,q_auto/ws-pilevneli/usr/api/instagram/images/332018776_903002144291149_6168697793317280814_n.jpg",media/7387bf160eb30ad4fadf666a.jpg,failed,"404 Client Error: Not Found for url: https://static-assets.artlogic.net/w_1600,h_1600,c_limit,f_auto,fl_lossy,q_auto/ws-pilevneli/usr/api/instagram/images/332018776_903002144291149"
"https://static-assets.artlogic.net/w_1600,h_1600,c_limit,f_auto,fl_lossy,q_auto/ws-pilevneli/usr/api/instagram/images/333154504_2575459935927167_2251234893574460503_n.jpg",media/99acbe695670346ed9721993.jpg,failed,"404 Client Error: Not Found for url: https://static-assets.artlogic.net/w_1600,h_1600,c_limit,f_auto,fl_lossy,q_auto/ws-pilevneli/usr/api/instagram/images/333154504_257545993592716"
"https://static-assets.artlogic.net/w_1600,h_1600,c_limit,f_auto,fl_lossy,q_auto/ws-pilevneli/usr/api/instagram/images/329682557_214487541095522_5325570110788993236_n.jpg",media/cb1bc50917eb74d0e646ca9b.jpg,failed,"404 Client Error: Not Found for url: https://static-assets.artlogic.net/w_1600,h_1600,c_limit,f_auto,fl_lossy,q_auto/ws-pilevneli/usr/api/instagram/images/329682557_214487541095522"
"https://static-assets.artlogic.net/w_1600,h_1600,c_limit,f_auto,fl_lossy,q_auto/ws-pilevneli/usr/images/news/main_image/141/refik-anadol.jpg",media/1504e1f5d6345f2ce374f237.jpg,saved,72640
"https://static-assets.artlogic.net/w_1600,h_1600,c_limit,f_auto,fl_lossy,q_auto/ws-pilevneli/usr/images/news/main_image_override/140/upscalemedia-transformed.jpeg",media/91838fdacc6fa3296eb81e13.jpeg,saved,362630
"https://static-assets.artlogic.net/w_1600,h_1600,c_limit,f_auto,fl_lossy,q_auto/ws-pilevneli/usr/images/news/main_image_override/135/35b4f591-1260-4a36-9492-6d7832762dd3.jpg",media/633a2abd0e53e7c5ed3fd1a0.jpg,saved,75148
"https://static-assets.artlogic.net/w_1600,h_1600,c_limit,f_auto,fl_lossy,q_auto/ws-pilevneli/usr/images/news/main_image/132/a5bac50a-ce2a-4b77-8f57-0ee30c4bcca0.jpeg",media/db95eadf3bf670dd00163d5b.jpeg,saved,150266
"https://static-assets.artlogic.net/w_1600,h_1600,c_limit,f_auto,fl_lossy,q_auto/ws-pilevneli/usr/images/news/main_image/131/f88f598a-f493-42ea-b55c-1b149ed849d1.jpeg",media/c70924672cf4cb097f73b6dd.jpeg,saved,76960
"https://static-assets.artlogic.net/w_1600,h_1600,c_limit,f_auto,fl_lossy,q_auto/ws-pilevneli/usr/images/news/main_image/127/img_3963.jpeg",media/b361d0b4c7214f6ac13ba9f7.jpeg,saved,153580
"https://static-assets.artlogic.net/w_1600,h_1600,c_limit,f_auto,fl_lossy,q_auto/ws-pilevneli/usr/images/news/main_image/124/img_5364.jpeg",media/1827532d3eea32fef1c7822d.jpeg,saved,63630
"https://static-assets.artlogic.net/w_1600,h_1600,c_limit,f_auto,fl_lossy,q_auto/ws-pilevneli/usr/images/news/main_image/121/img_3874.jpeg",media/f61a03670bc370fc942b5eb0.jpeg,saved,204692
"https://static-assets.artlogic.net/w_1600,h_1600,c_limit,f_auto,fl_lossy,q_auto/ws-pilevneli/usr/images/news/main_image/114/img_9930.jpeg",media/fc614be981ee978b229503e5.jpeg,saved,55828
"https://static-assets.artlogic.net/w_1600,h_1600,c_limit,f_auto,fl_lossy,q_auto/ws-pilevneli/usr/images/news/main_image/102/ersan.jpg",media/11cee51ee1e013064e7d9896.jpg,saved,121170
"https://static-assets.artlogic.net/w_1600,h_1600,c_limit,f_auto,fl_lossy,q_auto/ws-pilevneli/usr/images/news/main_image/90/img_7713.jpeg",media/04129d1629fab721ed686e06.jpeg,saved,257992
"https://static-assets.artlogic.net/w_1600,h_1600,c_limit,f_auto,fl_lossy,q_auto/ws-pilevneli/usr/images/news/main_image/88/cdae332e-b523-4c71-8c38-a3b48884a6af.jpeg",media/707fab7f1d42390ab6439a38.jpeg,saved,15064
"https://static-assets.artlogic.net/w_1600,h_1600,c_limit,f_auto,fl_lossy,q_auto/ws-pilevneli/usr/images/news/main_image/86/8261c0e5-e4e3-461d-975b-e5afb669a939.jpeg",media/ba1d85ab968f8c27b3099338.jpeg,saved,305390
"https://static-assets.artlogic.net/w_1600,h_1600,c_limit,f_auto,fl_lossy,q_auto/ws-pilevneli/usr/images/news/main_image/79/937a2afe-c3bf-487a-894a-5c21e92f6d81.jpeg",media/5003f8a44ce0d8e188dd01dc.jpeg,saved,47588
"https://static-assets.artlogic.net/w_1600,h_1600,c_limit,f_auto,fl_lossy,q_auto/ws-pilevneli/usr/library/images/main/news/104/borusan_bittermedicine2_10_1.jpeg",media/fe0ba7788db4d186420b205d.jpeg,saved,695852
"https://static-assets.artlogic.net/w_1600,h_1600,c_limit,f_auto,fl_lossy,q_auto/ws-pilevneli/usr/library/images/main/news/104/borusan_bittermedicine2_3.jpeg",media/ac61507482fa1c0e9a8bbd2b.jpeg,saved,100432
"https://static-assets.artlogic.net/w_1600,h_1600,c_limit,f_auto,fl_lossy,q_auto/ws-pilevneli/usr/library/images/main/news/104/borusan_bittermedicine2_2.jpeg",media/6bd058cd24671b60faf6b8a9.jpeg,saved,160814
"https://static-assets.artlogic.net/w_1600,h_1600,c_limit,f_auto,fl_lossy,q_auto/ws-pilevneli/usr/library/images/main/news/104/borusan_bittermedicine2_9.jpeg",media/17f2f1e2fae99e76d676b8bd.jpeg,saved,175646
"https://static-assets.artlogic.net/w_1600,h_1600,c_limit,f_auto,fl_lossy,q_auto/ws-pilevneli/usr/library/images/main/news/104/borusan_bittermedicine2_8.jpeg",media/0cfe315a09119a4b01e80f0f.jpeg,saved,326434
"https://static-assets.artlogic.net/w_1600,h_1600,c_limit,f_auto,fl_lossy,q_auto/ws-pilevneli/usr/library/images/main/news/104/borusan_bittermedicine2_1.jpeg",media/e9340c8e45a07b9e4e040a13.jpeg,saved,300678
"https://static-assets.artlogic.net/w_1600,h_1600,c_limit,f_auto,fl_lossy,q_auto/ws-pilevneli/usr/library/images/main/news/104/borusan_bittermedicine2_7.jpeg",media/4ad7c881869e8bb28c40852a.jpeg,saved,540977
"https://static-assets.artlogic.net/w_1600,h_1600,c_limit,f_auto,fl_lossy,q_auto/ws-pilevneli/usr/library/images/main/news/105/whatsapp-image-2025-06-04-at-22.16.59.jpeg",media/ed58a36b8d94a11bee468e6f.jpeg,saved,247710
"https://static-assets.artlogic.net/w_1600,h_1600,c_limit,f_auto,fl_lossy,q_auto/ws-pilevneli/usr/library/images/main/news/105/whatsapp-image-2025-06-04-at-22.16.59-1-.jpeg",media/d4832952f2e2c4a04c44d1e8.jpeg,saved,199398
"https://static-assets.artlogic.net/w_1600,h_1600,c_limit,f_auto,fl_lossy,q_auto/ws-pilevneli/usr/library/images/main/news/105/whatsapp-image-2025-06-04-at-22.16.59-2-.jpeg",media/28b01f80534e1afd9a3c3e85.jpeg,saved,229856
"https://static-assets.artlogic.net/w_1600,h_1600,c_limit,f_auto,fl_lossy,q_auto/ws-pilevneli/usr/library/images/main/news/105/whatsapp-image-2025-06-04-at-22.16.58.jpeg",media/ef9fae107f82a0d980f31b93.jpeg,saved,222216
"https://static-assets.artlogic.net/w_1600,h_1600,c_limit,f_auto,fl_lossy,q_auto/ws-pilevneli/usr/library/images/main/news/108/whatsapp-image-2025-06-14-at-13.42.38-2-.jpeg",media/9eac4a31d00685b7ef1c93d1.jpeg,saved,92456
"https://static-assets.artlogic.net/w_1600,h_1600,c_limit,f_auto,fl_lossy,q_auto/ws-pilevneli/usr/library/images/main/news/108/whatsapp-image-2025-06-14-at-13.42.38.jpeg",media/f85dc624f3a516d6d07c7daa.jpeg,saved,11490
"https://static-assets.artlogic.net/w_1600,h_1600,c_limit,f_auto,fl_lossy,q_auto/ws-pilevneli/usr/library/images/main/news/108/whatsapp-image-2025-06-14-at-13.42.38-1-.jpeg",media/1cb360c2de7cba82f357c3be.jpeg,saved,76316
"https://static-assets.artlogic.net/w_1600,h_1600,c_limit,f_auto,fl_lossy,q_auto/ws-pilevneli/usr/library/images/main/news/108/whatsapp-image-2025-06-14-at-13.42.39.jpeg",media/eeba365a57ce293a58ed85d9.jpeg,saved,57830
"https://static-assets.artlogic.net/w_1600,h_1600,c_limit,f_auto,fl_lossy,q_auto/ws-pilevneli/usr/library/images/main/news/111/kfg3.jpg",media/35f6203a3f26220edaf9afe1.jpg,saved,22214
"https://static-assets.artlogic.net/w_1600,h_1600,c_limit,f_auto,fl_lossy,q_auto/ws-pilevneli/usr/library/images/main/news/111/kfg2.jpg",media/ee50d892a5478ac177aaef5d.jpg,saved,39104
"https://static-assets.artlogic.net/w_1600,h_1600,c_limit,f_auto,fl_lossy,q_auto/ws-pilevneli/usr/library/images/main/news/111/kfg1.jpg",media/d684e92aea1fcf0947d4e496.jpg,saved,25208
"https://static-assets.artlogic.net/w_1600,h_1600,c_limit,f_auto,fl_lossy,q_auto/ws-pilevneli/usr/library/images/main/news/113/4b9448cc-8a18-4477-a14d-e3346a3f7d03.jpeg",media/28a8728ae2be433d7f69214b.jpeg,saved,29886
"https://static-assets.artlogic.net/w_1600,h_1600,c_limit,f_auto,fl_lossy,q_auto/ws-pilevneli/usr/library/images/main/news/113/9d6db564-0e6f-45c2-b2f3-399773c22910.jpeg",media/d99a0fc75bd2b47451215fca.jpeg,saved,55054
"https://static-assets.artlogic.net/w_1600,h_1600,c_limit,f_auto,fl_lossy,q_auto/ws-pilevneli/usr/library/images/main/news/113/55da10f5-1fdc-432d-a3b9-5e0137364b5e.jpeg",media/0d555a7b955f7ede041939fe.jpeg,saved,62986
"https://static-assets.artlogic.net/w_1600,h_1600,c_limit,f_auto,fl_lossy,q_auto/ws-pilevneli/usr/library/images/main/news/113/33ce6ae6-ddb1-4366-ab19-5437ee3007fc.jpeg",media/d5d50bb522e265ed7d1aeff4.jpeg,saved,22522
"https://static-assets.artlogic.net/w_1600,h_1600,c_limit,f_auto,fl_lossy,q_auto/ws-pilevneli/usr/library/images/main/news/114/img_9930.jpeg",media/20ab398f9922ccd70c1c482b.jpeg,saved,55828
"https://static-assets.artlogic.net/w_1600,h_1600,c_limit,f_auto,fl_lossy,q_auto/ws-pilevneli/usr/library/images/main/news/114/img_9931.jpeg",media/b955defc8ebd39ca4f955878.jpeg,saved,47258
"https://static-assets.artlogic.net/w_1600,h_1600,c_limit,f_auto,fl_lossy,q_auto/ws-pilevneli/usr/library/images/main/news/114/img_9933.jpeg",media/6f8c9f52aa1552e421a5e256.jpeg,saved,32822
"https://static-assets.artlogic.net/w_1600,h_1600,c_limit,f_auto,fl_lossy,q_auto/ws-pilevneli/usr/library/images/main/news/114/img_9934.jpeg",media/1c93177317979a686a8155fd.jpeg,saved,28592
"https://static-assets.artlogic.net/w_1600,h_1600,c_limit,f_auto,fl_lossy,q_auto/ws-pilevneli/usr/library/images/main/news/114/img_9929.jpeg",media/313c7b4888d84b20705e616c.jpeg,saved,92538
"https://static-assets.artlogic.net/w_1600,h_1600,c_limit,f_auto,fl_lossy,q_auto/ws-pilevneli/usr/library/images/main/news/114/img_9935.jpeg",media/180d35aa7663bd5e29839e30.jpeg,saved,47294
"https://static-assets.artlogic.net/w_1600,h_1600,c_limit,f_auto,fl_lossy,q_auto/ws-pilevneli/usr/library/images/main/news/114/img_9932.jpeg",media/2425b820f3ba490174364ac5.jpeg,saved,35368
"https://static-assets.artlogic.net/w_1600,h_1600,c_limit,f_auto,fl_lossy,q_auto/ws-pilevneli/usr/library/images/main/news/114/img_9928.jpeg",media/a4a5b9ca3cd320a160c38ab2.jpeg,saved,113272
"https://static-assets.artlogic.net/w_1600,h_1600,c_limit,f_auto,fl_lossy,q_auto/ws-pilevneli/usr/library/images/main/news/117/b38dcde4-1514-4b7c-abd0-77ecb93b6174.jpeg",media/cbd2b5ba24624961f960ed83.jpeg,saved,298012
"https://static-assets.artlogic.net/w_1600,h_1600,c_limit,f_auto,fl_lossy,q_auto/ws-pilevneli/usr/library/images/main/news/117/28df30d7-0296-40d6-88b1-19f60c8b017e.jpeg",media/16a670789664c4d8cf537cbf.jpeg,saved,320420
"https://static-assets.artlogic.net/w_1600,h_1600,c_limit,f_auto,fl_lossy,q_auto/ws-pilevneli/usr/library/images/main/news/117/621d8232-5aa0-4010-b7fe-671d712c0f90.jpeg",media/f7d952e4ecfe367fda01f686.jpeg,saved,189404
"https://static-assets.artlogic.net/w_1600,h_1600,c_limit,f_auto,fl_lossy,q_auto/ws-pilevneli/usr/library/images/main/news/119/whatsapp-image-2025-10-13-at-13.04.44.jpeg",media/e14104c1280d2cc799a4f7a9.jpeg,saved,95596
"https://static-assets.artlogic.net/w_1600,h_1600,c_limit,f_auto,fl_lossy,q_auto/ws-pilevneli/usr/library/images/main/news/119/whatsapp-image-2025-10-13-at-13.04.44-1-.jpeg",media/952e1c12cec1c167518aebca.jpeg,saved,51386
"https://static-assets.artlogic.net/w_1600,h_1600,c_limit,f_auto,fl_lossy,q_auto/ws-pilevneli/usr/library/images/main/news/122/img_5564.jpeg",media/b1a0b79c81ba288fdece040d.jpeg,saved,51260
"https://static-assets.artlogic.net/w_1600,h_1600,c_limit,f_auto,fl_lossy,q_auto/ws-pilevneli/usr/library/images/main/news/122/img_5566.jpeg",media/adeb592eddad14f46ea4d5ed.jpeg,saved,45930
"https://static-assets.artlogic.net/w_1600,h_1600,c_limit,f_auto,fl_lossy,q_auto/ws-pilevneli/usr/library/images/main/news/122/img_5565.jpeg",media/9696ebd56b12c3721a352536.jpeg,saved,56224
"https://static-assets.artlogic.net/w_1600,h_1600,c_limit,f_auto,fl_lossy,q_auto/ws-pilevneli/usr/library/images/main/news/122/img_5567.jpeg",media/5644ff06efab22af5bbf7d8b.jpeg,saved,66144
"https://static-assets.artlogic.net/w_1600,h_1600,c_limit,f_auto,fl_lossy,q_auto/ws-pilevneli/usr/library/images/main/news/122/img_5589.jpeg",media/5a9a0aa1ef16f75f7de5ca47.jpeg,saved,45620
"https://static-assets.artlogic.net/w_1600,h_1600,c_limit,f_auto,fl_lossy,q_auto/ws-pilevneli/usr/library/images/main/news/122/img_5593.jpeg",media/4ec1f041f3124fcbca1b4af0.jpeg,saved,30342
"https://static-assets.artlogic.net/w_1600,h_1600,c_limit,f_auto,fl_lossy,q_auto/ws-pilevneli/usr/library/images/main/news/122/img_5594.jpeg",media/491818b23273afa2f377c497.jpeg,saved,44620
"https://static-assets.artlogic.net/w_1600,h_1600,c_limit,f_auto,fl_lossy,q_auto/ws-pilevneli/usr/library/images/main/news/122/img_5598.jpeg",media/449231ecf747da2465c9fcc6.jpeg,saved,69710
"https://static-assets.artlogic.net/w_1600,h_1600,c_limit,f_auto,fl_lossy,q_auto/ws-pilevneli/usr/library/images/main/news/136/nevin-aladag-raise-of-the-roof.jpg",media/495bbbf4c89f41bc43c41268.jpg,saved,122942
"https://static-assets.artlogic.net/w_1600,h_1600,c_limit,f_auto,fl_lossy,q_auto/ws-pilevneli/usr/library/images/main/news/137/04b96cf0-e6e6-4f96-8164-2129ba72162b.jpg",media/345b16ff9578771c2622f065.jpg,saved,98622
"https://static-assets.artlogic.net/w_1600,h_1600,c_limit,f_auto,fl_lossy,q_auto/ws-pilevneli/usr/library/images/main/news/138/2f5169ca-0574-4995-8c0a-dc061f6837b0.jpg",media/4d759476e9c1cef69919c123.jpg,saved,529968
"https://static-assets.artlogic.net/w_1600,h_1600,c_limit,f_auto,fl_lossy,q_auto/ws-pilevneli/usr/library/images/main/news/145/mehmet-kazim_aqua_monaco_ansichten_005.png",media/46079db38b97fb36157895d4.png,saved,134942
"https://static-assets.artlogic.net/w_1600,h_1600,c_limit,f_auto,fl_lossy,q_auto/ws-pilevneli/usr/library/images/main/news/145/mehmet-kazim_aqua_monaco_ansichten_011.png",media/5ce2b54115ff0bd6b0c13930.png,saved,155582
"https://static-assets.artlogic.net/w_1600,h_1600,c_limit,f_auto,fl_lossy,q_auto/ws-pilevneli/usr/library/images/main/news/145/mehmet-kazim_aqua_monaco_ansichten_004.png",media/9365c00011d20e36c13d3448.png,saved,139068
"https://static-assets.artlogic.net/w_1600,h_1600,c_limit,f_auto,fl_lossy,q_auto/ws-pilevneli/usr/library/images/main/news/15/img_5069.jpg",media/32a177519a7637304955287d.jpg,saved,158658
"https://static-assets.artlogic.net/w_1600,h_1600,c_limit,f_auto,fl_lossy,q_auto/ws-pilevneli/usr/library/images/main/news/15/img_5070.jpg",media/3a589447dd9311df4d5375f5.jpg,saved,159982
"https://static-assets.artlogic.net/w_1600,h_1600,c_limit,f_auto,fl_lossy,q_auto/ws-pilevneli/usr/library/images/main/news/25/279307020_570814924231269_1481359990829420915_n.jpg",media/bd63946f84eb6191a90545fa.jpg,saved,284122
"https://static-assets.artlogic.net/w_1600,h_1600,c_limit,f_auto,fl_lossy,q_auto/ws-pilevneli/usr/library/images/main/news/25/279334600_679411423357630_1316736793014328917_n.jpg",media/efcd0a3404201ff280bcb7c3.jpg,saved,201210
"https://static-assets.artlogic.net/w_1600,h_1600,c_limit,f_auto,fl_lossy,q_auto/ws-pilevneli/usr/library/images/main/news/25/279511123_709205170508251_5055545626114468335_n.jpg",media/21d4d06ed7914bcf3840c479.jpg,saved,81224
"https://static-assets.artlogic.net/w_1600,h_1600,c_limit,f_auto,fl_lossy,q_auto/ws-pilevneli/usr/library/images/main/news/25/279371631_520538146283713_6461892255996502331_n.jpg",media/34c86432ec526e25b58fda3c.jpg,saved,262108
"https://static-assets.artlogic.net/w_1600,h_1600,c_limit,f_auto,fl_lossy,q_auto/ws-pilevneli/usr/library/images/main/news/25/279403798_1118089602102055_4014810740176020840_n.jpg",media/f4fe8f6609efd6dcb5fe2e5c.jpg,saved,86152
"https://static-assets.artlogic.net/w_1600,h_1600,c_limit,f_auto,fl_lossy,q_auto/ws-pilevneli/usr/library/images/main/news/25/279470103_1012748729446897_1763806842523602314_n.jpg",media/635f3211894bbb15cfae83a9.jpg,saved,89318
"https://static-assets.artlogic.net/w_1600,h_1600,c_limit,f_auto,fl_lossy,q_auto/ws-pilevneli/usr/library/images/main/news/25/279379363_1388534174944519_8190130131316230197_n.jpg",media/44759db06208eaa39483fff7.jpg,saved,102346
"https://static-assets.artlogic.net/w_1600,h_1600,c_limit,f_auto,fl_lossy,q_auto/ws-pilevneli/usr/library/images/main/news/25/279473918_880507052664486_1943906910148853739_n.jpg",media/3ebf57062c5d256cdc827a12.jpg,saved,255082
"https://static-assets.artlogic.net/w_1600,h_1600,c_limit,f_auto,fl_lossy,q_auto/ws-pilevneli/usr/library/images/main/news/26/279568429_747329779975183_942481407998566189_n.jpg",media/0fb3e99bd8e365e04cad9bdd.jpg,saved,163840
"https://static-assets.artlogic.net/w_1600,h_1600,c_limit,f_auto,fl_lossy,q_auto/ws-pilevneli/usr/images/news/images/4/_10235-small.gif",media/2533c1e021f12c84a22198d3.gif,saved,122711
"https://static-assets.artlogic.net/w_1600,h_1600,c_limit,f_auto,fl_lossy,q_auto/ws-pilevneli/usr/images/news/images/4/_10171.gif",media/47bf03a73c6818b291002116.gif,saved,225659
"https://static-assets.artlogic.net/w_1600,h_1600,c_limit,f_auto,fl_lossy,q_auto/ws-pilevneli/usr/images/news/images/4/_10173.gif",media/9a1b6d5c43949c04458b4fea.gif,saved,193122
"https://static-assets.artlogic.net/w_1600,h_1600,c_limit,f_auto,fl_lossy,q_auto/ws-pilevneli/usr/library/images/main/news/4/_10172.gif",media/83abf4910481dcf6de2d489c.gif,saved,853116
"https://static-assets.artlogic.net/w_1600,h_1600,c_limit,f_auto,fl_lossy,q_auto/ws-pilevneli/usr/library/images/main/news/56/ced_6518.jpg",media/74f69a31c4bc5796f1ef0d3e.jpg,saved,88980
"https://static-assets.artlogic.net/w_1600,h_1600,c_limit,f_auto,fl_lossy,q_auto/ws-pilevneli/usr/library/images/main/news/56/ced_6522.jpg",media/de722124d0b53d7e4eaca70f.jpg,saved,66636
"https://static-assets.artlogic.net/w_1600,h_1600,c_limit,f_auto,fl_lossy,q_auto/ws-pilevneli/usr/library/images/main/news/56/ced_6525.jpg",media/a568ac2e708395ba18ab4803.jpg,saved,69048
"https://static-assets.artlogic.net/w_1600,h_1600,c_limit,f_auto,fl_lossy,q_auto/ws-pilevneli/usr/library/images/main/news/56/ced_6524.jpg",media/2f65f1e8a0483df36b10111a.jpg,saved,60794
"https://static-assets.artlogic.net/w_1600,h_1600,c_limit,f_auto,fl_lossy,q_auto/ws-pilevneli/usr/library/images/main/news/56/ced_6520.jpg",media/14b9239177f191189f3d1dac.jpg,saved,52776
"https://static-assets.artlogic.net/w_1600,h_1600,c_limit,f_auto,fl_lossy,q_auto/ws-pilevneli/usr/library/images/main/news/56/ced_6523.jpg",media/fa683b1a557e03b06e090ad1.jpg,saved,120424
"https://static-assets.artlogic.net/w_1600,h_1600,c_limit,f_auto,fl_lossy,q_auto/ws-pilevneli/usr/library/images/main/news/56/ced_6526.jpg",media/35e4c7041c09773a5f20e3c7.jpg,saved,63128
"https://static-assets.artlogic.net/w_1600,h_1600,c_limit,f_auto,fl_lossy,q_auto/ws-pilevneli/usr/library/images/main/news/56/ced_6521.jpg",media/1f4913f520e5d874780db1b0.jpg,saved,280730
"https://static-assets.artlogic.net/w_1600,h_1600,c_limit,f_auto,fl_lossy,q_auto/ws-pilevneli/usr/library/images/main/news/56/ced_6527.jpg",media/6e042e3354f96e974f82e984.jpg,saved,131570
"https://static-assets.artlogic.net/w_1600,h_1600,c_limit,f_auto,fl_lossy,q_auto/ws-pilevneli/usr/library/images/main/news/56/ced_6528.jpg",media/34b251a0c6f6fa8e4e0f3c94.jpg,saved,62902
"https://static-assets.artlogic.net/w_1600,h_1600,c_limit,f_auto,fl_lossy,q_auto/ws-pilevneli/usr/library/images/main/news/56/ced_6535.jpg",media/1a18e2ae9e2caf7f1088a349.jpg,saved,46504
"https://static-assets.artlogic.net/w_1600,h_1600,c_limit,f_auto,fl_lossy,q_auto/ws-pilevneli/usr/library/images/main/news/56/ced_6536.jpg",media/1b26811f34ed84a7d8c8753b.jpg,saved,82486
"https://static-assets.artlogic.net/w_1600,h_1600,c_limit,f_auto,fl_lossy,q_auto/ws-pilevneli/usr/library/images/main/news/56/ced_6534.jpg",media/2bdbbe0cd4143d9b56effb0b.jpg,saved,42036
"https://static-assets.artlogic.net/w_1600,h_1600,c_limit,f_auto,fl_lossy,q_auto/ws-pilevneli/usr/library/images/main/news/56/ced_6531.jpg",media/3903ae965fd679bba7d638e7.jpg,saved,102028
"https://static-assets.artlogic.net/w_1600,h_1600,c_limit,f_auto,fl_lossy,q_auto/ws-pilevneli/usr/library/images/main/news/56/ced_6529.jpg",media/43e25993d48855a56e55b043.jpg,saved,107628
"https://static-assets.artlogic.net/w_1600,h_1600,c_limit,f_auto,fl_lossy,q_auto/ws-pilevneli/usr/library/images/main/news/70/artboard-2.jpg",media/17210daa4c044d26585bb8d5.jpg,saved,42270
"https://static-assets.artlogic.net/w_1600,h_1600,c_limit,f_auto,fl_lossy,q_auto/ws-pilevneli/usr/library/images/main/news/70/vienna_is.jpg",media/c38c112ff0709190bc5bf769.jpg,saved,61764
"https://static-assets.artlogic.net/w_1600,h_1600,c_limit,f_auto,fl_lossy,q_auto/ws-pilevneli/usr/library/images/main/news/71/generated-dream_valentine1.jpg",media/0f4534c034f17c4af987cf92.jpg,saved,154350
"https://static-assets.artlogic.net/w_1600,h_1600,c_limit,f_auto,fl_lossy,q_auto/ws-pilevneli/usr/library/images/main/news/71/generated-dream_billie8.jpg",media/b3503333243c42264d8ecf01.jpg,saved,37138
"https://static-assets.artlogic.net/w_1600,h_1600,c_limit,f_auto,fl_lossy,q_auto/ws-pilevneli/usr/library/images/main/news/71/generated-dream_exhibition_view4.jpg",media/2fd6ba64a87c8ba94996f1b4.jpg,saved,86956
"https://static-assets.artlogic.net/w_1600,h_1600,c_limit,f_auto,fl_lossy,q_auto/ws-pilevneli/usr/library/images/main/news/72/whatsapp-image-2024-11-15-at-12.16.05-1-.jpeg",media/1d4c82f786a4605e441acb0d.jpeg,saved,29640
"https://static-assets.artlogic.net/w_1600,h_1600,c_limit,f_auto,fl_lossy,q_auto/ws-pilevneli/usr/library/images/main/news/72/whatsapp-image-2024-11-15-at-12.16.05.jpeg",media/6c7ade2c866abd7053a3b92d.jpeg,saved,45072
"https://static-assets.artlogic.net/w_1600,h_1600,c_limit,f_auto,fl_lossy,q_auto/ws-pilevneli/usr/library/images/main/news/98/8186619a-5bad-4e67-8c80-0551fdccaaeb.jpeg",media/94cf65607f05ee88a1a4e739.jpeg,saved,144864
"https://static-assets.artlogic.net/w_1600,h_1600,c_limit,f_auto,fl_lossy,q_auto/ws-pilevneli/usr/library/images/main/news/98/ffa7345c-be38-42d8-98b6-9d9045b14a6f.jpeg",media/70486bb23fe28dfcc0140dfa.jpeg,saved,409244
"https://static-assets.artlogic.net/w_1600,h_1600,c_limit,f_auto,fl_lossy,q_auto/ws-pilevneli/usr/library/images/main/news/98/0e9845ee-2782-4a2f-a728-9c2156e2f8ef.jpeg",media/144102155e4ba7c628696e26.jpeg,saved,317568
"https://static-assets.artlogic.net/w_1600,h_1600,c_limit,f_auto,fl_lossy,q_auto/ws-pilevneli/usr/library/images/main/news/98/c851f2b0-8031-4d4c-b95e-7454762f6d5b.jpeg",media/c181cadf3b9ce5073a00564f.jpeg,saved,161270
"https://static-assets.artlogic.net/w_1600,h_1600,c_limit,f_auto,fl_lossy,q_auto/ws-pilevneli/usr/images/feature_panels/images_and_objects/52/bla-bla-bla-flag-_squareblacknew.gif",media/c1cfec6414b26abda00abc93.gif,saved,56552
"https://static-assets.artlogic.net/w_1600,h_1600,c_limit,f_auto,fl_lossy,q_auto/ws-pilevneli/usr/images/feature_panels/images_and_objects/52/bla-bla-bla-flag-_squarewhite.gif",media/4aadc07b47ca75b9467ff99b.gif,saved,67518
"https://static-assets.artlogic.net/w_1600,h_1600,c_limit,f_auto,fl_lossy,q_auto/ws-pilevneli/usr/exhibitions/images/feature_panels/52/pay-attention-to-me-_-leave-me-alone_esra-gulmen-thumbnail.jpg",media/ed858615c5c142d4e32db5a6.jpg,saved,40888
"https://static-assets.artlogic.net/w_1600,h_1600,c_limit,f_auto,fl_lossy,q_auto/ws-pilevneli/usr/images/feature_panels/images_and_objects/52/i-dont-give-a-fuck.gif",media/d7236aa66966fbfca778d5d4.gif,saved,36936
"https://static-assets.artlogic.net/w_1600,h_1600,c_limit,f_auto,fl_lossy,q_auto/ws-pilevneli/usr/exhibitions/images/feature_panels/52/mehmet-kaz-m_two-wild-ones-on-a-high-horse.jpg",media/2b2e5046c4e249056ff18c16.jpg,saved,33794
"https://static-assets.artlogic.net/w_1600,h_1600,c_limit,f_auto,fl_lossy,q_auto/ws-pilevneli/usr/exhibitions/images/feature_panels/52/ekran-al-nt-s-2.jpg",media/b8bcf07b3f4eaefa42d6fe66.jpg,saved,38868
"https://static-assets.artlogic.net/w_1600,h_1600,c_limit,f_auto,fl_lossy,q_auto/ws-pilevneli/usr/exhibitions/images/feature_panels/52/mehmetkaz-m.jpg",media/f6c9e174cbd3fa50ac55b474.jpg,saved,51760
"https://static-assets.artlogic.net/w_1600,h_1600,c_limit,f_auto,fl_lossy,q_auto/ws-pilevneli/usr/exhibitions/images/feature_panels/52/ekran-al-nt-s-.jpg",media/8a4f6b7370fb46f556e838de.jpg,saved,11718
"https://static-assets.artlogic.net/w_1600,h_1600,c_limit,f_auto,fl_lossy,q_auto/ws-pilevneli/usr/exhibitions/images/feature_panels/52/pringles-hot-and-spicy.jpg",media/87fcb1b97d517ac55f2471e4.jpg,saved,17492
"https://static-assets.artlogic.net/w_1600,h_1600,c_limit,f_auto,fl_lossy,q_auto/ws-pilevneli/usr/exhibitions/images/feature_panels/52/ae_bull_nft-1.png",media/412591d9edd66563a0cf5b21.png,saved,467848
"https://static-assets.artlogic.net/w_1600,h_1600,c_limit,f_auto,fl_lossy,q_auto/ws-pilevneli/usr/exhibitions/images/feature_panels/52/ae_unicorn_nft-2.png",media/603fadb9d4dff95d148d959d.png,saved,433628
"https://static-assets.artlogic.net/w_1600,h_1600,c_limit,f_auto,fl_lossy,q_auto/ws-pilevneli/usr/exhibitions/images/feature_panels/52/ae_wildpig_nft-3.png",media/493e78166e19e7b55b9bbab6.png,saved,509116
"https://static-assets.artlogic.net/w_1600,h_1600,c_limit,f_auto,fl_lossy,q_auto/ws-pilevneli/usr/exhibitions/images/feature_panels/52/ae_sealion_nft-4.png",media/678cb21984294819aa80e35a.png,saved,510130
"https://static-assets.artlogic.net/w_1600,h_1600,c_limit,f_auto,fl_lossy,q_auto/ws-pilevneli/usr/images/exhibitions/main_image_override/36/memory-chamber-kare.gif",media/d82c0c85c328c63e08fac610.gif,saved,175568
"https://static-assets.artlogic.net/w_1600,h_1600,c_limit,f_auto,fl_lossy,q_auto/ws-pilevneli/usr/images/exhibitions/main_image_override/35/uc-sanatci.gif",media/957b4fe3b8e114d43f6343a7.gif,saved,280360
"https://static-assets.artlogic.net/w_1600,h_1600,c_limit,f_auto,fl_lossy,q_auto/ws-pilevneli/usr/images/exhibitions/main_image_override/26/paper-kare.gif",media/b9d8595a28cf67e66cfbad9f.gif,saved,41274
"https://static-assets.artlogic.net/w_1600,h_1600,c_limit,f_auto,fl_lossy,q_auto/ws-pilevneli/usr/images/exhibitions/main_image_override/25/unpromised-lands-son.gif",media/4d5a0f0eb77092c138f38ef2.gif,saved,227556
"https://static-assets.artlogic.net/w_1600,h_1600,c_limit,f_auto,fl_lossy,q_auto/ws-pilevneli/usr/images/exhibitions/main_image_override/39/ba-l-ks-z-1.gif",media/2ec434681142f905c3810e04.gif,saved,186822
"https://static-assets.artlogic.net/w_1600,h_1600,c_limit,f_auto,fl_lossy,q_auto/ws-pilevneli/usr/images/publications/main_image/8/_10077.gif",media/dd6f97a940a661dd673a1990.gif,saved,521080
"https://static-assets.artlogic.net/w_1600,h_1600,c_limit,f_auto,fl_lossy,q_auto/ws-pilevneli/usr/images/publications/main_image/15/_10056.gif",media/87eb5e7892a39637c37ebe95.gif,saved,30680
"https://static-assets.artlogic.net/w_1600,h_1600,c_limit,f_auto,fl_lossy,q_auto/ws-pilevneli/usr/images/publications/main_image/31/_10079.gif",media/7d28addbe94249ab33803adc.gif,saved,399086
"https://static-assets.artlogic.net/w_1600,h_1600,c_limit,f_auto,fl_lossy,q_auto/ws-pilevneli/usr/images/publications/main_image/7/_10070.gif",media/f9804bc07f4bc8f6636cfd9c.gif,saved,31194
"https://static-assets.artlogic.net/w_1600,h_1600,c_limit,f_auto,fl_lossy,q_auto/ws-pilevneli/usr/images/artworks/main_image/items/2a/2ae560ae4e5340c8a589799206527696/print-iss-dreams-a.gif",media/781dc2ca295cfe7eb6785374.gif,saved,726012
"https://static-assets.artlogic.net/w_1600,h_1600,c_limit,f_auto,fl_lossy,q_auto/ws-pilevneli/usr/images/artworks/main_image/items/35/35084b2443844a169926b989309647f1/print-iss-dreams-b.gif",media/cee44440101287c23b652bda.gif,saved,819804
"https://static-assets.artlogic.net/w_1600,h_1600,c_limit,f_auto,fl_lossy,q_auto/ws-pilevneli/usr/images/artworks/main_image/items/18/182f411619e0489f8238bdb0a0fca87a/print-iss-dreams-c.gif",media/182c489e4bd51aa40a1aaa35.gif,saved,806122
"https://static-assets.artlogic.net/w_1600,h_1600,c_limit,f_auto,fl_lossy,q_auto/ws-pilevneli/usr/images/artworks/main_image/items/ef/efe98d45dfe14f9fb21c3bd796305fc1/whatsapp-image-2021-03-21-at-10.11.36.jpeg",media/751bc5509a77c076a7cbe23d.jpeg,saved,19192
"https://static-assets.artlogic.net/w_1600,h_1600,c_limit,f_auto,fl_lossy,q_auto/ws-pilevneli/usr/images/artworks/main_image/items/63/6302bc0ad36f4552905bb64c2a63bbaa/2019pilprint-30x30-01.gif",media/d6f50b46a839c769996f2950.gif,failed,"404 Client Error: Not Found for url: https://static-assets.artlogic.net/w_1600,h_1600,c_limit,f_auto,fl_lossy,q_auto/ws-pilevneli/usr/images/artworks/main_image/items/63/6302bc0ad3"
"https://static-assets.artlogic.net/w_1600,h_1600,c_limit,f_auto,fl_lossy,q_auto/ws-pilevneli/usr/images/products/main_image/1/bag-zumrutoglu.gif",media/2c6d6979fb6b826f98ad21d8.gif,saved,117492
"https://static-assets.artlogic.net/w_1600,h_1600,c_limit,f_auto,fl_lossy,q_auto/ws-pilevneli/usr/images/products/main_image/2/_10214.jpg",media/710dc3434271b217ae16eb7d.jpg,failed,"404 Client Error: Not Found for url: https://static-assets.artlogic.net/w_1600,h_1600,c_limit,f_auto,fl_lossy,q_auto/ws-pilevneli/usr/images/products/main_image/2/_10214.jpg"
"https://static-assets.artlogic.net/w_1600,h_1600,c_limit,f_auto,fl_lossy,q_auto/ws-pilevneli/usr/images/products/main_image/3/_10215.jpg",media/a5395ebcca3881175dc72f4e.jpg,failed,"404 Client Error: Not Found for url: https://static-assets.artlogic.net/w_1600,h_1600,c_limit,f_auto,fl_lossy,q_auto/ws-pilevneli/usr/images/products/main_image/3/_10215.jpg"
"https://static-assets.artlogic.net/w_1600,h_1600,c_limit,f_auto,fl_lossy,q_auto/ws-pilevneli/usr/images/products/main_image/4/_10216.jpg",media/6c5b56df2d2ff4d0fc62718a.jpg,failed,"404 Client Error: Not Found for url: https://static-assets.artlogic.net/w_1600,h_1600,c_limit,f_auto,fl_lossy,q_auto/ws-pilevneli/usr/images/products/main_image/4/_10216.jpg"
"https://static-assets.artlogic.net/w_1600,h_1600,c_limit,f_auto,fl_lossy,q_auto/ws-pilevneli/usr/images/products/main_image/5/_10218.jpg",media/a381e5891b7f66331842a6f7.jpg,saved,43390
"https://static-assets.artlogic.net/w_1600,h_1600,c_limit,f_auto,fl_lossy,q_auto/ws-pilevneli/usr/images/products/main_image/6/_10221.jpg",media/297eee2a9ff0187703c90db0.jpg,saved,259432
"https://static-assets.artlogic.net/w_1600,h_1600,c_limit,f_auto,fl_lossy,q_auto/ws-pilevneli/usr/images/products/main_image/7/_10222.jpg",media/12429734e2695acb74ef2415.jpg,saved,134702
"https://static-assets.artlogic.net/w_1600,h_1600,c_limit,f_auto,fl_lossy,q_auto/ws-pilevneli/usr/images/products/main_image/8/_10223.jpg",media/af59df0e52b52fd657a8ec0c.jpg,saved,338764
"https://static-assets.artlogic.net/w_1600,h_1600,c_limit,f_auto,fl_lossy,q_auto/ws-pilevneli/usr/images/products/main_image/9/_10225.jpg",media/5427643804c47134aa0c3f40.jpg,failed,"404 Client Error: Not Found for url: https://static-assets.artlogic.net/w_1600,h_1600,c_limit,f_auto,fl_lossy,q_auto/ws-pilevneli/usr/images/products/main_image/9/_10225.jpg"
"https://static-assets.artlogic.net/w_1600,h_1600,c_limit,f_auto,fl_lossy,q_auto/ws-pilevneli/usr/images/products/main_image/10/_10073.gif",media/af819d3b533ff00e1789c06b.gif,saved,194374
"https://static-assets.artlogic.net/w_1600,h_1600,c_limit,f_auto,fl_lossy,q_auto/ws-pilevneli/usr/images/products/main_image/11/_10074.gif",media/d61f2d623e6e20a43ca10751.gif,saved,40522
"https://static-assets.artlogic.net/w_1600,h_1600,c_limit,f_auto,fl_lossy,q_auto/ws-pilevneli/usr/images/products/main_image/12/_10075.gif",media/055fbde6a939b86c6fae1f7d.gif,saved,56464
"https://static-assets.artlogic.net/w_1600,h_1600,c_limit,f_auto,fl_lossy,q_auto/ws-pilevneli/usr/images/products/main_image/13/_10076.gif",media/68242a6dcdea52a509d2b4d3.gif,saved,123242
"https://static-assets.artlogic.net/w_1600,h_1600,c_limit,f_auto,fl_lossy,q_auto/ws-pilevneli/usr/images/products/main_image/14/_10082.gif",media/e7a7ad478ddd3e449088d471.gif,saved,53838
"https://static-assets.artlogic.net/w_1600,h_1600,c_limit,f_auto,fl_lossy,q_auto/ws-pilevneli/usr/images/publications/main_image/3/_10079.gif",media/9b36a15ac9b7dca33122c220.gif,saved,365636
"https://static-assets.artlogic.net/w_1600,h_1600,c_limit,f_auto,fl_lossy,q_auto/ws-pilevneli/usr/images/publications/main_image/13/_10026.gif",media/62bce9f5b4c4793ff0b0b5f8.gif,saved,574490
"https://static-assets.artlogic.net/w_1600,h_1600,c_limit,f_auto,fl_lossy,q_auto/ws-pilevneli/usr/images/publications/main_image/16/_10023.gif",media/cf77cc9853ed01c1419308b0.gif,saved,439798
"https://static-assets.artlogic.net/w_1600,h_1600,c_limit,f_auto,fl_lossy,q_auto/ws-pilevneli/usr/images/publications/main_image/17/_10087.gif",media/ec59299a001950abc141d2d2.gif,saved,393998
"https://static-assets.artlogic.net/w_1600,h_1600,c_limit,f_auto,fl_lossy,q_auto/ws-pilevneli/usr/images/publications/main_image/20/_10044.gif",media/12ed8a60da9a39c5792fdc86.gif,saved,642162
"https://static-assets.artlogic.net/w_1600,h_1600,c_limit,f_auto,fl_lossy,q_auto/ws-pilevneli/usr/images/publications/main_image/25/_10041.gif",media/3a14c350a0668f81887881dd.gif,saved,138970
"https://static-assets.artlogic.net/w_1600,h_1600,c_limit,f_auto,fl_lossy,q_auto/ws-pilevneli/usr/images/publications/main_image/19/_10029.gif",media/1a0830d022746f6108b22f50.gif,saved,721210
"https://static-assets.artlogic.net/w_1600,h_1600,c_limit,f_auto,fl_lossy,q_auto/ws-pilevneli/usr/images/publications/main_image/9/_10072.gif",media/faab001a2d6ab797f7d3e5e8.gif,saved,432908
"https://static-assets.artlogic.net/w_1600,h_1600,c_limit,f_auto,fl_lossy,q_auto/ws-pilevneli/usr/images/publications/main_image/28/_10051.gif",media/fd02dd4ccb5806cfed0825c0.gif,saved,158020
"https://static-assets.artlogic.net/w_1600,h_1600,c_limit,f_auto,fl_lossy,q_auto/ws-pilevneli/usr/images/publications/main_image/26/_10052.gif",media/38b4bd2d7c38b73e0e3973a2.gif,saved,30588
"https://static-assets.artlogic.net/w_1600,h_1600,c_limit,f_auto,fl_lossy,q_auto/ws-pilevneli/usr/images/publications/main_image/10/_10039.gif",media/588feacb4df56ceba37493e9.gif,saved,155272
"https://static-assets.artlogic.net/w_1600,h_1600,c_limit,f_auto,fl_lossy,q_auto/ws-pilevneli/usr/images/publications/main_image/11/_10040.gif",media/b9bb163f9e181017f499b952.gif,saved,250018
"https://static-assets.artlogic.net/w_1600,h_1600,c_limit,f_auto,fl_lossy,q_auto/ws-pilevneli/usr/images/publications/main_image/21/_10030.gif",media/e46dcb114a1391a158d92cb1.gif,saved,474340
"https://static-assets.artlogic.net/w_1600,h_1600,c_limit,f_auto,fl_lossy,q_auto/ws-pilevneli/usr/images/publications/main_image/27/_10043.gif",media/4eba0530b77b4e498b9ffee2.gif,saved,204656
"https://static-assets.artlogic.net/w_1600,h_1600,c_limit,f_auto,fl_lossy,q_auto/ws-pilevneli/usr/images/publications/main_image/12/_10013.gif",media/5cf5ac9ce727da3f2d95307b.gif,saved,737130
"https://static-assets.artlogic.net/w_1600,h_1600,c_limit,f_auto,fl_lossy,q_auto/ws-pilevneli/usr/images/artworks/main_image/items/a5/a534a481c96a4d31a3d4644f46bd3853/allegore_of_time-fall-.gif",media/af972773f3e74e9e985e9383.gif,saved,142790
"https://static-assets.artlogic.net/w_1600,h_1600,c_limit,f_auto,fl_lossy,q_auto/ws-pilevneli/usr/images/artworks/main_image/items/a7/a789e654a7ea4a3190c2a750c1e428d0/allegory_of_time-summer-.gif",media/abe960fa7a92acc2e0067351.gif,saved,140198
"https://static-assets.artlogic.net/w_1600,h_1600,c_limit,f_auto,fl_lossy,q_auto/ws-pilevneli/usr/images/artworks/main_image/items/63/6370178efd304357879301f6392f2018/so_meta2.gif",media/74a58bcd4be4e4164d413529.gif,saved,354788
"https://static-assets.artlogic.net/w_1600,h_1600,c_limit,f_auto,fl_lossy,q_auto/ws-pilevneli/usr/images/artworks/main_image/items/20/2063a385ab474357aeef9eb694628882/the_world_is_a_paradise.gif",media/dec776b9fb240eb44d388e32.gif,saved,245436
"https://static-assets.artlogic.net/w_1600,h_1600,c_limit,f_auto,fl_lossy,q_auto/ws-pilevneli/usr/images/artworks/main_image/items/9a/9acfbb8699254efc9cfdbc2ac3b542ee/c-est_la_vie.gif",media/c0e325c930c3a2cd70dc365c.gif,saved,408364
"https://static-assets.artlogic.net/w_1600,h_1600,c_limit,f_auto,fl_lossy,q_auto/ws-pilevneli/usr/images/artworks/main_image/items/9f/9fa78a25dc7f4d63b407cb8902f9b920/even_cowboys_get_the_blues.gif",media/9e3e6c70938f9a0fb08243ae.gif,saved,68110
"https://static-assets.artlogic.net/w_1600,h_1600,c_limit,f_auto,fl_lossy,q_auto/ws-pilevneli/usr/images/artworks/main_image/items/58/5815834ef55c435e892fab0d25141a75/hi-delete_my_account.gif",media/c100c86fcff1924f87fd4634.gif,failed,"404 Client Error: Not Found for url: https://static-assets.artlogic.net/w_1600,h_1600,c_limit,f_auto,fl_lossy,q_auto/ws-pilevneli/usr/images/artworks/main_image/items/58/5815834ef5"
"https://static-assets.artlogic.net/w_1600,h_1600,c_limit,f_auto,fl_lossy,q_auto/ws-pilevneli/usr/images/artworks/main_image/items/53/5310fb118b1c4702b4574b2b60543afb/imagery1.gif",media/a9cdf84013e72331ba62532d.gif,failed,"404 Client Error: Not Found for url: https://static-assets.artlogic.net/w_1600,h_1600,c_limit,f_auto,fl_lossy,q_auto/ws-pilevneli/usr/images/artworks/main_image/items/53/5310fb118b"
"https://static-assets.artlogic.net/w_1600,h_1600,c_limit,f_auto,fl_lossy,q_auto/ws-pilevneli/usr/images/artworks/main_image/items/e5/e551657fa0614912a8809fe9a8e4a544/imagery4.gif",media/6bd46a7710db9d66330743bd.gif,failed,"404 Client Error: Not Found for url: https://static-assets.artlogic.net/w_1600,h_1600,c_limit,f_auto,fl_lossy,q_auto/ws-pilevneli/usr/images/artworks/main_image/items/e5/e551657fa0"
"https://static-assets.artlogic.net/w_1600,h_1600,c_limit,f_auto,fl_lossy,q_auto/ws-pilevneli/usr/images/artworks/main_image/items/42/4231dbabbc4a4f38af595ce84a85f1fd/love_town.gif",media/c5eaf214b5ba9f1827ca7126.gif,failed,"404 Client Error: Not Found for url: https://static-assets.artlogic.net/w_1600,h_1600,c_limit,f_auto,fl_lossy,q_auto/ws-pilevneli/usr/images/artworks/main_image/items/42/4231dbabbc"
"https://static-assets.artlogic.net/w_1600,h_1600,c_limit,f_auto,fl_lossy,q_auto/ws-pilevneli/usr/images/artworks/main_image/items/78/78f1b47b3e694e18ba8b95cdaa14a54f/pottery.gif",media/03a5f4640be15d1525b7bcb3.gif,saved,119924
"https://static-assets.artlogic.net/w_1600,h_1600,c_limit,f_auto,fl_lossy,q_auto/ws-pilevneli/usr/images/artworks/main_image/items/11/11cdb87ca51140b8a3e0486a16638040/super_stupid2.gif",media/615943d3e1a603bdd6d5d7c0.gif,saved,308178
"https://static-assets.artlogic.net/w_1600,h_1600,c_limit,f_auto,fl_lossy,q_auto/ws-pilevneli/usr/images/artworks/main_image/items/77/77520fa8b66145bf9d581fe2a9b7ff08/super_stupid3.gif",media/b6705b6558402948d4567c9f.gif,failed,"404 Client Error: Not Found for url: https://static-assets.artlogic.net/w_1600,h_1600,c_limit,f_auto,fl_lossy,q_auto/ws-pilevneli/usr/images/artworks/main_image/items/77/77520fa8b6"
"https://static-assets.artlogic.net/w_1600,h_1600,c_limit,f_auto,fl_lossy,q_auto/ws-pilevneli/usr/images/artworks/main_image/items/19/19aff862948b4070838526ca08e33abd/imagery3.gif",media/b501723d09bf53aefc43fda1.gif,saved,295708
"https://static-assets.artlogic.net/w_1600,h_1600,c_limit,f_auto,fl_lossy,q_auto/ws-pilevneli/usr/images/artists/group_images_override/items/a2/a22123bc0e344934a7f691c5f56ee032/photo-2026-03-26-22-55-26.jpg",media/580f1503fcc5340e24fcf028.jpg,saved,94510
"https://static-assets.artlogic.net/w_1600,h_1600,c_limit,f_auto,fl_lossy,q_auto/artlogicstorage/pilevneligallery/images/view/aca5bc0bc6630576aed61a417693590dj/p-levnel-johan-creten-g-zlem-noktasi-n-139-2019.jpg",media/b8c59d341fcac2e21ca5a45f.jpg,saved,41618
"https://static-assets.artlogic.net/w_1600,h_1600,c_limit,f_auto,fl_lossy,q_auto/ws-pilevneli/usr/images/exhibitions/main_image_override/106/111111111111111.jpg",media/7a59511c0fedbe5b62f67c34.jpg,saved,31236
"https://static-assets.artlogic.net/w_1600,h_1600,c_limit,f_auto,fl_lossy,q_auto/ws-pilevneli/usr/images/exhibitions/main_image_override/28/ba-l-ks-z-2.gif",media/34e11fff9490154115a791e5.gif,saved,49212
"https://static-assets.artlogic.net/w_1600,h_1600,c_limit,f_auto,fl_lossy,q_auto/ws-pilevneli/usr/images/artists/group_images_override/items/87/879f829bc591404784cf93bd811d3f2c/screen-shot-2023-01-19-at-3.20.30-pm.png",media/7ef7aad603548aad139a83d1.png,saved,137448
"https://static-assets.artlogic.net/w_1600,h_1600,c_limit,f_auto,fl_lossy,q_auto/ws-pilevneli/usr/images/news/main_image/20/273403530_354507156258711_446011048466588555_n.jpg",media/27df15196bb0ba22ef9aecd5.jpg,saved,61270
"https://static-assets.artlogic.net/w_1600,h_1600,c_limit,f_auto,fl_lossy,q_auto/artlogicstorage/pilevneligallery/images/view/0cfece96570c5569e2fea0b9f1797b41g/pilevneli-bora-akincit-rk-k-pekler-2019.gif",media/773a25fce922da916323cb52.gif,saved,150746
"https://static-assets.artlogic.net/w_1600,h_1600,c_limit,f_auto,fl_lossy,q_auto/artlogicstorage/pilevneligallery/images/view/14d6047c2dde6c834ed4496d4ccf09f4j/pilevneli-bora-akincit-rk-i-am-so-happy-because-epilogue-2019.jpg",media/fd6d9e7ea3bd46d94a7bf907.jpg,saved,11556
"https://static-assets.artlogic.net/w_1600,h_1600,c_limit,f_auto,fl_lossy,q_auto/artlogicstorage/pilevneligallery/images/view/d74091cf469029ddba5d29c0e81023eag/pilevneli-bora-akincit-rk-sadece-r-yalarimda-2019.gif",media/702fa799cf7dcf99c4b366d8.gif,saved,202018
"https://static-assets.artlogic.net/w_1600,h_1600,c_limit,f_auto,fl_lossy,q_auto/artlogicstorage/pilevneligallery/images/view/0e6befeac8a9c7dae95481acb5a23f33g/pilevneli-bora-akincit-rk-kan-n-tad-2019.gif",media/1322b551411c20d05105b08e.gif,saved,267846
"https://static-assets.artlogic.net/w_1600,h_1600,c_limit,f_auto,fl_lossy,q_auto/artlogicstorage/pilevneligallery/images/view/439b822a8251970ed9c3cf2a2ec4923dg/pilevneli-bora-akincit-rk-son-2019.gif",media/521d3ff847576e4b82100b98.gif,saved,189442
"https://static-assets.artlogic.net/w_1600,h_1600,c_limit,f_auto,fl_lossy,q_auto/artlogicstorage/pilevneligallery/images/view/1b48850fa7c838a8b1203faaaaa81411g/pilevneli-bora-akincit-rk-air-2019.gif",media/139e98a313b9597af77cca2e.gif,saved,112648
"https://static-assets.artlogic.net/w_1600,h_1600,c_limit,f_auto,fl_lossy,q_auto/artlogicstorage/pilevneligallery/images/view/e46afa5a747571b91f5893b7566a9fb7g/pilevneli-tobias-rehberger-yourself-is-sometimes-a-place-to-call-your-own-2018.gif",media/5fe8447b4329ab2a096a9ba5.gif,saved,793397
"https://static-assets.artlogic.net/w_1600,h_1600,c_limit,f_auto,fl_lossy,q_auto/ws-pilevneli/usr/images/artists/group_images_override/items/62/6249f6d23bcc40a28bbe0ab170ba94c3/daniel-firman.gif",media/943343e2ef0c2cd4e57d2ce2.gif,saved,14596
"https://static-assets.artlogic.net/w_1600,h_1600,c_limit,f_auto,fl_lossy,q_auto/artlogicstorage/pilevneligallery/images/view/3b930553235a6c56e3b867fdd638a244g/pilevneli-daniel-firman-yanli-2018.gif",media/494c46c88c4ce395efa32ea2.gif,saved,212412
"https://static-assets.artlogic.net/w_1600,h_1600,c_limit,f_auto,fl_lossy,q_auto/artlogicstorage/pilevneligallery/images/view/35172ed8e309398df3d208ec79bfff9eg/pilevneli-daniel-firman-teresa-fernando-port-n.1-2015.gif",media/57552983ce937c01991a57c2.gif,saved,28004
"https://static-assets.artlogic.net/w_1600,h_1600,c_limit,f_auto,fl_lossy,q_auto/artlogicstorage/pilevneligallery/images/view/6d90b70e4e7abaf76bf9c6131ab68520g/pilevneli-daniel-firman-free-fall-2007.gif",media/fe009a5799d8be5db58a8e02.gif,saved,41226
"https://static-assets.artlogic.net/w_1600,h_1600,c_limit,f_auto,fl_lossy,q_auto/artlogicstorage/pilevneligallery/images/view/c88e133fb052bda4d27a99f96731702bg/pilevneli-daniel-firman-w-rsa-18-000-km-from-earth-2006-2008.gif",media/2569657bb1422a1ddb6307ea.gif,saved,418370
"https://static-assets.artlogic.net/w_1600,h_1600,c_limit,f_auto,fl_lossy,q_auto/ws-pilevneli/usr/images/artists/group_images_override/items/67/676165825d6a42b48919f62317fea98d/esra-g-lmen.gif",media/6120f9c2be98bf83a3d5af72.gif,saved,61278
"https://static-assets.artlogic.net/w_1600,h_1600,c_limit,f_auto,fl_lossy,q_auto/artlogicstorage/pilevneligallery/images/view/448325de4170704800f74f9394966407p/p-levnel-lal-batman-i-know-these-faces-but-not-from-where-2026.png",media/263fd341a5b3270ffa512caa.png,saved,191798
"https://static-assets.artlogic.net/w_1600,h_1600,c_limit,f_auto,fl_lossy,q_auto/artlogicstorage/pilevneligallery/images/view/6328ea02c838a0134a0119cb6bd1b118p/p-levnel-lal-batman-portrait-of-cast-in-concrete-2026.png",media/368c0743b9ed43330ee08fa3.png,saved,225256
"https://static-assets.artlogic.net/w_1600,h_1600,c_limit,f_auto,fl_lossy,q_auto/artlogicstorage/pilevneligallery/images/view/d79be4e0c86547605c4b0c548028d958p/p-levnel-lal-batman-swallowed-by-chaos-i-crave-the-fall-2026.png",media/8c9f245e8ce6b6bb898a03c5.png,saved,321030
"https://static-assets.artlogic.net/w_1600,h_1600,c_limit,f_auto,fl_lossy,q_auto/ws-pilevneli/usr/images/events/main_image_override/32/artshow-logo-2.png",media/ce0254c47b554acb105e8546.png,saved,21868
"https://static-assets.artlogic.net/w_1600,h_1600,c_limit,f_auto,fl_lossy,q_auto/ws-pilevneli/usr/images/exhibitions/group_images_override/19/dsd_9386-header.gif",media/290fce2ea5e57004a7305b9a.gif,saved,147232
"https://static-assets.artlogic.net/w_1600,h_1600,c_limit,f_auto,fl_lossy,q_auto/ws-pilevneli/usr/images/artists/artwork_image_for_artists_page/items/ea/ead9988663884fa0ba02713dbe6d8352/9519_1.gif",media/cea3f04c6630b6dce4f3759f.gif,saved,199270
"https://static-assets.artlogic.net/w_1600,h_1600,c_limit,f_auto,fl_lossy,q_auto/ws-pilevneli/usr/images/artists/artwork_image_for_artists_page/items/e5/e5c7d4c60b404d9ebbb21f0fc403ecfd/screen-shot-2023-03-16-at-5.09.32-pm-cropped.jpg",media/fdba00316c71232f6d66bf7e.jpg,saved,32136
"https://static-assets.artlogic.net/w_1600,h_1600,c_limit,f_auto,fl_lossy,q_auto/ws-pilevneli/usr/images/artists/artwork_image_for_artists_page/items/9a/9af55864258d4af1b220f95f7b411679/al063-image.jpg",media/e2dace486b4d1793370e970c.jpg,saved,5698
"https://static-assets.artlogic.net/w_1600,h_1600,c_limit,f_auto,fl_lossy,q_auto/ws-pilevneli/usr/images/exhibitions/images_and_objects/59/p_10336.gif",media/b042d5e9c0a7dd37ac808c9c.gif,saved,178878
"https://static-assets.artlogic.net/w_1600,h_1600,c_limit,f_auto,fl_lossy,q_auto/ws-pilevneli/usr/images/exhibitions/images_and_objects/59/p_10406.jpg",media/8fff03f2ef305ca788ad496e.jpg,saved,44486
"https://static-assets.artlogic.net/w_1600,h_1600,c_limit,f_auto,fl_lossy,q_auto/ws-pilevneli/usr/exhibitions/images/exhibitions/59/eg_1.jpg",media/29fa96aa41d37f4ce9b70564.jpg,saved,70432
"https://static-assets.artlogic.net/w_1600,h_1600,c_limit,f_auto,fl_lossy,q_auto/ws-pilevneli/usr/images/exhibitions/images_and_objects/59/p_10393.jpg",media/12e1306d985c3f50c2aeacef.jpg,saved,64118
"https://static-assets.artlogic.net/w_1600,h_1600,c_limit,f_auto,fl_lossy,q_auto/ws-pilevneli/usr/exhibitions/images/exhibitions/59/dont-play-with-my-emotions.jpg",media/74dd8fd91b20bad4c23fc3ce.jpg,saved,421586
"https://static-assets.artlogic.net/w_1600,h_1600,c_limit,f_auto,fl_lossy,q_auto/ws-pilevneli/usr/exhibitions/images/exhibitions/59/ekran-resmi-2022-04-21-11.01.01.png",media/607249505c72737afdc3b439.png,saved,12532
"https://static-assets.artlogic.net/w_1600,h_1600,c_limit,f_auto,fl_lossy,q_auto/ws-pilevneli/usr/exhibitions/images/exhibitions/59/eg_10090.jpg",media/526dfd22d47a003a51a209ad.jpg,saved,65562
"https://static-assets.artlogic.net/w_1600,h_1600,c_limit,f_auto,fl_lossy,q_auto/ws-pilevneli/usr/images/exhibitions/images_and_objects/59/p_10413.gif",media/7656cacfc3f3e14bf2e5e2b9.gif,saved,81010
"https://static-assets.artlogic.net/w_1600,h_1600,c_limit,f_auto,fl_lossy,q_auto/ws-pilevneli/usr/exhibitions/images/exhibitions/59/eg_10082.jpg",media/73c189bbf8283beaa4dbb99a.jpg,saved,173336
"https://static-assets.artlogic.net/w_1600,h_1600,c_limit,f_auto,fl_lossy,q_auto/ws-pilevneli/usr/exhibitions/images/exhibitions/59/eg_10092.jpg",media/09d9ec2c1d177128351552b5.jpg,saved,47494
"https://static-assets.artlogic.net/w_1600,h_1600,c_limit,f_auto,fl_lossy,q_auto/ws-pilevneli/usr/exhibitions/images/exhibitions/59/ekran-resmi-2022-04-21-11.04.19.png",media/21dba5d0925f29c5b499b0ef.png,saved,23348
"https://static-assets.artlogic.net/w_1600,h_1600,c_limit,f_auto,fl_lossy,q_auto/ws-pilevneli/usr/exhibitions/images/exhibitions/59/ekran-resmi-2022-04-21-11.04.35.png",media/fd348f481739e4ea996f1b0c.png,saved,26972
"https://static-assets.artlogic.net/w_1600,h_1600,c_limit,f_auto,fl_lossy,q_auto/ws-pilevneli/usr/exhibitions/images/exhibitions/59/eg_10100.jpg",media/ff05259adb9ea366c2b7a97f.jpg,saved,60946
"https://static-assets.artlogic.net/w_1600,h_1600,c_limit,f_auto,fl_lossy,q_auto/ws-pilevneli/usr/exhibitions/images/exhibitions/59/eg_10020.jpg",media/1ada75ab74cb02450fa604d5.jpg,saved,42964
"https://static-assets.artlogic.net/w_1600,h_1600,c_limit,f_auto,fl_lossy,q_auto/ws-pilevneli/usr/exhibitions/images/exhibitions/59/eg_10121.jpg",media/25d7aca513d9a053234ca1d4.jpg,saved,117232
"https://static-assets.artlogic.net/w_1600,h_1600,c_limit,f_auto,fl_lossy,q_auto/ws-pilevneli/usr/exhibitions/images/exhibitions/59/eg_10078.jpg",media/8546fc63c14aa755f14666be.jpg,saved,61912
"https://static-assets.artlogic.net/w_1600,h_1600,c_limit,f_auto,fl_lossy,q_auto/ws-pilevneli/usr/exhibitions/images/exhibitions/59/eg_10094.jpg",media/af8c0ded30688b670f329d3a.jpg,saved,57042
"https://static-assets.artlogic.net/w_1600,h_1600,c_limit,f_auto,fl_lossy,q_auto/ws-pilevneli/usr/exhibitions/images/exhibitions/59/eg_12.jpg",media/9506d491ba3d27a19d95d36a.jpg,saved,40140
"https://static-assets.artlogic.net/w_1600,h_1600,c_limit,f_auto,fl_lossy,q_auto/ws-pilevneli/usr/exhibitions/images/exhibitions/59/ekran-resmi-2022-04-21-11.39.36.png",media/a77e44bffa3d5503bc6df5bf.png,saved,67878
"https://static-assets.artlogic.net/w_1600,h_1600,c_limit,f_auto,fl_lossy,q_auto/ws-pilevneli/usr/exhibitions/images/exhibitions/59/eg_10089.jpg",media/42b6a7800e907f6d342a8b9c.jpg,saved,24188
"https://static-assets.artlogic.net/w_1600,h_1600,c_limit,f_auto,fl_lossy,q_auto/ws-pilevneli/usr/exhibitions/images/exhibitions/59/eg_10093.jpg",media/880e1f159fee0b8e145ef615.jpg,saved,50894
"https://static-assets.artlogic.net/w_1600,h_1600,c_limit,f_auto,fl_lossy,q_auto/ws-pilevneli/usr/exhibitions/images/exhibitions/59/ekran-resmi-2022-04-21-11.46.14.png",media/3aefdf470ccd2f956b5ce988.png,saved,6474
"https://static-assets.artlogic.net/w_1600,h_1600,c_limit,f_auto,fl_lossy,q_auto/ws-pilevneli/usr/exhibitions/images/exhibitions/59/eg_10026.jpg",media/ceb40fe7cd8ff5e269bbdf71.jpg,saved,144380
"https://static-assets.artlogic.net/w_1600,h_1600,c_limit,f_auto,fl_lossy,q_auto/ws-pilevneli/usr/exhibitions/images/exhibitions/59/eg_10088.jpg",media/7d17ae3e67b982cba9f187c4.jpg,saved,60852
"https://static-assets.artlogic.net/w_1600,h_1600,c_limit,f_auto,fl_lossy,q_auto/ws-pilevneli/usr/exhibitions/images/exhibitions/59/eg_10095.jpg",media/8f1f7771a2e52cb3ec703f0d.jpg,saved,83204
"https://static-assets.artlogic.net/w_1600,h_1600,c_limit,f_auto,fl_lossy,q_auto/ws-pilevneli/usr/exhibitions/images/exhibitions/59/ekran-resmi-2022-04-21-13.12.29.png",media/8fdf49b7389a8ff25b78ab82.png,saved,18128
"https://static-assets.artlogic.net/w_1600,h_1600,c_limit,f_auto,fl_lossy,q_auto/ws-pilevneli/usr/images/exhibitions/images_and_objects/59/p_10242.gif",media/989148d9ee95efe6b8d130db.gif,saved,119578
"https://static-assets.artlogic.net/w_1600,h_1600,c_limit,f_auto,fl_lossy,q_auto/ws-pilevneli/usr/exhibitions/images/exhibitions/59/eg_10097.jpg",media/840d8b161627d3789ce5551d.jpg,saved,77950
"https://static-assets.artlogic.net/w_1600,h_1600,c_limit,f_auto,fl_lossy,q_auto/ws-pilevneli/usr/exhibitions/images/exhibitions/59/eg_10018.jpg",media/e61a876a04110ecb66444db6.jpg,saved,149874
"https://static-assets.artlogic.net/w_1600,h_1600,c_limit,f_auto,fl_lossy,q_auto/ws-pilevneli/usr/exhibitions/images/exhibitions/59/eg_10196.jpg",media/0aa506df44514efd0b1578d6.jpg,saved,137568
"https://static-assets.artlogic.net/w_1600,h_1600,c_limit,f_auto,fl_lossy,q_auto/ws-pilevneli/usr/exhibitions/images/exhibitions/59/eg_10105.jpg",media/bc67a765cec714a96599ee00.jpg,saved,62224
"https://static-assets.artlogic.net/w_1600,h_1600,c_limit,f_auto,fl_lossy,q_auto/ws-pilevneli/usr/exhibitions/images/exhibitions/59/eg_10106.jpg",media/b88dac2f3663cc15e124966e.jpg,saved,63988
"https://static-assets.artlogic.net/w_1600,h_1600,c_limit,f_auto,fl_lossy,q_auto/ws-pilevneli/usr/exhibitions/images/exhibitions/59/eg_10104.jpg",media/ffca68735aea3e269aa35b36.jpg,saved,48966
"https://static-assets.artlogic.net/w_1600,h_1600,c_limit,f_auto,fl_lossy,q_auto/ws-pilevneli/usr/exhibitions/images/exhibitions/59/eg_10103.jpg",media/108029e3e26acc1cc39b93b4.jpg,saved,52346
"https://static-assets.artlogic.net/w_1600,h_1600,c_limit,f_auto,fl_lossy,q_auto/ws-pilevneli/usr/exhibitions/images/exhibitions/59/eg_10101.jpg",media/6d56f06a3c4c2a485969c066.jpg,saved,58106
"https://static-assets.artlogic.net/w_1600,h_1600,c_limit,f_auto,fl_lossy,q_auto/ws-pilevneli/usr/exhibitions/images/exhibitions/59/ekran-resmi-2022-04-21-13.47.57.png",media/9baa0286defbb22d672e16d5.png,saved,18306
"https://static-assets.artlogic.net/w_1600,h_1600,c_limit,f_auto,fl_lossy,q_auto/ws-pilevneli/usr/exhibitions/images/exhibitions/59/ekran-resmi-2022-04-21-13.48.41.png",media/6e4855579ded38cba7c53c45.png,saved,22450
"https://static-assets.artlogic.net/w_1600,h_1600,c_limit,f_auto,fl_lossy,q_auto/ws-pilevneli/usr/images/exhibitions/images_and_objects/59/p_10241.gif",media/7ec7d6fd7fc53105c6c5af38.gif,saved,57012
"https://static-assets.artlogic.net/w_1600,h_1600,c_limit,f_auto,fl_lossy,q_auto/ws-pilevneli/usr/exhibitions/images/exhibitions/59/ekran-resmi-2022-04-21-13.49.11.png",media/95e0e9100875eba8d7d9c7e2.png,saved,18880
"https://static-assets.artlogic.net/w_1600,h_1600,c_limit,f_auto,fl_lossy,q_auto/ws-pilevneli/usr/exhibitions/images/exhibitions/59/ekran-resmi-2022-04-21-13.49.27.png",media/f3eb7ee3efbb295646dca74c.png,saved,14152
"https://static-assets.artlogic.net/w_1600,h_1600,c_limit,f_auto,fl_lossy,q_auto/ws-pilevneli/usr/exhibitions/images/exhibitions/59/ekran-resmi-2022-04-21-13.49.35.png",media/cee01535423306dfe29f667c.png,saved,18116
"https://static-assets.artlogic.net/w_1600,h_1600,c_limit,f_auto,fl_lossy,q_auto/ws-pilevneli/usr/exhibitions/images/exhibitions/59/eg_10016.jpg",media/d147d75d99fb8284f98306ac.jpg,saved,97862
"https://static-assets.artlogic.net/w_1600,h_1600,c_limit,f_auto,fl_lossy,q_auto/ws-pilevneli/usr/exhibitions/images/exhibitions/59/eg_10083.jpg",media/5399e0935d3778bfc477f6bc.jpg,saved,79970
"https://static-assets.artlogic.net/w_1600,h_1600,c_limit,f_auto,fl_lossy,q_auto/ws-pilevneli/usr/exhibitions/images/exhibitions/59/eg_10013.jpg",media/dffa89a5e7b3c05ba3a93ac8.jpg,saved,71418
"https://static-assets.artlogic.net/w_1600,h_1600,c_limit,f_auto,fl_lossy,q_auto/ws-pilevneli/usr/images/artists/artwork_image_for_artists_page/items/e8/e8c5a7b2489f4e20bdcdddacda02ee45/1179474c33823181216f9e1b79b9cfb0.jpg",media/7bf0817287c14fb782b1dc25.jpg,saved,81104
"https://static-assets.artlogic.net/w_1600,h_1600,c_limit,f_auto,fl_lossy,q_auto/ws-pilevneli/usr/images/artists/artwork_image_for_artists_page/items/54/5492e6d47520406e82a4ec76c3aec662/mk.gif",media/6686cfb356507667480267f6.gif,saved,162880
"https://static-assets.artlogic.net/w_1600,h_1600,c_limit,f_auto,fl_lossy,q_auto/ws-pilevneli/usr/images/artists/artwork_image_for_artists_page/items/c5/c55ea213b9fc411898cb1d52061287e7/michael_sailstorfer.gif",media/f198f7c56b282c2356695625.gif,saved,135052
"https://static-assets.artlogic.net/w_1600,h_1600,c_limit,f_auto,fl_lossy,q_auto/ws-pilevneli/usr/images/exhibitions/group_images_override/74/charkoal-29x42cm-3-1-.jpg",media/9bd227cb776bd9aece78bf8d.jpg,failed,"404 Client Error: Not Found for url: https://static-assets.artlogic.net/w_1600,h_1600,c_limit,f_auto,fl_lossy,q_auto/ws-pilevneli/usr/images/exhibitions/group_images_override/74/ch"
"https://static-assets.artlogic.net/w_1600,h_1600,c_limit,f_auto,fl_lossy,q_auto/ws-pilevneli/usr/images/artists/artwork_image_for_artists_page/items/c3/c3fda45a837a4e09a9808d0faf77e2bc/screen-shot-2023-03-16-at-5.53.33-pm-cropped.jpg",media/db10f181e664c02e2103f70e.jpg,saved,57182
"https://static-assets.artlogic.net/w_1600,h_1600,c_limit,f_auto,fl_lossy,q_auto/ws-pilevneli/usr/images/exhibitions/group_images_override/78/yt023-image.jpg",media/1ece8a3e08f57e2c0f36beb6.jpg,saved,175372
"https://static-assets.artlogic.net/w_1600,h_1600,c_limit,f_auto,fl_lossy,q_auto/ws-pilevneli/usr/exhibitions/images/exhibitions/85/lottermann-fuentes_albrecht-fuchs.jpg",media/16c5d95c5f58af0e9401e0a0.jpg,saved,65198
"https://static-assets.artlogic.net/w_1600,h_1600,c_limit,f_auto,fl_lossy,q_auto/ws-pilevneli/usr/exhibitions/images/exhibitions/85/lottermann-fuentes_ali-emir-tapan.jpg",media/cfea0198c28ecfed0f1cc034.jpg,saved,76412
"https://static-assets.artlogic.net/w_1600,h_1600,c_limit,f_auto,fl_lossy,q_auto/ws-pilevneli/usr/exhibitions/images/exhibitions/85/a42b56aeef2b183abab42b306a675054j.jpeg",media/07d172078fb5c6a11e0a25fa.jpeg,saved,69380
"https://static-assets.artlogic.net/w_1600,h_1600,c_limit,f_auto,fl_lossy,q_auto/ws-pilevneli/usr/exhibitions/images/exhibitions/85/lottermann-fuentes_andreas-wellnitz.jpg",media/933a1d18800a4ec4694c9754.jpg,saved,9032
"https://static-assets.artlogic.net/w_1600,h_1600,c_limit,f_auto,fl_lossy,q_auto/ws-pilevneli/usr/exhibitions/images/exhibitions/85/18268b3f8b98c3dc97ad7e2d0b1ebcf8j.jpeg",media/ba65a22edcf560ee00b98bce.jpeg,saved,94432
"https://static-assets.artlogic.net/w_1600,h_1600,c_limit,f_auto,fl_lossy,q_auto/ws-pilevneli/usr/exhibitions/images/exhibitions/85/eba78aa680fa4ad132b774780b9725b9j.jpeg",media/eb21cf8340fa5d96d658ba0c.jpeg,saved,97406
"https://static-assets.artlogic.net/w_1600,h_1600,c_limit,f_auto,fl_lossy,q_auto/ws-pilevneli/usr/exhibitions/images/exhibitions/85/lottermann-fuentes_bulatagramm-2.jpg",media/dab9a0e790d650ce0278cf67.jpg,saved,116038
"https://static-assets.artlogic.net/w_1600,h_1600,c_limit,f_auto,fl_lossy,q_auto/ws-pilevneli/usr/exhibitions/images/exhibitions/85/lottermann-fuentes_bulatagramm-1.jpg",media/19ee605ccec7820926a639c3.jpg,saved,142268
"https://static-assets.artlogic.net/w_1600,h_1600,c_limit,f_auto,fl_lossy,q_auto/ws-pilevneli/usr/exhibitions/images/exhibitions/85/lottermann-fuentes_camille-vivier.jpg",media/a91ab131488760707426cbcc.jpg,saved,43106
"https://static-assets.artlogic.net/w_1600,h_1600,c_limit,f_auto,fl_lossy,q_auto/ws-pilevneli/usr/exhibitions/images/exhibitions/85/lottermann-fuentes_claire-cottrell.jpg",media/a3a2853bdd261c8ffd359554.jpg,saved,205946
"https://static-assets.artlogic.net/w_1600,h_1600,c_limit,f_auto,fl_lossy,q_auto/ws-pilevneli/usr/exhibitions/images/exhibitions/85/lottermann-fuentes_daniel-josefsohn.jpg",media/631c8a6504a8c71db919ad47.jpg,saved,154456
"https://static-assets.artlogic.net/w_1600,h_1600,c_limit,f_auto,fl_lossy,q_auto/ws-pilevneli/usr/exhibitions/images/exhibitions/85/lottermann-fuentes_elfie-semotan.jpg",media/437f391dbe16aad437c342e0.jpg,saved,104220
"https://static-assets.artlogic.net/w_1600,h_1600,c_limit,f_auto,fl_lossy,q_auto/ws-pilevneli/usr/exhibitions/images/exhibitions/85/lottermann-fuentes_frank-griebe.jpg",media/0a1a11a538f444cb4e85e87c.jpg,saved,139742
"https://static-assets.artlogic.net/w_1600,h_1600,c_limit,f_auto,fl_lossy,q_auto/ws-pilevneli/usr/exhibitions/images/exhibitions/85/lottermann-fuentes_frank-seidlitz.jpg",media/646f27125c59c920c9846b88.jpg,saved,62712
"https://static-assets.artlogic.net/w_1600,h_1600,c_limit,f_auto,fl_lossy,q_auto/ws-pilevneli/usr/exhibitions/images/exhibitions/85/lottermann-fuentes_frederike-helwig.jpg",media/b0c1af7a3591d53dc6b4602c.jpg,saved,98220
"https://static-assets.artlogic.net/w_1600,h_1600,c_limit,f_auto,fl_lossy,q_auto/ws-pilevneli/usr/exhibitions/images/exhibitions/85/lottermann-fuentes_juergen-teller.jpg",media/11081cc44afcc94faf71bfe7.jpg,saved,159806
"https://static-assets.artlogic.net/w_1600,h_1600,c_limit,f_auto,fl_lossy,q_auto/ws-pilevneli/usr/exhibitions/images/exhibitions/85/lottermann-fuentes_kristin-loschert.jpg",media/ca3bb7bb8748e6cb8c345496.jpg,saved,84960
"https://static-assets.artlogic.net/w_1600,h_1600,c_limit,f_auto,fl_lossy,q_auto/ws-pilevneli/usr/exhibitions/images/exhibitions/85/lottermann-fuentes_markus-jans.jpg",media/c4c9e8ede796d8e814a94d0c.jpg,saved,82936
"https://static-assets.artlogic.net/w_1600,h_1600,c_limit,f_auto,fl_lossy,q_auto/ws-pilevneli/usr/exhibitions/images/exhibitions/85/lottermann-fuentes_maxime-ballesteros.jpg",media/530676f379a6ebe3c5855f67.jpg,saved,125100
"https://static-assets.artlogic.net/w_1600,h_1600,c_limit,f_auto,fl_lossy,q_auto/ws-pilevneli/usr/exhibitions/images/exhibitions/85/lottermann-fuentes_nadine-fraczkowski.jpg",media/0309b72337d9c881d2a56625.jpg,saved,83548
"https://static-assets.artlogic.net/w_1600,h_1600,c_limit,f_auto,fl_lossy,q_auto/ws-pilevneli/usr/exhibitions/images/exhibitions/85/124592e655317292ccd39ef4f0501cccj.jpeg",media/46dfcdf4292e0ce648c85969.jpeg,saved,108054
"https://static-assets.artlogic.net/w_1600,h_1600,c_limit,f_auto,fl_lossy,q_auto/ws-pilevneli/usr/exhibitions/images/exhibitions/85/lottermann-fuentes_olaf-heine-and-thomas-kretschmann.jpg",media/e57aa6b9e38c5b8d8cc6c490.jpg,saved,52088
"https://static-assets.artlogic.net/w_1600,h_1600,c_limit,f_auto,fl_lossy,q_auto/ws-pilevneli/usr/exhibitions/images/exhibitions/85/lottermann-fuentes_peter-langer.jpg",media/0f38c4f7c0fe763e4cf88696.jpg,saved,75176
"https://static-assets.artlogic.net/w_1600,h_1600,c_limit,f_auto,fl_lossy,q_auto/ws-pilevneli/usr/exhibitions/images/exhibitions/85/111ab7137814723a6c6305ff12736470j.jpeg",media/d439aa216203adf2bbc9c8a4.jpeg,saved,54136
"https://static-assets.artlogic.net/w_1600,h_1600,c_limit,f_auto,fl_lossy,q_auto/ws-pilevneli/usr/exhibitions/images/exhibitions/85/lottermann-fuentes_robi-rodriguez.jpg",media/ac67626c93042cd247215131.jpg,saved,92252
"https://static-assets.artlogic.net/w_1600,h_1600,c_limit,f_auto,fl_lossy,q_auto/ws-pilevneli/usr/exhibitions/images/exhibitions/85/lottermann-fuentes_roger-deckker.jpg",media/04865be697ffee339e9c2949.jpg,saved,128050
"https://static-assets.artlogic.net/w_1600,h_1600,c_limit,f_auto,fl_lossy,q_auto/ws-pilevneli/usr/exhibitions/images/exhibitions/85/lottermann-fuentes_roger-eberhard.jpg",media/f63fd836e3c4d05895e5bc50.jpg,saved,38750
"https://static-assets.artlogic.net/w_1600,h_1600,c_limit,f_auto,fl_lossy,q_auto/ws-pilevneli/usr/exhibitions/images/exhibitions/85/ad16355f9e691ac4f642544b3cf8aa98j.jpeg",media/83d0705dd3b83e43345d3c85.jpeg,saved,40004
"https://static-assets.artlogic.net/w_1600,h_1600,c_limit,f_auto,fl_lossy,q_auto/ws-pilevneli/usr/exhibitions/images/exhibitions/85/lottermann-fuentes_timurtas-onan.jpg",media/7f28ed4924fb0176cf42dd9e.jpg,saved,96660
"https://static-assets.artlogic.net/w_1600,h_1600,c_limit,f_auto,fl_lossy,q_auto/ws-pilevneli/usr/exhibitions/images/exhibitions/85/lottermann-fuentes_yiorgos-mavropoulos.jpg",media/a03f5b283f59c71490a42443.jpg,saved,48896
"https://static-assets.artlogic.net/w_1600,h_1600,c_limit,f_auto,fl_lossy,q_auto/ws-pilevneli/usr/images/exhibitions/main_image_override/133/still-from-the-animation-film-mask-.jpeg",media/56fb655cb93b9878af8a7d7d.jpeg,saved,29498
"https://static-assets.artlogic.net/w_1600,h_1600,c_limit,f_auto,fl_lossy,q_auto/ws-pilevneli/usr/images/news/main_image/144/6.jpg",media/b0f0b5b2f996df0483b6c857.jpg,saved,184886
"https://static-assets.artlogic.net/w_1600,h_1600,c_limit,f_auto,fl_lossy,q_auto/ws-pilevneli/usr/images/news/main_image/142/ekran-resmi-2026-04-24-10.54.16.png",media/c9643495878ddae1d2320e6f.png,saved,172730
"https://static-assets.artlogic.net/w_1600,h_1600,c_limit,f_auto,fl_lossy,q_auto/ws-pilevneli/usr/images/artists/artwork_image_for_artists_page/items/54/54ae098a123e4ea6bd629bbda0556939/mk_listimage.gif",media/2e84610f6e3e82594808f948.gif,saved,164940
"https://static-assets.artlogic.net/w_1600,h_1600,c_limit,f_auto,fl_lossy,q_auto/ws-pilevneli/usr/images/artists/artwork_image_for_artists_page/items/17/171ddbf8f8254fdebaab41d25cc02542/yt009-image.png",media/e37e57862bdb0fc87b194fc7.png,saved,371156
"https://static-assets.artlogic.net/w_1600,h_1600,c_limit,f_auto,fl_lossy,q_auto/ws-pilevneli/usr/images/exhibitions/hero_image/items/77/77988e7ba75340aab3a1ed55d2859900/ariklevy-abstractstone-199_03.jpeg",media/0ce6cec42aab5d2df5138038.jpeg,saved,26924
"https://static-assets.artlogic.net/w_1600,h_1600,c_limit,f_auto,fl_lossy,q_auto/ws-pilevneli/usr/images/exhibitions/hero_image/items/e7/e7a0f05b4df047188557ab01302b1995/na_installation.jpg",media/216793948c4aa4a09e40b0e9.jpg,failed,"404 Client Error: Not Found for url: https://static-assets.artlogic.net/w_1600,h_1600,c_limit,f_auto,fl_lossy,q_auto/ws-pilevneli/usr/images/exhibitions/hero_image/items/e7/e7a0f05"
"https://static-assets.artlogic.net/w_1600,h_1600,c_limit,f_auto,fl_lossy,q_auto/ws-pilevneli/usr/images/exhibitions/hero_image/items/93/93929702571a4fd0be8b1785329f2d15/11_dontgofurther_ilerigitme.jpg",media/53662545d00ae3299ca352a9.jpg,failed,"404 Client Error: Not Found for url: https://static-assets.artlogic.net/w_1600,h_1600,c_limit,f_auto,fl_lossy,q_auto/ws-pilevneli/usr/images/exhibitions/hero_image/items/93/9392970"
"https://static-assets.artlogic.net/w_1600,h_1600,c_limit,f_auto,fl_lossy,q_auto/ws-pilevneli/usr/images/exhibitions/hero_image/items/08/081e2fe6738d4edf89ab4af6fabfa0e4/dsc_4978-header.gif",media/77bcbabe00456417509fd338.gif,saved,111530
"https://static-assets.artlogic.net/w_1600,h_1600,c_limit,f_auto,fl_lossy,q_auto/ws-pilevneli/usr/library/images/main/publications/31/_10128.gif",media/1e789db92a6a088428ca1a6b.gif,saved,66858
"https://static-assets.artlogic.net/w_1600,h_1600,c_limit,f_auto,fl_lossy,q_auto/ws-pilevneli/usr/images/exhibitions/hero_image/items/c2/c23ff2e44ebe45c1b86360eefc3ec2f5/dont-play-with-my-emotions.jpg",media/6ad924e00384c7e024f30660.jpg,saved,421586
"https://static-assets.artlogic.net/w_1600,h_1600,c_limit,f_auto,fl_lossy,q_auto/ws-pilevneli/usr/images/exhibitions/main_image_override/120/25graysc_baselsocialclub_pivneli_web.jpg",media/f6bbbdbd07f3efd3d43a1992.jpg,saved,50664
"https://static-assets.artlogic.net/w_1600,h_1600,c_limit,f_auto,fl_lossy,q_auto/ws-pilevneli/usr/images/exhibitions/hero_image/items/05/05ef2ec01a634797a73184934c630047/paper-header-alt.gif",media/df6bc27f036229b50275796f.gif,failed,"404 Client Error: Not Found for url: https://static-assets.artlogic.net/w_1600,h_1600,c_limit,f_auto,fl_lossy,q_auto/ws-pilevneli/usr/images/exhibitions/hero_image/items/05/05ef2ec"
"https://static-assets.artlogic.net/w_1600,h_1600,c_limit,f_auto,fl_lossy,q_auto/ws-pilevneli/usr/images/artists/hero_image/items/f4/f4ef10c116fb433ab6db1adaf280602a/fn_m_2014_030.001.o.jpg",media/03a2ef661e5f3a30d36c39b5.jpg,saved,147012
"https://static-assets.artlogic.net/w_1600,h_1600,c_limit,f_auto,fl_lossy,q_auto/ws-pilevneli/usr/images/artists/hero_image_mobile/items/c1/c19877b2d59145b098bd0065df1484cc/fn_m_2014_030.001.o.jpg",media/90673fc9f3d20d371b272a39.jpg,saved,147012
"https://static-assets.artlogic.net/w_1600,h_1600,c_limit,f_auto,fl_lossy,q_auto/ws-pilevneli/usr/images/exhibitions/hero_image/items/c1/c11e4cc96c6d4950bc86c1438a3658bd/fabrika-header.gif",media/0d6a17cf9de6cd5795b2b267.gif,saved,48550
"https://static-assets.artlogic.net/w_1600,h_1600,c_limit,f_auto,fl_lossy,q_auto/ws-pilevneli/usr/images/pages/hero_images/16/janfabre_erdo-an_refik.gif",media/7c1e5ea57182561ba0409616.gif,failed,"404 Client Error: Not Found for url: https://static-assets.artlogic.net/w_1600,h_1600,c_limit,f_auto,fl_lossy,q_auto/ws-pilevneli/usr/images/pages/hero_images/16/janfabre_erdo-an_r"
"https://static-assets.artlogic.net/w_1600,h_1600,c_limit,f_auto,fl_lossy,q_auto/ws-pilevneli/usr/images/pages/hero_images/16/ba-l-ks-z-3.gif",media/a301087090f049404cefba30.gif,saved,109712
"https://static-assets.artlogic.net/w_1600,h_1600,c_limit,f_auto,fl_lossy,q_auto/ws-pilevneli/usr/images/publications/slideshow_data/3/tuzzamani.gif",media/d5672cfd6e4a8df28307a59c.gif,saved,67192
"https://static-assets.artlogic.net/w_1600,h_1600,c_limit,f_auto,fl_lossy,q_auto/artlogicstorage/pilevneligallery/images/view/439b822a8251970ed9c3cf2a2ec4923dg/pilevneli-bora-akincit-rk-the-end-2019.gif",media/43421a931b8040772ee16011.gif,saved,189442
"https://static-assets.artlogic.net/w_1600,h_1600,c_limit,f_auto,fl_lossy,q_auto/ws-pilevneli/usr/images/artists/hero_image/items/a7/a72e97fce8854b11a397d5ccf0b66165/alkislamaca.jpg",media/30419c7d54738f538b09adba.jpg,saved,28602
"https://static-assets.artlogic.net/w_1600,h_1600,c_limit,f_auto,fl_lossy,q_auto/ws-pilevneli/usr/images/exhibitions/main_image_override/41/pi_4278.jpg",media/c6bbe89c5a0e6790a155e4dd.jpg,saved,276360
"https://static-assets.artlogic.net/w_1600,h_1600,c_limit,f_auto,fl_lossy,q_auto/ws-pilevneli/usr/images/exhibitions/hero_image/items/fb/fbb6b3befc9449e0aba9208b3bf74cca/pi_4296-.jpg",media/eee15ed6364739277fa74e11.jpg,saved,82450
"https://static-assets.artlogic.net/w_1600,h_1600,c_limit,f_auto,fl_lossy,q_auto/ws-pilevneli/usr/library/images/main/publications/15/_10173.gif",media/94404c34dec486d5faf83475.gif,saved,890675
"https://static-assets.artlogic.net/w_1600,h_1600,c_limit,f_auto,fl_lossy,q_auto/ws-pilevneli/usr/library/images/main/publications/15/_10171.gif",media/4c1469e68f797b234f3d0dc1.gif,saved,1013854
"https://static-assets.artlogic.net/w_1600,h_1600,c_limit,f_auto,fl_lossy,q_auto/ws-pilevneli/usr/library/images/main/publications/15/_10172.gif",media/7f54db440c2df4c415ba18b8.gif,saved,853116
"https://static-assets.artlogic.net/w_1600,h_1600,c_limit,f_auto,fl_lossy,q_auto/ws-pilevneli/usr/images/exhibitions/hero_image/items/bf/bf4eccd021d94a38acc0757eb92c2f3b/pi_4417.jpg",media/3cc47edb13daa0d43cc1c57d.jpg,saved,114486
"https://static-assets.artlogic.net/w_1600,h_1600,c_limit,f_auto,fl_lossy,q_auto/artlogicstorage/pilevneligallery/images/view/c58c0be01be3d375b0551c59d30e5e97j/pilevneli-esra-g-lmen-yesterday-s-feelings-2022.jpg",media/742334782c20a245770ad7e3.jpg,saved,43236
"https://static-assets.artlogic.net/w_1600,h_1600,c_limit,f_auto,fl_lossy,q_auto/ws-pilevneli/usr/images/exhibitions/hero_image/items/77/77e40ea1b19a4022bae60c7be51a992f/unpromised-lands-header2.gif",media/373ea7f4515ee0a80f829b05.gif,saved,138738
"https://static-assets.artlogic.net/w_1600,h_1600,c_limit,f_auto,fl_lossy,q_auto/ws-pilevneli/usr/images/events/main_image/items/50/509a9d29fd9641758955f77e4311cffa/artshow-logo-2.png",media/bbea200db17f3fe65aceed79.png,saved,21868
"https://static-assets.artlogic.net/w_1600,h_1600,c_limit,f_auto,fl_lossy,q_auto/ws-pilevneli/usr/images/exhibitions/hero_image/items/48/48cd42a3b0c74405a9703ab55ab815f7/_nk_0018.jpg",media/e84709509b85ca96456ba326.jpg,failed,"404 Client Error: Not Found for url: https://static-assets.artlogic.net/w_1600,h_1600,c_limit,f_auto,fl_lossy,q_auto/ws-pilevneli/usr/images/exhibitions/hero_image/items/48/48cd42a"
"https://static-assets.artlogic.net/w_1600,h_1600,c_limit,f_auto,fl_lossy,q_auto/ws-pilevneli/usr/images/exhibitions/hero_image/items/45/459fba3d59534f289db4833fb2e3fc0d/2011-gold-ignots_lh-header.gif",media/23b51c8dc16fe9e997e72c07.gif,failed,"404 Client Error: Not Found for url: https://static-assets.artlogic.net/w_1600,h_1600,c_limit,f_auto,fl_lossy,q_auto/ws-pilevneli/usr/images/exhibitions/hero_image/items/45/459fba3"
"https://static-assets.artlogic.net/w_1600,h_1600,c_limit,f_auto,fl_lossy,q_auto/ws-pilevneli/usr/images/exhibitions/hero_image/items/4e/4e4df22facad4d8c8a1aeb3e5683ac2f/haf-za-tepesi.gif",media/78c5daba9a4ab3a2b1a0dd28.gif,saved,117112
"https://static-assets.artlogic.net/w_1600,h_1600,c_limit,f_auto,fl_lossy,q_auto/ws-pilevneli/usr/images/exhibitions/hero_image/items/ef/ef56a24593f543d6b9f148008576b148/kaplankaya-yeni.gif",media/d79841fd3c4d99867795d3fc.gif,failed,"404 Client Error: Not Found for url: https://static-assets.artlogic.net/w_1600,h_1600,c_limit,f_auto,fl_lossy,q_auto/ws-pilevneli/usr/images/exhibitions/hero_image/items/ef/ef56a24"
"https://static-assets.artlogic.net/w_1600,h_1600,c_limit,f_auto,fl_lossy,q_auto/ws-pilevneli/usr/images/exhibitions/hero_image/items/07/0799082431b24ba9a00daccfcda496d2/227854164_508738746870975_2638793398861569668_n.jpg",media/acf2aa707d2656e918e9c99d.jpg,saved,40642
"https://static-assets.artlogic.net/w_1600,h_1600,c_limit,f_auto,fl_lossy,q_auto/ws-pilevneli/usr/images/artists/hero_image/items/6d/6d915beb04a24b7b80d9315d09d1066d/daniel-firman_header-son.gif",media/0368e8c7412cd2f2e4bbd90d.gif,saved,229762
"https://static-assets.artlogic.net/w_1600,h_1600,c_limit,f_auto,fl_lossy,q_auto/ws-pilevneli/usr/documents/press/download_url/10/h-rriyet.jpg",media/74a50a425e658bde8003d9c4.jpg,saved,438644
"https://static-assets.artlogic.net/w_1600,h_1600,c_limit,f_auto,fl_lossy,q_auto/ws-pilevneli/usr/documents/press/download_url/9/cumhuriyet.jpg",media/9d1ada0f289874774434e7d4.jpg,saved,359404
"https://static-assets.artlogic.net/w_1600,h_1600,c_limit,f_auto,fl_lossy,q_auto/ws-pilevneli/usr/documents/press/download_url/6/posta.jpg",media/407e31c28afcb10441d93351.jpg,saved,327194
"https://static-assets.artlogic.net/w_1600,h_1600,c_limit,f_auto,fl_lossy,q_auto/ws-pilevneli/usr/documents/press/download_url/8/sabah.jpg",media/1863653655492a4088e3f79f.jpg,saved,370166
"https://static-assets.artlogic.net/w_1600,h_1600,c_limit,f_auto,fl_lossy,q_auto/ws-pilevneli/usr/documents/press/download_url/5/kanat-atkaya.jpg",media/ae9ab0de27b89d3e70940e8f.jpg,saved,236492
"https://static-assets.artlogic.net/w_1600,h_1600,c_limit,f_auto,fl_lossy,q_auto/ws-pilevneli/usr/documents/press/download_url/7/oksijen-.jpg",media/937b8f1e9f212205fc5fd8d0.jpg,saved,436740
"https://static-assets.artlogic.net/w_1600,h_1600,c_limit,f_auto,fl_lossy,q_auto/ws-pilevneli/usr/images/news/main_image/140/upscalemedia-transformed.jpeg",media/027cbf5326102bfeac18be8a.jpeg,saved,362630
"https://static-assets.artlogic.net/w_1600,h_1600,c_limit,f_auto,fl_lossy,q_auto/ws-pilevneli/usr/images/exhibitions/hero_image/items/60/608c6a08feed43c29dea0a060c8c5bea/betweendayanddream.gif",media/5b50aae7af08f1c669b92ba9.gif,saved,482860
"https://static-assets.artlogic.net/w_1600,h_1600,c_limit,f_auto,fl_lossy,q_auto/ws-pilevneli/usr/images/exhibitions/hero_image/items/15/1540d69585cf4c60a4b2a4565d282461/_rrr1976bbb.jpg",media/6535f34fe1030a4ffeaff6a2.jpg,saved,136502
"https://static-assets.artlogic.net/w_1600,h_1600,c_limit,f_auto,fl_lossy,q_auto/ws-pilevneli/usr/images/exhibitions/main_image_override/45/zor.gif",media/514b075e999a70814c65606f.gif,failed,"404 Client Error: Not Found for url: https://static-assets.artlogic.net/w_1600,h_1600,c_limit,f_auto,fl_lossy,q_auto/ws-pilevneli/usr/images/exhibitions/main_image_override/45/zor."
"https://static-assets.artlogic.net/w_1600,h_1600,c_limit,f_auto,fl_lossy,q_auto/ws-pilevneli/usr/images/exhibitions/hero_image/items/c0/c07d2d526c234c1081375401ab64b40b/zoe.gif",media/7b0e1a889b26804bc1b5a85f.gif,failed,"404 Client Error: Not Found for url: https://static-assets.artlogic.net/w_1600,h_1600,c_limit,f_auto,fl_lossy,q_auto/ws-pilevneli/usr/images/exhibitions/hero_image/items/c0/c07d2d5"
"https://static-assets.artlogic.net/w_1600,h_1600,c_limit,f_auto,fl_lossy,q_auto/ws-pilevneli/usr/images/exhibitions/hero_image/items/58/586c0b76af054a95b003a81163c5ad8a/tar-k_homepage-gif.gif",media/f133c3c98ed23b298a0c16ee.gif,saved,543664
"https://static-assets.artlogic.net/w_1600,h_1600,c_limit,f_auto,fl_lossy,q_auto/artlogicstorage/pilevneligallery/images/view/da9fc00b4953727e4bcb0631708616bag/p-levnel-esra-g-lmen-uncensorable-2020.gif",media/4c1b97956707aa77015cb41b.gif,saved,18946
"https://static-assets.artlogic.net/w_1600,h_1600,c_limit,f_auto,fl_lossy,q_auto/ws-pilevneli/usr/images/exhibitions/hero_image/items/40/40458c34aefa43538d802f499bb165e0/renklerin-tefekkuru-0-zero.1.gif",media/165f759b64a40c4440cf45bd.gif,saved,785400
"https://static-assets.artlogic.net/w_1600,h_1600,c_limit,f_auto,fl_lossy,q_auto/ws-pilevneli/usr/images/exhibitions/hero_image/items/2b/2bbc9bfd6ace4eccb0281bb759c1371a/dsc_4457.jpg",media/f77a21fc978d9dc2dca876d9.jpg,saved,83322
"https://static-assets.artlogic.net/w_1600,h_1600,c_limit,f_auto,fl_lossy,q_auto/ws-pilevneli/usr/images/artists/hero_image/items/97/976e772d4cd84a8ea8e87ab5fd9ec00a/i_die_every_day.gif",media/5240eb6573ee056b1f022b6f.gif,failed,"404 Client Error: Not Found for url: https://static-assets.artlogic.net/w_1600,h_1600,c_limit,f_auto,fl_lossy,q_auto/ws-pilevneli/usr/images/artists/hero_image/items/97/976e772d4cd"
"https://static-assets.artlogic.net/w_1600,h_1600,c_limit,f_auto,fl_lossy,q_auto/ws-pilevneli/usr/images/exhibitions/hero_image/items/15/15c03efe3df84ddcb95a66e50f5192d9/dsc00402.gif",media/b96b14fa44c8b85629ef6904.gif,saved,266102
"https://static-assets.artlogic.net/w_1600,h_1600,c_limit,f_auto,fl_lossy,q_auto/ws-pilevneli/usr/images/pages/hero_image/items/56/56041b1a249d43fc8935fb680f379c01/archaily.jpg",media/c3e32536fdcdd82fd2558a5c.jpg,failed,"404 Client Error: Not Found for url: https://static-assets.artlogic.net/w_1600,h_1600,c_limit,f_auto,fl_lossy,q_auto/ws-pilevneli/usr/images/pages/hero_image/items/56/56041b1a249d4"
"https://static-assets.artlogic.net/w_1600,h_1600,c_limit,f_auto,fl_lossy,q_auto/ws-pilevneli/usr/images/exhibitions/hero_image/items/6b/6b5264e84fbb4e909edce10b0a156a18/vivisector-header2.gif",media/b334ce2ce50028fb56184358.gif,saved,130946
"https://static-assets.artlogic.net/w_1600,h_1600,c_limit,f_auto,fl_lossy,q_auto/ws-pilevneli/usr/images/exhibitions/hero_image/items/13/13871c3235dc4040a8308dbb29dfeffe/dscf4035.jpg",media/8e32394a5089f56d0d1c70ff.jpg,saved,105268
"https://static-assets.artlogic.net/w_1600,h_1600,c_limit,f_auto,fl_lossy,q_auto/ws-pilevneli/usr/images/news/main_image/47/ximg-2145-1-.jpg",media/348207f356132e1337527bfa.jpg,saved,23536
"https://static-assets.artlogic.net/w_1600,h_1600,c_limit,f_auto,fl_lossy,q_auto/ws-pilevneli/usr/images/exhibitions/hero_image/items/93/93aab2084e3a4b86a5af185b1c31554b/dsd_0780.jpg",media/55d1e8a29625d182e1afdc86.jpg,saved,125724
"https://static-assets.artlogic.net/w_1600,h_1600,c_limit,f_auto,fl_lossy,q_auto/artlogicstorage/pilevneligallery/images/view/fe0ab1fe57071732c9d01f3a86c55aadp/p-levnel-johan-creten-g-zlem-noktas-n-220-observation-point-n-220-2024.png",media/a1d2f23068b533f97621964e.png,saved,34918
"https://static-assets.artlogic.net/w_1600,h_1600,c_limit,f_auto,fl_lossy,q_auto/ws-pilevneli/usr/library/images/main/publications/19/_10146.gif",media/ecb1d7f88d9b6595b00b7230.gif,saved,678425
"https://static-assets.artlogic.net/w_1600,h_1600,c_limit,f_auto,fl_lossy,q_auto/ws-pilevneli/usr/library/images/main/publications/19/_10144.gif",media/f086800929ab9616bccc2f17.gif,saved,581605
"https://static-assets.artlogic.net/w_1600,h_1600,c_limit,f_auto,fl_lossy,q_auto/ws-pilevneli/usr/library/images/main/publications/19/_10143.gif",media/ad3c17713f0df29b90c81f36.gif,saved,668967
"https://static-assets.artlogic.net/w_1600,h_1600,c_limit,f_auto,fl_lossy,q_auto/artlogicstorage/pilevneligallery/images/view/b55258e0e25c8fd90aabebc007d0b91cp/pilevneli-esra-g-lmen-everything-will-be-awesome-2022.png",media/c507ce7ac34439ab79f70c95.png,saved,21738
"https://static-assets.artlogic.net/w_1600,h_1600,c_limit,f_auto,fl_lossy,q_auto/artlogicstorage/pilevneligallery/images/view/1b48850fa7c838a8b1203faaaaa81411g/pilevneli-bora-akincit-rk-the-poet-2019.gif",media/ccf36f993cd2bf3269669002.gif,saved,112648
"https://static-assets.artlogic.net/w_1600,h_1600,c_limit,f_auto,fl_lossy,q_auto/ws-pilevneli/usr/images/exhibitions/hero_image/items/c7/c76d7a1818bf4a2ead681cae6525f0f4/vivisector-header.gif",media/47879ecb0b5d8afc2da1e343.gif,saved,52794
"https://static-assets.artlogic.net/w_1600,h_1600,c_limit,f_auto,fl_lossy,q_auto/ws-pilevneli/usr/images/exhibitions/hero_image/items/55/550501b8d4a54886a4d2984f1b75e4d2/_l2a99466.gif",media/f43cea4afad600bea36c008a.gif,saved,695154
"https://static-assets.artlogic.net/w_1600,h_1600,c_limit,f_auto,fl_lossy,q_auto/ws-pilevneli/usr/images/artists/hero_image/items/8b/8bee98bd118748318738e770ba522cc9/zorunlu-hata-65x167cm-ka-t-zerine-kur-un-kalem-ve-kuruboya-2015.jpg",media/fd47a4546ff1a7a1d22e99ad.jpg,saved,80274
"https://static-assets.artlogic.net/w_1600,h_1600,c_limit,f_auto,fl_lossy,q_auto/ws-pilevneli/usr/images/news/main_image/38/307731265_116184211229880_2407590357694375626_n.jpg",media/813bf93e62b9572bb28b1770.jpg,saved,76836
"https://static-assets.artlogic.net/w_1600,h_1600,c_limit,f_auto,fl_lossy,q_auto/ws-pilevneli/usr/library/images/main/publications/8/_10130.gif",media/8529f39926ef1ecb2b649e84.gif,saved,784882
"https://static-assets.artlogic.net/w_1600,h_1600,c_limit,f_auto,fl_lossy,q_auto/ws-pilevneli/usr/library/images/main/publications/8/_10131.gif",media/27bf0a34a39decc307f98d7d.gif,saved,931547
"https://static-assets.artlogic.net/w_1600,h_1600,c_limit,f_auto,fl_lossy,q_auto/ws-pilevneli/usr/images/news/main_image/5/dsc00550.gif",media/eaa1607a6bf4ffb3072e7424.gif,failed,"500 Server Error: Internal Server Error for url: https://static-assets.artlogic.net/w_1600,h_1600,c_limit,f_auto,fl_lossy,q_auto/ws-pilevneli/usr/images/news/main_image/5/dsc00550."
"https://static-assets.artlogic.net/w_1600,h_1600,c_limit,f_auto,fl_lossy,q_auto/ws-pilevneli/usr/images/news/main_image/21/regisseure_18_19_ostu_ensport04_h_opdebeek0062.jpg",media/5cb8dec2e407f12df6e9ca2e.jpg,saved,56986
"https://static-assets.artlogic.net/w_1600,h_1600,c_limit,f_auto,fl_lossy,q_auto/ws-pilevneli/usr/images/exhibitions/main_image_override/58/listimage.gif",media/6b61864e2316449dc3006c1e.gif,saved,375372
"https://static-assets.artlogic.net/w_1600,h_1600,c_limit,f_auto,fl_lossy,q_auto/ws-pilevneli/usr/images/exhibitions/hero_image/items/b1/b19e12a2d7f04b85b2dbef85e9616fa9/img_1792.gif",media/63d4df74d81e72e995a87e16.gif,saved,546146
"https://static-assets.artlogic.net/w_1600,h_1600,c_limit,f_auto,fl_lossy,q_auto/ws-pilevneli/usr/images/pages/hero_image/items/43/433bc76e790843fe85fbafffda27cf9a/img_62401.gif",media/5919771a21ac9e4eeb9b1283.gif,saved,53300
"https://static-assets.artlogic.net/w_1600,h_1600,c_limit,f_auto,fl_lossy,q_auto/ws-pilevneli/usr/images/exhibitions/hero_image/items/40/408dd2f24b624619932b8e93d693f98b/ekran-resmi-2023-07-14-16.43.54-1-.jpg",media/8be00cd0115346b25a78b2b3.jpg,saved,171570
"https://static-assets.artlogic.net/w_1600,h_1600,c_limit,f_auto,fl_lossy,q_auto/artlogicstorage/pilevneligallery/images/view/75de5171b462ac9f29e872955c41bbefp/p-levnel-johan-creten-fireworks-exit-west-2017.png",media/c6feb5577626060dce6aa109.png,saved,367526
"https://static-assets.artlogic.net/w_1600,h_1600,c_limit,f_auto,fl_lossy,q_auto/ws-pilevneli/usr/images/exhibitions/hero_image/items/8f/8fb74360e64d4091a38f12c4761b7a1c/tuz-zamani-header.gif",media/3f4d907d047d1ebe6dca8b52.gif,failed,"404 Client Error: Not Found for url: https://static-assets.artlogic.net/w_1600,h_1600,c_limit,f_auto,fl_lossy,q_auto/ws-pilevneli/usr/images/exhibitions/hero_image/items/8f/8fb7436"
"https://static-assets.artlogic.net/w_1600,h_1600,c_limit,f_auto,fl_lossy,q_auto/ws-pilevneli/usr/images/events/main_image/items/f5/f51ea3382f404b4a9c161af2810679aa/the-armory-show-logo.jpg",media/dd581464426c4838d176dc3f.jpg,saved,11788
"https://static-assets.artlogic.net/w_1600,h_1600,c_limit,f_auto,fl_lossy,q_auto/ws-pilevneli/usr/images/exhibitions/hero_image/items/c4/c4ec7c7519934ddaa6358668f98d6595/ugo6.gif",media/85523ba6671bf53f324bd5b3.gif,failed,"404 Client Error: Not Found for url: https://static-assets.artlogic.net/w_1600,h_1600,c_limit,f_auto,fl_lossy,q_auto/ws-pilevneli/usr/images/exhibitions/hero_image/items/c4/c4ec7c7"
"https://static-assets.artlogic.net/w_1600,h_1600,c_limit,f_auto,fl_lossy,q_auto/ws-pilevneli/usr/images/artists/hero_image/items/9a/9a2684369b874ad581a767cab89a9724/ts-header-1.gif",media/4da39668b77f734dafc5f7f8.gif,failed,"404 Client Error: Not Found for url: https://static-assets.artlogic.net/w_1600,h_1600,c_limit,f_auto,fl_lossy,q_auto/ws-pilevneli/usr/images/artists/hero_image/items/9a/9a2684369b8"
"https://static-assets.artlogic.net/w_1600,h_1600,c_limit,f_auto,fl_lossy,q_auto/artlogicstorage/pilevneligallery/images/view/204cf9491b83fa70da9cf7519ec732ecp/p-levnel-johan-creten-g-zlem-noktas-n-149-observation-point-n-149-2019.png",media/c523fc55f82dafa445cbe367.png,saved,33418
"https://static-assets.artlogic.net/w_1600,h_1600,c_limit,f_auto,fl_lossy,q_auto/ws-pilevneli/usr/images/news/main_image/50/screenshot_20230201-120710-2.jpg",media/d90d906a9e3d7c7930d256ea.jpg,saved,102082
"https://static-assets.artlogic.net/w_1600,h_1600,c_limit,f_auto,fl_lossy,q_auto/artlogicstorage/pilevneligallery/images/view/0cfece96570c5569e2fea0b9f1797b41g/pilevneli-bora-akincit-rk-dogs-2019.gif",media/b357b79e18bb42e33d91d39f.gif,saved,150746
"https://static-assets.artlogic.net/w_1600,h_1600,c_limit,f_auto,fl_lossy,q_auto/ws-pilevneli/usr/images/exhibitions/main_image_override/46/arik.gif",media/2417ac6a834a6b4fc56e9997.gif,failed,"404 Client Error: Not Found for url: https://static-assets.artlogic.net/w_1600,h_1600,c_limit,f_auto,fl_lossy,q_auto/ws-pilevneli/usr/images/exhibitions/main_image_override/46/arik"
"https://static-assets.artlogic.net/w_1600,h_1600,c_limit,f_auto,fl_lossy,q_auto/ws-pilevneli/usr/images/exhibitions/hero_image/items/08/081b9ea9a77d48fe8653a04e0067fa7a/microrocks-liquid-metal-zinc-.gif",media/40067b42fee364d75386793a.gif,saved,30994
"https://static-assets.artlogic.net/w_1600,h_1600,c_limit,f_auto,fl_lossy,q_auto/ws-pilevneli/usr/images/exhibitions/hero_image/items/7f/7f3542404cc94840be219702ee7924aa/21.gif",media/34d6d510a32e5e26372e1dad.gif,saved,148676
"https://static-assets.artlogic.net/w_1600,h_1600,c_limit,f_auto,fl_lossy,q_auto/ws-pilevneli/usr/images/artworks/main_image/items/a6/a6deb0de14cd4162b4ac8a3ef6c692f8/3-refik-anadol.gif",media/eb3f21541afeefe7da587c47.gif,failed,"404 Client Error: Not Found for url: https://static-assets.artlogic.net/w_1600,h_1600,c_limit,f_auto,fl_lossy,q_auto/ws-pilevneli/usr/images/artworks/main_image/items/a6/a6deb0de14"
"https://static-assets.artlogic.net/w_1600,h_1600,c_limit,f_auto,fl_lossy,q_auto/ws-pilevneli/usr/images/artists/hero_image/items/1f/1f0b678956004ae38f5c39826312fcf9/3-refik-anadol.gif",media/5f97e116428f50e421dbd193.gif,saved,85038
"https://static-assets.artlogic.net/w_1600,h_1600,c_limit,f_auto,fl_lossy,q_auto/ws-pilevneli/usr/images/exhibitions/hero_image/items/4b/4be091cf23054509bf76bf8962244935/serkan_211108_094.jpg",media/fc2d1e7a8aa7421aa70cf038.jpg,saved,131458
"https://static-assets.artlogic.net/w_1600,h_1600,c_limit,f_auto,fl_lossy,q_auto/ws-pilevneli/usr/images/exhibitions/hero_image/items/29/2967a5cf63464f1a9f67bf3e02e5bf93/walldancing_gif.gif",media/3aa827977139a59fce464c83.gif,saved,42780
"https://static-assets.artlogic.net/w_1600,h_1600,c_limit,f_auto,fl_lossy,q_auto/ws-pilevneli/usr/library/images/main/publications/32/pi_4412.jpg",media/3c509161c301d14a35059afb.jpg,saved,66260
"https://static-assets.artlogic.net/w_1600,h_1600,c_limit,f_auto,fl_lossy,q_auto/ws-pilevneli/usr/library/images/main/publications/32/pi_4411.jpg",media/2da015dda1301e6e63afdad5.jpg,saved,133950
"https://static-assets.artlogic.net/w_1600,h_1600,c_limit,f_auto,fl_lossy,q_auto/ws-pilevneli/usr/images/news/main_image/44/x314597043_3234463496771847_1649966640828162473_n-1-.jpg",media/d27f9b04b1c6c4fe6b4629b1.jpg,saved,74352
"https://static-assets.artlogic.net/w_1600,h_1600,c_limit,f_auto,fl_lossy,q_auto/ws-pilevneli/usr/images/news/main_image/39/306679903_463314542201452_6004899800037344206_n.jpg",media/dfad577f9bfb80515c5152c0.jpg,saved,153768
"https://static-assets.artlogic.net/w_1600,h_1600,c_limit,f_auto,fl_lossy,q_auto/ws-pilevneli/usr/images/artists/hero_image/items/83/83eb1a75fbee49a980d02a887503a2ce/love_town-header-cropped.gif",media/90372725d3cef43f5360da32.gif,saved,141214
"https://static-assets.artlogic.net/w_1600,h_1600,c_limit,f_auto,fl_lossy,q_auto/artlogicstorage/pilevneligallery/images/view/0e6befeac8a9c7dae95481acb5a23f33g/pilevneli-bora-akincit-rk-taste-of-blood-2019.gif",media/3ef5ca293f5f7527de209df3.gif,saved,267846
"https://static-assets.artlogic.net/w_1600,h_1600,c_limit,f_auto,fl_lossy,q_auto/ws-pilevneli/usr/images/exhibitions/main_image_override/50/nsan-u-up-giden-bir-ku-de-ildir-2021-enstalasyon-430-x-430-x-20-cmlow.jpg",media/60d8afaba023695c3cf9f27c.jpg,saved,464028
"https://static-assets.artlogic.net/w_1600,h_1600,c_limit,f_auto,fl_lossy,q_auto/ws-pilevneli/usr/images/exhibitions/hero_image/items/55/552443faeb5e4cd4b4aeee11c8f4b80f/memory_ch_gif.gif",media/f25188b7c4a8012599a42f6a.gif,failed,"404 Client Error: Not Found for url: https://static-assets.artlogic.net/w_1600,h_1600,c_limit,f_auto,fl_lossy,q_auto/ws-pilevneli/usr/images/exhibitions/hero_image/items/55/552443f"
"https://static-assets.artlogic.net/w_1600,h_1600,c_limit,f_auto,fl_lossy,q_auto/ws-pilevneli/usr/images/artists/hero_image/items/a5/a5a704f15e104ff180940bc006d96689/ae082-1-5-image.jpg",media/fa56d388515846d39646322a.jpg,saved,374114
"https://static-assets.artlogic.net/w_1600,h_1600,c_limit,f_auto,fl_lossy,q_auto/ws-pilevneli/usr/images/exhibitions/hero_image/items/c2/c2a61cb79b25410c89810ed4ff6c3276/dsd_8637.jpg",media/a037f552dfe6c67853eb93a4.jpg,saved,114762
"https://static-assets.artlogic.net/w_1600,h_1600,c_limit,f_auto,fl_lossy,q_auto/ws-pilevneli/usr/images/exhibitions/hero_image/items/1c/1c22848adccd4aebb7ee586a474e7851/dsd_1296.jpg",media/9cd0473ec978b0ec4dba3ed6.jpg,saved,239672
"https://static-assets.artlogic.net/w_1600,h_1600,c_limit,f_auto,fl_lossy,q_auto/artlogicstorage/pilevneligallery/images/view/71ca995c7231f6d86a1436b709579e5ag/pilevneli-michael-sailstorfer-brenner-2017.gif",media/a9c00e81c167171d84ed91cd.gif,saved,1124667
"https://static-assets.artlogic.net/w_1600,h_1600,c_limit,f_auto,fl_lossy,q_auto/ws-pilevneli/usr/images/artists/hero_image/items/b4/b4b1288bfdd34166bdd1b2fa5528b7a5/msa__himmel-berlin-2012.jpg",media/10bb53b940f14d401c9cc175.jpg,saved,44880
"https://static-assets.artlogic.net/w_1600,h_1600,c_limit,f_auto,fl_lossy,q_auto/ws-pilevneli/usr/images/exhibitions/hero_image/items/4a/4af905ea9d7c47a0887e724ed1b23f26/dsc_5034.jpg",media/d245eade37516ba69b76b267.jpg,saved,112538
"https://static-assets.artlogic.net/w_1600,h_1600,c_limit,f_auto,fl_lossy,q_auto/ws-pilevneli/usr/images/artists/hero_image/items/5a/5a340f4427fc44ab83e6b8e15ecea12c/esra-gu-lmen-header-2.gif",media/851346d459c6e80fa8775ca7.gif,saved,17770
"https://static-assets.artlogic.net/w_1600,h_1600,c_limit,f_auto,fl_lossy,q_auto/ws-pilevneli/usr/images/artists/hero_image/items/56/5642f62153d247c9a34221ab342cd3cf/sener-ozmen-header-son1.gif",media/acf3ca96f5b7843be8ac11aa.gif,saved,250092
"https://static-assets.artlogic.net/w_1600,h_1600,c_limit,f_auto,fl_lossy,q_auto/ws-pilevneli/usr/images/artists/hero_image/items/eb/eb9f978612ff4bb0a7c1a75344884da1/sucuk.jpg",media/1e5b2b6c0d87b33a7d58f256.jpg,saved,119766
"https://static-assets.artlogic.net/w_1600,h_1600,c_limit,f_auto,fl_lossy,q_auto/ws-pilevneli/usr/images/exhibitions/main_image_override/110/list.jpg",media/2abfca9e06c754d262c3217b.jpg,saved,335154
"https://static-assets.artlogic.net/w_1600,h_1600,c_limit,f_auto,fl_lossy,q_auto/ws-pilevneli/usr/images/exhibitions/hero_image/items/d0/d01f977268264d5dbbe9ebd421cd6d91/img_2756.jpeg",media/eb6c067d9719a83876d2c3aa.jpeg,saved,89354
"https://static-assets.artlogic.net/w_1600,h_1600,c_limit,f_auto,fl_lossy,q_auto/ws-pilevneli/usr/images/exhibitions/hero_image_mobile/items/7e/7e2ae0e7429841f6abe84b5de540f64d/img_2756.jpeg",media/ed4566d1c5f4667163eca44f.jpeg,saved,89354
"https://static-assets.artlogic.net/w_1600,h_1600,c_limit,f_auto,fl_lossy,q_auto/artlogicstorage/pilevneligallery/images/view/ca51c2d241a489e182767527afb2a359j/pilevneli-esra-g-lmen-i-do-don-t-give-a-fuck-2022.jpg",media/26706c79be868cf5c485529a.jpg,saved,47694
"https://static-assets.artlogic.net/w_1600,h_1600,c_limit,f_auto,fl_lossy,q_auto/artlogicstorage/pilevneligallery/images/view/bc20de4e32961efecb223bc0a8590684g/pilevneli-esra-g-lmen-what-did-you-do-for-yourself-today-2016.gif",media/d8e11f7eb307ed9d0d3070e7.gif,saved,41442
"https://static-assets.artlogic.net/w_1600,h_1600,c_limit,f_auto,fl_lossy,q_auto/ws-pilevneli/usr/library/images/main/publications/7/_10192.jpg",media/5a44084a4b059f61015a99a9.jpg,saved,23532
"https://static-assets.artlogic.net/w_1600,h_1600,c_limit,f_auto,fl_lossy,q_auto/ws-pilevneli/usr/library/images/main/publications/7/_10191.gif",media/b1d185e3c0b46dd230614547.gif,saved,777309
"https://static-assets.artlogic.net/w_1600,h_1600,c_limit,f_auto,fl_lossy,q_auto/ws-pilevneli/usr/library/images/main/publications/7/_10194.gif",media/d38e330cce3c349ecf633d3e.gif,saved,652524
"https://static-assets.artlogic.net/w_1600,h_1600,c_limit,f_auto,fl_lossy,q_auto/ws-pilevneli/usr/images/pages/hero_image/items/5c/5c1d4a08a93342858349b43ba13e836a/mehmet-kaz-m_two-wild-ones-on-a-high-horse.jpg",media/e214466af646ee92467be3c5.jpg,failed,"404 Client Error: Not Found for url: https://static-assets.artlogic.net/w_1600,h_1600,c_limit,f_auto,fl_lossy,q_auto/ws-pilevneli/usr/images/pages/hero_image/items/5c/5c1d4a08a9334"
"https://static-assets.artlogic.net/w_1600,h_1600,c_limit,f_auto,fl_lossy,q_auto/ws-pilevneli/usr/images/exhibitions/hero_image/items/50/5029f1b5e01548c0bc140c92efa23f92/202306_tav_bodrum216.jpg",media/bd021717a5b6cb4c9ef4d5e1.jpg,saved,198202
"https://static-assets.artlogic.net/w_1600,h_1600,c_limit,f_auto,fl_lossy,q_auto/artlogicstorage/pilevneligallery/images/view/2fac92e8b92406f364a244602958af17j/pilevneli-mehmet-kazim-blue-riders-2018.jpg",media/28538d6a0d3eeaa82f6fe766.jpg,saved,346278
"https://static-assets.artlogic.net/w_1600,h_1600,c_limit,f_auto,fl_lossy,q_auto/ws-pilevneli/usr/images/artists/hero_image/items/21/217569db9ae54ab7bd718c985d400d4b/gut_ge1-andere_gifcropped.jpg",media/bbf1708c8aa6712701e50916.jpg,saved,127496
"https://static-assets.artlogic.net/w_1600,h_1600,c_limit,f_auto,fl_lossy,q_auto/ws-pilevneli/usr/images/artworks/main_image/items/da/dabd30d48da745579a157d41ad435a09/2-refik-anadol-5.gif",media/c3f134642ab351d60a20de7c.gif,saved,348784
"https://static-assets.artlogic.net/w_1600,h_1600,c_limit,f_auto,fl_lossy,q_auto/ws-pilevneli/usr/images/news/main_image/135/51cc16d6-01a2-4407-83b5-943fc2ae1db4.jpg",media/f2520d3b34474d508308e6b3.jpg,saved,27224
"https://static-assets.artlogic.net/w_1600,h_1600,c_limit,f_auto,fl_lossy,q_auto/ws-pilevneli/usr/images/exhibitions/hero_image/items/fe/fe60e7bcdc144417bcd8937bc2418b0f/ae3005.jpg",media/d4107e17142a790d7d745bf7.jpg,saved,339990
"https://static-assets.artlogic.net/w_1600,h_1600,c_limit,f_auto,fl_lossy,q_auto/ws-pilevneli/usr/images/exhibitions/main_image_override/47/renklerin-tefekkuru-0-zero.1.gif",media/d07dccdb09ee7dc794b0e788.gif,saved,785400
"https://static-assets.artlogic.net/w_1600,h_1600,c_limit,f_auto,fl_lossy,q_auto/ws-pilevneli/usr/images/exhibitions/hero_image/items/2f/2fcba01950da44818b7d28c56e5d5085/gu-lfem-kessler_yeni-sen_installation-shot-31.jpg",media/5865f0153597dc404d8990ca.jpg,failed,"404 Client Error: Not Found for url: https://static-assets.artlogic.net/w_1600,h_1600,c_limit,f_auto,fl_lossy,q_auto/ws-pilevneli/usr/images/exhibitions/hero_image/items/2f/2fcba01"
"https://static-assets.artlogic.net/w_1600,h_1600,c_limit,f_auto,fl_lossy,q_auto/ws-pilevneli/usr/images/news/main_image/14/share_image_generated.png",media/bf3e5475ca4ccec5a97ecd57.png,saved,65878
"https://static-assets.artlogic.net/w_1600,h_1600,c_limit,f_auto,fl_lossy,q_auto/ws-pilevneli/usr/images/exhibitions/hero_image/items/76/763a23839ead443e88b002fae1572f2f/kutsal-pazarlik-header.gif",media/2fc7a55b04500575338a6535.gif,failed,"404 Client Error: Not Found for url: https://static-assets.artlogic.net/w_1600,h_1600,c_limit,f_auto,fl_lossy,q_auto/ws-pilevneli/usr/images/exhibitions/hero_image/items/76/763a238"
"https://static-assets.artlogic.net/w_1600,h_1600,c_limit,f_auto,fl_lossy,q_auto/ws-pilevneli/usr/images/news/main_image/12/listimage-esra-news.gif",media/b9fd6cf6148ba2fe3180aa6a.gif,saved,48362
"https://static-assets.artlogic.net/w_1600,h_1600,c_limit,f_auto,fl_lossy,q_auto/ws-pilevneli/usr/images/news/main_image/5/345.gif",media/b458e68f1579b94dc8edfc9d.gif,saved,175858
"https://static-assets.artlogic.net/w_1600,h_1600,c_limit,f_auto,fl_lossy,q_auto/ws-pilevneli/usr/images/exhibitions/main_image_override/121/armory-kare.jpg",media/99251b42e2653586544255fe.jpg,saved,137926
"https://static-assets.artlogic.net/w_1600,h_1600,c_limit,f_auto,fl_lossy,q_auto/ws-pilevneli/usr/images/exhibitions/hero_image/items/e2/e2846e2d33c74a23b224c5d805357c68/image00001.jpeg",media/2fa0e086ea35b060a6c30c35.jpeg,saved,67488
"https://static-assets.artlogic.net/w_1600,h_1600,c_limit,f_auto,fl_lossy,q_auto/ws-pilevneli/usr/images/artworks/main_image/items/c8/c82236af9d5a4871ae2e319120a04a31/7-berlin.7.gif",media/b91917a003161ac2852b5a29.gif,saved,103988
"https://static-assets.artlogic.net/w_1600,h_1600,c_limit,f_auto,fl_lossy,q_auto/ws-pilevneli/usr/images/publications/slideshow_data/5/jc.gif",media/9de5997f8f1d38fa28f509f5.gif,saved,290792
"https://static-assets.artlogic.net/w_1600,h_1600,c_limit,f_auto,fl_lossy,q_auto/ws-pilevneli/usr/images/publications/slideshow_data/5/daayanddream.gif",media/9fe45a1c23bf181e62574c7a.gif,saved,145366
"https://static-assets.artlogic.net/w_1600,h_1600,c_limit,f_auto,fl_lossy,q_auto/ws-pilevneli/usr/library/images/main/publications/6/_10120.gif",media/06a4dc4c09c736c0bcbc983c.gif,saved,685909
"https://static-assets.artlogic.net/w_1600,h_1600,c_limit,f_auto,fl_lossy,q_auto/ws-pilevneli/usr/library/images/main/publications/6/_10122.gif",media/ce82a23fd1c7f5c8d0d535b7.gif,saved,719356
"https://static-assets.artlogic.net/w_1600,h_1600,c_limit,f_auto,fl_lossy,q_auto/ws-pilevneli/usr/images/exhibitions/main_image_override/41/defne_gif.gif",media/e7b24cfb8ba232e62b052eb8.gif,saved,26094
"https://static-assets.artlogic.net/w_1600,h_1600,c_limit,f_auto,fl_lossy,q_auto/ws-pilevneli/usr/images/exhibitions/hero_image/items/b3/b317c084de204698aadfd2a2fc1bc34d/z-yerles-tirme-deneme-detay2-copy.gif",media/ffb706b78b2a45d3045d83a7.gif,saved,118160
"https://static-assets.artlogic.net/w_1600,h_1600,c_limit,f_auto,fl_lossy,q_auto/ws-pilevneli/usr/images/news/main_image/93/img_7539.jpeg",media/e84b5af1527c5165e43f22e3.jpeg,failed,"404 Client Error: Not Found for url: https://static-assets.artlogic.net/w_1600,h_1600,c_limit,f_auto,fl_lossy,q_auto/ws-pilevneli/usr/images/news/main_image/93/img_7539.jpeg"
"https://static-assets.artlogic.net/w_1600,h_1600,c_limit,f_auto,fl_lossy,q_auto/ws-pilevneli/usr/images/artworks/main_image/items/72/7233819659cf4f1a93ea9dcad2810713/4-refik-anadol.gif",media/9aec3c1dd42c36f74c0be0d2.gif,saved,73604
"https://static-assets.artlogic.net/w_1600,h_1600,c_limit,f_auto,fl_lossy,q_auto/ws-pilevneli/usr/library/images/main/publications/28/_10153.gif",media/ba3aa37440ab7bc434af2cc2.gif,saved,925322
"https://static-assets.artlogic.net/w_1600,h_1600,c_limit,f_auto,fl_lossy,q_auto/ws-pilevneli/usr/library/images/main/publications/28/_10151.gif",media/70431e707b05349026003b6c.gif,saved,779239
"https://static-assets.artlogic.net/w_1600,h_1600,c_limit,f_auto,fl_lossy,q_auto/ws-pilevneli/usr/images/publications/slideshow_data/4/kutsal-pazarl-k.gif",media/e38c3f95cdd84735b6be5074.gif,saved,69226
"https://static-assets.artlogic.net/w_1600,h_1600,c_limit,f_auto,fl_lossy,q_auto/ws-pilevneli/usr/images/publications/slideshow_data/4/kutsalpazarl-k2.gif",media/2ff0d96397dcb1d3c5277856.gif,saved,106100
"https://static-assets.artlogic.net/w_1600,h_1600,c_limit,f_auto,fl_lossy,q_auto/ws-pilevneli/usr/library/images/main/publications/12/_10150.gif",media/1d77fbdbd02b3f39853cbcce.gif,saved,610922
"https://static-assets.artlogic.net/w_1600,h_1600,c_limit,f_auto,fl_lossy,q_auto/ws-pilevneli/usr/images/publications/slideshow_data/12/fixingnature.gif",media/79caa73e0e80c50edeaa242e.gif,saved,74754
"https://static-assets.artlogic.net/w_1600,h_1600,c_limit,f_auto,fl_lossy,q_auto/ws-pilevneli/usr/images/exhibitions/hero_image/items/76/76b9a68cdf1b46ffbcac9ce549224f2e/undetectable-header-son.gif",media/9edd554ed9c22f51074ce511.gif,saved,57248
"https://static-assets.artlogic.net/w_1600,h_1600,c_limit,f_auto,fl_lossy,q_auto/ws-pilevneli/usr/images/exhibitions/main_image_override/40/20-50-4-.gif",media/88aa48df0675a016bbc27abd.gif,saved,195850
"https://static-assets.artlogic.net/w_1600,h_1600,c_limit,f_auto,fl_lossy,q_auto/ws-pilevneli/usr/images/exhibitions/hero_image/items/8c/8c4f3ebe05b8453e924f8bf321be2524/20-50-3-.gif",media/b623a7880671d610387b45af.gif,saved,74616
"https://static-assets.artlogic.net/w_1600,h_1600,c_limit,f_auto,fl_lossy,q_auto/ws-pilevneli/usr/images/exhibitions/hero_image/items/92/927785c45b56449a83c16e0395783a8e/tt089-image.jpg",media/b397929b89659cc34c8f003a.jpg,saved,242974
"https://static-assets.artlogic.net/w_1600,h_1600,c_limit,f_auto,fl_lossy,q_auto/ws-pilevneli/usr/images/artists/hero_image/items/17/17a0ca97901847469b6758616646bcbf/defne-tesal-header-son1.gif",media/32c097765fa5a67522ebfcef.gif,failed,"404 Client Error: Not Found for url: https://static-assets.artlogic.net/w_1600,h_1600,c_limit,f_auto,fl_lossy,q_auto/ws-pilevneli/usr/images/artists/hero_image/items/17/17a0ca97901"
"https://static-assets.artlogic.net/w_1600,h_1600,c_limit,f_auto,fl_lossy,q_auto/ws-pilevneli/usr/images/exhibitions/main_image_override/77/serkan.jpeg",media/534b8ac50359a772dc924f4e.jpeg,saved,432488
"https://static-assets.artlogic.net/w_1600,h_1600,c_limit,f_auto,fl_lossy,q_auto/ws-pilevneli/usr/images/exhibitions/hero_image/items/0c/0ca4c311dcb347d6bd9e688050e82e5c/serkan.jpeg",media/5a0c405e89aea5307064a706.jpeg,saved,432488
"https://static-assets.artlogic.net/w_1600,h_1600,c_limit,f_auto,fl_lossy,q_auto/ws-pilevneli/usr/images/exhibitions/hero_image_mobile/items/32/32576f6318d744f5b2e1bc7721033679/serkan.jpeg",media/cfccb245a9f9562d253fdfea.jpeg,saved,432488
"https://static-assets.artlogic.net/w_1600,h_1600,c_limit,f_auto,fl_lossy,q_auto/ws-pilevneli/usr/images/exhibitions/hero_image/items/a7/a70fe432fd584444abb5a38826c8095c/happy-header.gif",media/1a9d368718b53e5a5925e8f6.gif,saved,190354
"https://static-assets.artlogic.net/w_1600,h_1600,c_limit,f_auto,fl_lossy,q_auto/ws-pilevneli/usr/images/news/main_image/51/screenshot_20230201-120740-2.jpg",media/a07141a027b4e8a5974c221e.jpg,saved,14822
"https://static-assets.artlogic.net/w_1600,h_1600,c_limit,f_auto,fl_lossy,q_auto/ws-pilevneli/usr/library/images/main/pages/29/haf-za-tepesi.gif",media/978f0cc48559bd84eca7a8e6.gif,saved,899269
"https://static-assets.artlogic.net/w_1600,h_1600,c_limit,f_auto,fl_lossy,q_auto/ws-pilevneli/usr/library/images/main/pages/29/_rrr1976bbb.jpg",media/355ca5699584d89b10ca2867.jpg,failed,"404 Client Error: Not Found for url: https://static-assets.artlogic.net/w_1600,h_1600,c_limit,f_auto,fl_lossy,q_auto/ws-pilevneli/usr/library/images/main/pages/29/_rrr1976bbb.jpg"
"https://static-assets.artlogic.net/w_1600,h_1600,c_limit,f_auto,fl_lossy,q_auto/ws-pilevneli/usr/library/images/main/pages/29/paper-header-alt.gif",media/c6bf0fd702917a567de6787a.gif,saved,753291
"https://static-assets.artlogic.net/w_1600,h_1600,c_limit,f_auto,fl_lossy,q_auto/ws-pilevneli/usr/library/images/main/pages/29/unpromised-lands-header2.gif",media/e5feadcf10ad4d56e08bef6a.gif,saved,883050
"https://static-assets.artlogic.net/w_1600,h_1600,c_limit,f_auto,fl_lossy,q_auto/ws-pilevneli/usr/library/images/main/pages/29/21.gif",media/66b71ee4257c4370de76b5bc.gif,saved,1280959
"https://static-assets.artlogic.net/w_1600,h_1600,c_limit,f_auto,fl_lossy,q_auto/ws-pilevneli/usr/images/exhibitions/main_image_override/38/dsc00334.gif",media/d9b85cfbb17dae94cca3c601.gif,failed,"404 Client Error: Not Found for url: https://static-assets.artlogic.net/w_1600,h_1600,c_limit,f_auto,fl_lossy,q_auto/ws-pilevneli/usr/images/exhibitions/main_image_override/38/dsc0"
"https://static-assets.artlogic.net/w_1600,h_1600,c_limit,f_auto,fl_lossy,q_auto/ws-pilevneli/usr/images/news/main_image/93/img_7700.jpeg",media/d570ca7ff92f446c22048987.jpeg,saved,35094
"https://static-assets.artlogic.net/w_1600,h_1600,c_limit,f_auto,fl_lossy,q_auto/ws-pilevneli/usr/library/images/main/publications/13/_10142.gif",media/5792206615e01bbe31ed67b2.gif,saved,540799
"https://static-assets.artlogic.net/w_1600,h_1600,c_limit,f_auto,fl_lossy,q_auto/ws-pilevneli/usr/library/images/main/publications/13/_10141.gif",media/d04ce28ecbd90ce5c0587638.gif,saved,693526
"https://static-assets.artlogic.net/w_1600,h_1600,c_limit,f_auto,fl_lossy,q_auto/ws-pilevneli/usr/images/news/main_image/87/img_7011.jpeg",media/f827fac0b064d6c50e9adb52.jpeg,saved,245746
"https://static-assets.artlogic.net/w_1600,h_1600,c_limit,f_auto,fl_lossy,q_auto/ws-pilevneli/usr/images/news/main_image/28/ba-l-ks-z-1-kurtar-ld-.gif",media/53f6d358bcad8d7f1b5703b3.gif,saved,150828
"https://static-assets.artlogic.net/w_1600,h_1600,c_limit,f_auto,fl_lossy,q_auto/ws-pilevneli/usr/images/pages/mainImage/items/ac/acaabf4d9ec440ef9106a72576b5b3db/dolapdere_bina_hr_63_gif.gif",media/721368334a9840a9b54326f8.gif,saved,149710
"https://static-assets.artlogic.net/w_1600,h_1600,c_limit,f_auto,fl_lossy,q_auto/ws-pilevneli/usr/images/exhibitions/main_image_override/72/yalikavak-duvar-6.jpg",media/5b0a10c5ccad86fb4a1d414b.jpg,failed,"404 Client Error: Not Found for url: https://static-assets.artlogic.net/w_1600,h_1600,c_limit,f_auto,fl_lossy,q_auto/ws-pilevneli/usr/images/exhibitions/main_image_override/72/yali"
"https://static-assets.artlogic.net/w_1600,h_1600,c_limit,f_auto,fl_lossy,q_auto/ws-pilevneli/usr/images/exhibitions/hero_image/items/1d/1dd0b69fd81e4f5a9a0bcca1ef8bab96/yalikavak-duvar-6.jpg",media/be62c97fa5b6ce53b6f1d20c.jpg,saved,134108
"https://static-assets.artlogic.net/w_1600,h_1600,c_limit,f_auto,fl_lossy,q_auto/ws-pilevneli/usr/images/news/main_image/31/hopdb.gif",media/4cd2edf23a3a60e9f5f97601.gif,saved,163160
"https://static-assets.artlogic.net/w_1600,h_1600,c_limit,f_auto,fl_lossy,q_auto/ws-pilevneli/usr/images/exhibitions/home_page_image/items/a4/a4d7f63122e64ecb8ae1e493b15cbc34/the_dead_fly.jpeg",media/8b21a8b9d12091160fe740c7.jpeg,saved,422386
"https://static-assets.artlogic.net/w_1600,h_1600,c_limit,f_auto,fl_lossy,q_auto/ws-pilevneli/usr/images/exhibitions/home_page_mobile_image/items/6c/6c444950052245c48180629eb3593ae8/the_dead_fly.jpeg",media/f8eacf8b7213ba3d6235c2cb.jpeg,saved,422386
"https://static-assets.artlogic.net/w_1600,h_1600,c_limit,f_auto,fl_lossy,q_auto/ws-pilevneli/usr/images/exhibitions/home_page_image/items/b6/b61abe6345c74327ae6010da299b80b1/still-from-the-animation-film-mask-.jpeg",media/6ef5a86d259dd4db908653fc.jpeg,saved,29498
"https://static-assets.artlogic.net/w_1600,h_1600,c_limit,f_auto,fl_lossy,q_auto/ws-pilevneli/usr/images/exhibitions/home_page_mobile_image/items/16/16230733fb814a04abd1d304cf187e0f/still-from-the-animation-film-mask-.jpeg",media/cbcda24e7b8edbed776d55a6.jpeg,saved,29498
"https://static-assets.artlogic.net/w_1600,h_1600,c_limit,f_auto,fl_lossy,q_auto/ws-pilevneli/usr/images/exhibitions/hero_image/items/9c/9cb79eae435a45a698a373025375f9e2/wim1.jpg",media/36bc31278006cb2952e6e3ed.jpg,saved,245040
"https://static-assets.artlogic.net/w_1600,h_1600,c_limit,f_auto,fl_lossy,q_auto/ws-pilevneli/usr/images/events/main_image/items/40/4093826be40443a1a148a76fb6ad39d9/pmic0877.jpg",media/abded1b490678fcab588e9d8.jpg,saved,286588
"https://static-assets.artlogic.net/w_1600,h_1600,c_limit,f_auto,fl_lossy,q_auto/ws-pilevneli/usr/exhibitions/images/events/31/94cd702d-04bc-4e0a-8fcb-7e674dbe0202.jpg",media/c43406706315963708157c03.jpg,saved,194706
"https://static-assets.artlogic.net/w_1600,h_1600,c_limit,f_auto,fl_lossy,q_auto/ws-pilevneli/usr/exhibitions/images/events/31/5b8fd433-dcd6-41d6-aa81-40fa9b47f6bb.jpg",media/4f69ee61bdc3c39daf81b882.jpg,saved,79122
"https://static-assets.artlogic.net/w_1600,h_1600,c_limit,f_auto,fl_lossy,q_auto/ws-pilevneli/usr/exhibitions/images/events/31/296ad63d-6bfc-4700-882d-254411ab38f7-2.jpg",media/de17933efacccf07c373867a.jpg,saved,108740
"https://static-assets.artlogic.net/w_1600,h_1600,c_limit,f_auto,fl_lossy,q_auto/ws-pilevneli/usr/exhibitions/images/events/31/a1003653-4c7c-4b1d-b944-1cdf1105a9af-2.jpg",media/4367c9fcb71c3be964deff3c.jpg,saved,101434
"https://static-assets.artlogic.net/w_1600,h_1600,c_limit,f_auto,fl_lossy,q_auto/ws-pilevneli/usr/exhibitions/images/events/31/c192fae0-20ea-418f-aa39-da3fd9d68bcb.jpg",media/4c29ff8fcaf5dfe2dcf1dd65.jpg,saved,98804
"https://static-assets.artlogic.net/w_1600,h_1600,c_limit,f_auto,fl_lossy,q_auto/ws-pilevneli/usr/exhibitions/images/events/31/a5a664b4-2b2a-4ed0-8501-62c6f4c3c1b1.jpg",media/b8ad5c002a10508a513e60c3.jpg,saved,136768
"https://static-assets.artlogic.net/w_1600,h_1600,c_limit,f_auto,fl_lossy,q_auto/ws-pilevneli/usr/exhibitions/images/events/31/0b0c96c5-3466-4b6d-99cc-51e2a9d014a9.jpg",media/8dc3fff16e698fe25b4f38a1.jpg,saved,67512
"https://static-assets.artlogic.net/w_1600,h_1600,c_limit,f_auto,fl_lossy,q_auto/ws-pilevneli/usr/exhibitions/images/events/31/4abbd403-0836-4fda-9b21-9c753d136ee0.jpg",media/fda57b2925e599c650650cfd.jpg,saved,130626
"https://static-assets.artlogic.net/w_1600,h_1600,c_limit,f_auto,fl_lossy,q_auto/ws-pilevneli/usr/exhibitions/images/events/31/026e20da-07ff-4cc9-a4a5-5e7c58cce439.jpg",media/18d9aa1f47af1b1cca514909.jpg,saved,250816
"https://static-assets.artlogic.net/w_1600,h_1600,c_limit,f_auto,fl_lossy,q_auto/ws-pilevneli/usr/exhibitions/images/events/31/355c4354-5c7f-4331-a5b6-a3a553757a98.jpg",media/74895144ab939960240f0c79.jpg,saved,300424
"https://static-assets.artlogic.net/w_1600,h_1600,c_limit,f_auto,fl_lossy,q_auto/ws-pilevneli/usr/exhibitions/images/events/31/b34a21a9-de93-45df-8218-d990ca35e83a.jpg",media/89003296b531816ecafa43b7.jpg,saved,304380
"https://static-assets.artlogic.net/w_1600,h_1600,c_limit,f_auto,fl_lossy,q_auto/ws-pilevneli/usr/images/news/main_image/7/ba-l-ks-z-1.gif",media/8f93fb9241d756138b9c3887.gif,saved,72128
"https://static-assets.artlogic.net/w_1600,h_1600,c_limit,f_auto,fl_lossy,q_auto/ws-pilevneli/usr/images/exhibitions/hero_image/items/d8/d8596744fa5e45eea0a8a7ba3079f869/jm_fernando_chair_001.jpg",media/46ec221b1b6238ae64d7acf5.jpg,saved,54100
"https://static-assets.artlogic.net/w_1600,h_1600,c_limit,f_auto,fl_lossy,q_auto/ws-pilevneli/usr/images/artists/hero_image/items/d0/d0216218c24146faada147be90cf1057/headerbackground.gif",media/ff7d45992b1841dca8e42b3e.gif,failed,"404 Client Error: Not Found for url: https://static-assets.artlogic.net/w_1600,h_1600,c_limit,f_auto,fl_lossy,q_auto/ws-pilevneli/usr/images/artists/hero_image/items/d0/d0216218c24"
"https://static-assets.artlogic.net/w_1600,h_1600,c_limit,f_auto,fl_lossy,q_auto/ws-pilevneli/usr/images/exhibitions/hero_image/items/1b/1b45a17f9fe94fd4bd657768ce79028e/et_lotus-header.gif",media/5bacf5ac2dcca54eeb78c0fd.gif,saved,45634
"https://static-assets.artlogic.net/w_1600,h_1600,c_limit,f_auto,fl_lossy,q_auto/ws-pilevneli/usr/images/exhibitions/main_image_override/40/ba-l-ks-z-1.gif",media/6e6124d48c4a54bb22790fbc.gif,saved,56242
"https://static-assets.artlogic.net/w_1600,h_1600,c_limit,f_auto,fl_lossy,q_auto/ws-pilevneli/usr/images/exhibitions/hero_image/items/fe/fe4c9586541d4575806f03f0592f2632/20-50-moca-tokyo-jpggid.gif",media/41e964d1b3a0e9773a676f90.gif,saved,36642
"https://static-assets.artlogic.net/w_1600,h_1600,c_limit,f_auto,fl_lossy,q_auto/ws-pilevneli/usr/images/artists/hero_image/items/3b/3b43c52d32144e74aa1626a255041c39/2-hans-op-de-beeck.jpg",media/502def751b94a18caace4bd6.jpg,saved,71948
"https://static-assets.artlogic.net/w_1600,h_1600,c_limit,f_auto,fl_lossy,q_auto/ws-pilevneli/usr/library/images/main/publications/20/_10137.gif",media/1e1f09af0f0bc383df474a9f.gif,saved,769312
"https://static-assets.artlogic.net/w_1600,h_1600,c_limit,f_auto,fl_lossy,q_auto/artlogicstorage/pilevneligallery/images/view/47a8000f2f9dfb041795231a45cf87f9j/p-levnel-mentalklinik-amari-2014.jpg",media/7518e964c8e658a708de8a60.jpg,saved,45926
"https://static-assets.artlogic.net/w_1600,h_1600,c_limit,f_auto,fl_lossy,q_auto/ws-pilevneli/usr/images/exhibitions/hero_image/items/eb/eb133d31fc784f42a42e2d6731a82d66/engram-08-header2.gif",media/f5fea6a3028388baa4766b60.gif,saved,74242
"https://static-assets.artlogic.net/w_1600,h_1600,c_limit,f_auto,fl_lossy,q_auto/artlogicstorage/pilevneligallery/images/view/330c72d251b022ab40f4b8b801ca9cadj/pilevneli-mehmet-kazim-lion-milk-in-the-womb-lovebirds-inseperable-part-1-2020.jpg",media/b40ca1948d49dfe01236cbda.jpg,saved,47492
"https://static-assets.artlogic.net/w_1600,h_1600,c_limit,f_auto,fl_lossy,q_auto/ws-pilevneli/usr/images/publications/main_image/34/kapak1_final_gri._1.jpg",media/e5e62bbae93367c75d7fd292.jpg,saved,124060
"https://static-assets.artlogic.net/w_1600,h_1600,c_limit,f_auto,fl_lossy,q_auto/ws-pilevneli/usr/library/images/main/publications/34/kapak3_final.jpg",media/0faabbb8b44b689457fc5628.jpg,saved,84984
"https://static-assets.artlogic.net/w_1600,h_1600,c_limit,f_auto,fl_lossy,q_auto/ws-pilevneli/usr/library/images/main/publications/34/kapak2_final.jpg",media/a46ec88ba434d07555b39219.jpg,saved,107302
"https://static-assets.artlogic.net/w_1600,h_1600,c_limit,f_auto,fl_lossy,q_auto/ws-pilevneli/usr/images/exhibitions/hero_image/items/a8/a8c0ac526163485a97d2000018333f77/img_3516.jpg",media/b8dca5de24b56c2dd4838c60.jpg,saved,50366
"https://static-assets.artlogic.net/w_1600,h_1600,c_limit,f_auto,fl_lossy,q_auto/ws-pilevneli/usr/images/artists/hero_image/items/01/019b3ad8bc154ba899245a9c658552cf/screen-shot-2023-03-16-at-12.36.27-pm.png",media/5b1dc0eaeffc0b6946650035.png,saved,88226
"https://static-assets.artlogic.net/w_1600,h_1600,c_limit,f_auto,fl_lossy,q_auto/artlogicstorage/pilevneligallery/images/view/3b930553235a6c56e3b867fdd638a244g/pilevneli-daniel-firman-wrong-2018.gif",media/bb63a8ae8d8ba1dbcd541dda.gif,saved,212412
"https://static-assets.artlogic.net/w_1600,h_1600,c_limit,f_auto,fl_lossy,q_auto/ws-pilevneli/usr/images/news/main_image/139/2a20d24e-c405-49a2-b655-d5f80982f50a.jpg",media/9879c3fe5a0c6a3ea3a0dc4c.jpg,saved,173406
"https://static-assets.artlogic.net/w_1600,h_1600,c_limit,f_auto,fl_lossy,q_auto/artlogicstorage/pilevneligallery/images/view/204cf9491b83fa70da9cf7519ec732ecp/p-levnel-johan-creten-observation-point-n-138-2019.png",media/6de81502e5d7110db9bfecf5.png,saved,33418
"https://static-assets.artlogic.net/w_1600,h_1600,c_limit,f_auto,fl_lossy,q_auto/ws-pilevneli/usr/images/exhibitions/hero_image/items/74/748d10b32d1547ea8691d0aab1b8d9b2/ba_-alk-s-applause-_dsc1498.jpg",media/7632717256bb015f123b7306.jpg,saved,34808
"https://static-assets.artlogic.net/w_1600,h_1600,c_limit,f_auto,fl_lossy,q_auto/ws-pilevneli/usr/images/artists/hero_image/items/c6/c6822516c98f46999de7b170d12fef7d/d1-052-hq.jpg",media/e4692fdb0b7e19cfc8def716.jpg,failed,"404 Client Error: Not Found for url: https://static-assets.artlogic.net/w_1600,h_1600,c_limit,f_auto,fl_lossy,q_auto/ws-pilevneli/usr/images/artists/hero_image/items/c6/c6822516c98"
"https://static-assets.artlogic.net/w_1600,h_1600,c_limit,f_auto,fl_lossy,q_auto/artlogicstorage/pilevneligallery/images/view/f0c610c363827c8e1963de8d83ff7e65j/p-levnel-johan-creten-gulden-snede-god-2020.jpg",media/53909c7625944a5a2f0a7abc.jpg,saved,154200
"https://static-assets.artlogic.net/w_1600,h_1600,c_limit,f_auto,fl_lossy,q_auto/ws-pilevneli/usr/library/images/main/publications/21/_10154.gif",media/15d1967d6c00500c9954eecf.gif,saved,814399
"https://static-assets.artlogic.net/w_1600,h_1600,c_limit,f_auto,fl_lossy,q_auto/ws-pilevneli/usr/library/images/main/publications/21/_10155.gif",media/e776c09d3d4b22bdc3c63d58.gif,saved,1011827
"https://static-assets.artlogic.net/w_1600,h_1600,c_limit,f_auto,fl_lossy,q_auto/ws-pilevneli/usr/library/images/main/publications/21/_10157.gif",media/7fc0ebe3441d9d6da87776e8.gif,saved,873449
"https://static-assets.artlogic.net/w_1600,h_1600,c_limit,f_auto,fl_lossy,q_auto/artlogicstorage/pilevneligallery/images/view/4480c31249f5f5b3c39f8317e56ecc95g/p-levnel-ener-zmen-the-flag-2010.gif",media/737b3b96575e86b79bbbf779.gif,saved,71070
"https://static-assets.artlogic.net/w_1600,h_1600,c_limit,f_auto,fl_lossy,q_auto/ws-pilevneli/usr/images/news/main_image/11/sanathaftalari.jpg",media/0c5a92aa652e70a230daca4b.jpg,saved,80716
"https://static-assets.artlogic.net/w_1600,h_1600,c_limit,f_auto,fl_lossy,q_auto/ws-pilevneli/usr/library/images/main/publications/27/_10133.gif",media/009e29a070ea222bd60221a8.gif,saved,731035
"https://static-assets.artlogic.net/w_1600,h_1600,c_limit,f_auto,fl_lossy,q_auto/ws-pilevneli/usr/library/images/main/publications/27/_10132.gif",media/16fdc949942b135d5844b083.gif,saved,732499
"https://static-assets.artlogic.net/w_1600,h_1600,c_limit,f_auto,fl_lossy,q_auto/ws-pilevneli/usr/images/exhibitions/hero_image/items/0e/0e39f29a6fbf484f964fb64f7675bcfa/header-hans.gif",media/03783fa068b717d3e9f6a85f.gif,saved,55810
"https://static-assets.artlogic.net/w_1600,h_1600,c_limit,f_auto,fl_lossy,q_auto/ws-pilevneli/usr/images/exhibitions/hero_image/items/74/7439767ca01a46c68b546d89f6d88322/the-raft-03.jpg",media/335824c3daa82487afc2d68b.jpg,saved,56726
"https://static-assets.artlogic.net/w_1600,h_1600,c_limit,f_auto,fl_lossy,q_auto/ws-pilevneli/usr/images/exhibitions/hero_image/items/bc/bcd921678a9f41e3af5358c35c50ae50/charkoal-29x42cm-3-1-.jpg",media/acc4fc06c9f0ad8d11731c6d.jpg,saved,617060
"https://static-assets.artlogic.net/w_1600,h_1600,c_limit,f_auto,fl_lossy,q_auto/ws-pilevneli/usr/images/exhibitions/main_image_override/50/memory_ch_gif.gif",media/628a3fe10e4314f573e7de14.gif,failed,"404 Client Error: Not Found for url: https://static-assets.artlogic.net/w_1600,h_1600,c_limit,f_auto,fl_lossy,q_auto/ws-pilevneli/usr/images/exhibitions/main_image_override/50/memo"
"https://static-assets.artlogic.net/w_1600,h_1600,c_limit,f_auto,fl_lossy,q_auto/ws-pilevneli/usr/images/exhibitions/hero_image/items/00/00e03c07bc644f01aceaec531d705d9b/replicator-2023-oil-on-canvas-121-cm-.jpeg",media/f3defbce2cbf9c9ff6b31bc0.jpeg,saved,140284
"https://static-assets.artlogic.net/w_1600,h_1600,c_limit,f_auto,fl_lossy,q_auto/ws-pilevneli/usr/images/exhibitions/hero_image/items/e2/e2843c66cf0a43dfbc00f7a456ec9501/can-dagarslani.jpg",media/7847f7a8f87f338417f1d191.jpg,failed,"404 Client Error: Not Found for url: https://static-assets.artlogic.net/w_1600,h_1600,c_limit,f_auto,fl_lossy,q_auto/ws-pilevneli/usr/images/exhibitions/hero_image/items/e2/e2843c6"
"https://static-assets.artlogic.net/w_1600,h_1600,c_limit,f_auto,fl_lossy,q_auto/ws-pilevneli/usr/library/images/main/pages/20/pilevneli-3.jpg",media/406510f09b9298cb4a4bc470.jpg,saved,152530
"https://static-assets.artlogic.net/w_1600,h_1600,c_limit,f_auto,fl_lossy,q_auto/ws-pilevneli/lib/archimedes/images/placeholders/222222-1600x1200c.jpg",media/a07008f34d99bfb5a086f1c7.jpg,saved,3476
"https://static-assets.artlogic.net/w_1600,h_1600,c_limit,f_auto,fl_lossy,q_auto/ws-pilevneli/usr/images/news/main_image/5/ra_news.gif",media/35fdee85a9bf6b175fe8b754.gif,saved,439636
"https://static-assets.artlogic.net/w_1600,h_1600,c_limit,f_auto,fl_lossy,q_auto/artlogicstorage/pilevneligallery/images/view/f675446da6dc565e39adf3ee6b53bf78g/pilevneli-tarik-t-re-i-am-with-you-everywhere-2022.gif",media/ef3583a337404bdb32aeb11c.gif,saved,463065
"https://static-assets.artlogic.net/w_1600,h_1600,c_limit,f_auto,fl_lossy,q_auto/ws-pilevneli/usr/images/artists/hero_image/items/66/66a5f20f59f34538b95fb335a57bd5b9/venice1.jpg",media/c7d66aa05c221b36ac38c28a.jpg,failed,"404 Client Error: Not Found for url: https://static-assets.artlogic.net/w_1600,h_1600,c_limit,f_auto,fl_lossy,q_auto/ws-pilevneli/usr/images/artists/hero_image/items/66/66a5f20f59f"
"https://static-assets.artlogic.net/w_1600,h_1600,c_limit,f_auto,fl_lossy,q_auto/ws-pilevneli/usr/images/publications/slideshow_data/9/art.gif",media/8c0e0566bdc789581a71d08f.gif,failed,"404 Client Error: Not Found for url: https://static-assets.artlogic.net/w_1600,h_1600,c_limit,f_auto,fl_lossy,q_auto/ws-pilevneli/usr/images/publications/slideshow_data/9/art.gif"
"https://static-assets.artlogic.net/w_1600,h_1600,c_limit,f_auto,fl_lossy,q_auto/ws-pilevneli/usr/library/images/main/publications/9/_10124.gif",media/3a0d106d3de04c170b6cd0bf.gif,saved,792353
"https://static-assets.artlogic.net/w_1600,h_1600,c_limit,f_auto,fl_lossy,q_auto/ws-pilevneli/usr/images/exhibitions/hero_image/items/72/72fc6ee6ca24413d80aaf8803ff51881/ra052-image.jpg",media/26ad29ea756d3f98687ccbc0.jpg,saved,69060
"https://static-assets.artlogic.net/w_1600,h_1600,c_limit,f_auto,fl_lossy,q_auto/ws-pilevneli/usr/images/exhibitions/hero_image_mobile/items/6a/6a2cee304a2a4ebba45a4ce88f2b6ac3/ra052-image.jpg",media/b3e746e5470202327db112b9.jpg,saved,69060
"https://static-assets.artlogic.net/w_1600,h_1600,c_limit,f_auto,fl_lossy,q_auto/ws-pilevneli/usr/library/images/main/publications/26/_10158.gif",media/7579bff2d96749f609146660.gif,saved,576823
"https://static-assets.artlogic.net/w_1600,h_1600,c_limit,f_auto,fl_lossy,q_auto/ws-pilevneli/usr/library/images/main/publications/26/_10159.gif",media/4ca7a0ed418fb238a4b1deb3.gif,saved,525176
"https://static-assets.artlogic.net/w_1600,h_1600,c_limit,f_auto,fl_lossy,q_auto/artlogicstorage/pilevneligallery/images/view/27a2a858d9830fa499965fa787252e00j/pilevneli-esra-g-lmen-overthinking-2019.jpg",media/2f82b75c05e1053653a18a74.jpg,saved,83312
"https://static-assets.artlogic.net/w_1600,h_1600,c_limit,f_auto,fl_lossy,q_auto/artlogicstorage/pilevneligallery/images/view/d74091cf469029ddba5d29c0e81023eag/pilevneli-bora-akincit-rk-only-in-my-dreams-2019.gif",media/7e82e36a21540b8178819c8f.gif,saved,202018
